scenario,dimension,n,replication,method,alpha,support,raw_support,support_resolution,kkt_gap,converged,runtime_seconds,iterations,weight_max_deviation,weight_rms_deviation,ordinary_loglik_gap,ordinary_loglik_gap_raw,logfit_sq_sum,logfit_rmse,hellinger_to_ordinary,hellinger_to_truth,wasserstein_to_ordinary
three_point_1d,1,200,3,Ordinary,inf,3.0,3.0,0.01,5.6884144061797315e-09,1.0,0.1003913229999398,38.0,0.0,0.0,0.0,0.0,0.0,0.0,0.0,0.01246686133315309,0.0
three_point_1d,1,200,3,RR-balanced,44.90816739296055,3.0,3.0,0.01,9.746521367759442e-10,1.0,0.06565231499985202,27.0,0.46687879709868474,0.14588093359536913,0.008877045317319698,0.008877045317319698,0.0171647057877782,0.009264098927520744,2.210425317344003e-05,0.012353376185548489,0.012984867332601284
three_point_1d,1,200,3,RR-tiny,8000000.0,3.0,3.0,0.01,2.4841462220592803e-11,1.0,0.007690064999906099,10.0,0.0009131267408981625,0.0003162025020164254,2.9394453804343357e-07,2.9394453804343357e-07,5.689388242576839e-07,5.3335674002382494e-05,7.236994011648497e-10,0.012467828438237457,0.00020122551034151725
three_point_1d,1,200,3,BB,1.0,4.0,4.0,0.01,1.1604063265835407e-08,1.0,0.09451285900013318,77.0,4.293463124307872,0.9931935955301052,2.971983829045996,2.971983829045996,5.829582024182349,0.17072759039157012,0.007322426674774571,0.015382517028701675,0.4324866901470064
three_point_1d,1,200,2,Ordinary,inf,4.0,4.0,0.01,1.1381567244228563e-08,1.0,0.11010093999993842,41.0,0.0,0.0,0.0,0.0,0.0,0.0,0.0,0.008082211116925137,0.0
three_point_1d,1,200,2,RR-balanced,44.90816739296055,4.0,4.0,0.01,2.8340628066558793e-08,1.0,0.07478983900000458,33.0,0.45146811695723543,0.1431499982577508,0.09230603222374612,0.09230603222374612,0.18239099493197045,0.03019859226288292,0.00022436317137770103,0.00639723122559792,0.07475638068644205
three_point_1d,1,200,2,RR-tiny,8000000.0,4.0,4.0,0.01,7.935221191246455e-08,1.0,0.008812033999902269,14.0,0.0010234887113957924,0.0003522953931920842,7.571716196252964e-07,7.571716196252964e-07,1.499340886015741e-06,8.65835113060143e-05,1.834131620666039e-09,0.008081189316657541,0.00020589671005173985
three_point_1d,1,200,2,BB,1.0,5.0,5.0,0.01,4.909256112739513e-09,1.0,0.1136630650000825,104.0,5.818288036263701,1.0642351916299313,5.083041865413634,5.083041865413634,8.956139794527225,0.21161450558181527,0.011997466979516733,0.013879908625373088,0.8657348699033569
three_point_1d,1,200,1,Ordinary,inf,4.0,4.0,0.01,1.8582001715117258e-08,1.0,0.16148803599980965,63.0,0.0,0.0,0.0,0.0,0.0,0.0,0.0,0.00304116669130734,0.0
three_point_1d,1,200,1,RR-balanced,44.90816739296055,4.0,4.0,0.01,5.023190752240225e-09,1.0,0.07062767999991593,32.0,0.38477227452900853,0.14876895388033745,0.051468369302199335,0.051468369302199335,0.09935216220333273,0.02228813161789619,0.00012236556637254225,0.0027879394614006552,0.050913160278846833
three_point_1d,1,200,1,RR-tiny,8000000.0,4.0,4.0,0.01,1.420029205334572e-09,1.0,0.009598967999863817,21.0,0.001061172414281164,0.0003656630513525103,4.4573516788659617e-07,4.4573516788659617e-07,8.173418668716325e-07,6.392737546902862e-05,1.0612153207267317e-09,0.003039453712668498,0.00022618302435759946
three_point_1d,1,200,1,BB,1.0,4.0,4.0,0.01,1.3669954057604627e-10,1.0,0.10917896199998722,56.0,4.751561371647729,0.9331469859495464,2.0494870541676278,2.0494870541676278,4.1118451862099255,0.14338488738723348,0.004745133412122049,0.009301420849261985,0.3714185415529096
three_point_1d,1,200,0,Ordinary,inf,5.0,5.0,0.01,4.4408055011047054e-10,1.0,0.14292162900005678,138.0,0.0,0.0,0.0,0.0,0.0,0.0,0.0,0.01073418494458684,0.0
three_point_1d,1,200,0,RR-balanced,44.90816739296055,5.0,5.0,0.01,3.257353942132113e-09,1.0,0.14244276899989927,104.0,0.6508455421802863,0.14372657131793024,0.054334766202771334,0.054334766202771334,0.0845127960727307,0.020556361068137848,0.0001356557966942635,0.009743536507291806,0.11985260898578345
three_point_1d,1,200,0,RR-tiny,8000000.0,5.0,5.0,0.01,3.2248874681783946e-09,1.0,0.01085446100023546,30.0,0.0009177732347808165,0.00035103137481179653,3.6590233776223613e-07,3.6590233776223613e-07,7.05851797602815e-07,5.9407566757224406e-05,9.098043680833316e-10,0.010730756999288079,0.00012698179696336054
three_point_1d,1,200,0,BB,1.0,4.0,4.0,0.01,4.7404360437042214e-09,1.0,0.12410301699992488,75.0,4.334619986472973,1.0522363200408327,2.5921522863965265,2.5921522863965265,4.481104676074324,0.149684746652328,0.006087683281176501,0.014850327708226772,0.6823854254451254
three_point_1d,1,200,5,Ordinary,inf,4.0,4.0,0.01,1.0401630223810798e-08,1.0,0.10516306199997416,43.0,0.0,0.0,0.0,0.0,0.0,0.0,0.0,0.01014367905349511,0.0
three_point_1d,1,200,5,RR-balanced,44.90816739296055,4.0,4.0,0.01,1.2579400410217545e-08,1.0,0.053202811999881305,29.0,0.4973487139000057,0.16293958254721422,0.11882250548870843,0.11882250548870843,0.2340995643117548,0.03421253895224343,0.00027927090395364547,0.010232177946912165,0.06552958080016989
three_point_1d,1,200,5,RR-tiny,8000000.0,4.0,4.0,0.01,2.469311599639923e-08,1.0,0.008229206999885719,17.0,0.0011027734320003812,0.000358810704156926,3.433374331507366e-07,3.433374331507366e-07,6.099450370793785e-07,5.522431697537682e-05,6.392411588635363e-10,0.010142271385521718,0.00012979210295699023
three_point_1d,1,200,5,BB,1.0,4.0,4.0,0.01,2.3581709029940612e-08,1.0,0.059395380000069053,34.0,4.66995037489417,0.9307932339835642,2.466492457296056,2.466492457296056,4.8811239711638255,0.1562229812025719,0.005616862570427132,0.01677710172809658,0.2191753552241977
three_point_1d,1,200,6,Ordinary,inf,3.0,3.0,0.01,4.678465170826485e-09,1.0,0.08639978699989115,39.0,0.0,0.0,0.0,0.0,0.0,0.0,0.0,0.006969378279154346,0.0
three_point_1d,1,200,6,RR-balanced,44.90816739296055,3.0,3.0,0.01,2.139846078108576e-10,1.0,0.06092939100017247,29.0,0.6649017367088341,0.14996371261910324,0.03162964496306131,0.03162964496306131,0.05706401769318316,0.016891420557961244,7.87084976425005e-05,0.007083180534535271,0.026760598491187063
three_point_1d,1,200,6,RR-tiny,8000000.0,3.0,3.0,0.01,7.747900099275284e-10,1.0,0.007967981999854601,10.0,0.0009675016875906328,0.0003542242877927146,2.085923256345268e-07,2.085923256345268e-07,3.7585586050924356e-07,4.3350655157058674e-05,4.5270236304153873e-10,0.006967382962349219,0.000161003409335476
three_point_1d,1,200,6,BB,1.0,3.0,3.0,0.01,2.8747131342043986e-09,1.0,0.07311274299991055,31.0,3.9221947781587234,0.9541675292658744,2.9428790613970364,2.9428790613970364,6.005131875229171,0.17327913716355428,0.007079513054050062,0.013186211506963034,0.2979016627743712
three_point_1d,1,200,4,Ordinary,inf,4.0,4.0,0.01,9.089476060708535e-09,1.0,0.1252153380000891,52.0,0.0,0.0,0.0,0.0,0.0,0.0,0.0,0.003861872528840211,0.0
three_point_1d,1,200,4,RR-balanced,44.90816739296055,4.0,4.0,0.01,2.33833663543237e-09,1.0,0.09838071500007572,40.0,0.4522256262433011,0.14292524227531406,0.12387429161196906,0.12387429161196906,0.2088721216556519,0.032316568634034454,0.0002906099593738879,0.004401972715631612,0.1347725262277973
three_point_1d,1,200,4,RR-tiny,8000000.0,4.0,4.0,0.01,3.9353745595605005e-08,1.0,0.00809564499991211,11.0,0.0011086317999988715,0.00036967301737441706,2.1955963802611222e-07,2.1955963802611222e-07,3.599219266189445e-07,4.2421806103638754e-05,4.3934570763904564e-10,0.0038604381091853998,0.00025235561183208863
three_point_1d,1,200,4,BB,1.0,4.0,4.0,0.01,2.1506325387221636e-08,1.0,0.10296428900005594,51.0,3.419273757082075,0.9953408329765602,3.2770155754969323,3.2770155754969323,5.233078518325685,0.1617572025958301,0.006721272559463595,0.005566155683022277,0.8696677225002708
three_point_1d,1,200,7,Ordinary,inf,4.0,4.0,0.01,1.0613472323228734e-09,1.0,0.10081664399990586,51.0,0.0,0.0,0.0,0.0,0.0,0.0,0.0,0.00354081550617664,0.0
three_point_1d,1,200,7,RR-balanced,44.90816739296055,4.0,4.0,0.01,1.4881191390259119e-08,1.0,0.07284962599987921,37.0,0.50217096619776,0.13733257420456596,0.02854442342800212,0.02854442342800212,0.05509834905928606,0.016597944008112278,6.5823530476056e-05,0.0029985319255758382,0.04621457649108819
three_point_1d,1,200,7,RR-tiny,8000000.0,4.0,4.0,0.01,6.86799883631295e-09,1.0,0.008648367999967377,17.0,0.0009659131541710497,0.0003597633568188407,4.078034976373601e-07,4.078034976373601e-07,8.118632319076863e-07,6.371276292500924e-05,9.938957524712134e-10,0.003542319287987013,0.00015597531783332995
three_point_1d,1,200,7,BB,1.0,4.0,4.0,0.01,1.1428544777203342e-09,1.0,0.13017405799996595,45.0,3.7785421714159426,0.95147876230668,1.5714518590754096,1.5714518590754096,1.715380720120439,0.09261157379400371,0.0021512851296045443,0.005236618606674868,0.6407107643156981
three_point_1d,1,200,8,Ordinary,inf,3.0,3.0,0.01,7.502243271062525e-10,1.0,0.08498233200020877,37.0,0.0,0.0,0.0,0.0,0.0,0.0,0.0,0.009394090210957398,0.0
three_point_1d,1,200,8,RR-balanced,44.90816739296055,3.0,3.0,0.01,6.420277198770918e-09,1.0,0.062241287000006196,27.0,0.4940833250130008,0.14621445840965092,0.033171247079792465,0.033171247079792465,0.05948153403016832,0.01724551159434946,8.237192794996017e-05,0.010693647694415321,0.02752322706463106
three_point_1d,1,200,8,RR-tiny,8000000.0,3.0,3.0,0.01,4.917450890928876e-10,1.0,0.008124789000021337,10.0,0.001042633375525348,0.0003514009605213344,2.2793813059251988e-08,2.2793813059251988e-08,3.718833477335187e-08,1.3636043189531168e-05,5.761256623849617e-11,0.009393169663166494,1.9687652945897925e-05
three_point_1d,1,200,8,BB,1.0,3.0,3.0,0.01,6.502743676861655e-09,1.0,0.0977340809999987,31.0,6.965324613432434,1.0760570194177754,4.741535847546402,4.741535847546402,8.655177642701847,0.20802857547344122,0.010567641075339168,0.016945831943144106,0.47848583422974933
three_point_1d,1,200,10,Ordinary,inf,3.0,3.0,0.01,3.484650346052831e-10,1.0,0.10329420699986258,42.0,0.0,0.0,0.0,0.0,0.0,0.0,0.0,0.002903839469460382,0.0
three_point_1d,1,200,10,RR-balanced,44.90816739296055,3.0,3.0,0.01,3.0613973578397236e-09,1.0,0.044849188999933176,23.0,0.4171789119243694,0.1418108161667253,0.014807435261673163,0.014807435261673163,0.027902067984741315,0.011811449526781486,3.4600581021593035e-05,0.0026830251762692417,0.027784209263782448
three_point_1d,1,200,10,RR-tiny,8000000.0,3.0,3.0,0.01,3.668061410166956e-10,1.0,0.008843911999747434,11.0,0.0009509355773792416,0.00035044355509744764,2.936855594271037e-07,2.936855594271037e-07,5.604800816414734e-07,5.293770308775558e-05,7.370507117561148e-10,0.002905599931980795,8.185207109806872e-05
three_point_1d,1,200,10,BB,1.0,3.0,3.0,0.01,2.005731136733857e-10,1.0,0.10923517500009439,32.0,3.880391313965771,0.9526188250274443,1.9535029894023523,1.9535029894023523,3.1420396992584405,0.12534033068526748,0.00486178716907619,0.005639463029292165,0.21769874303964096
three_point_1d,1,200,9,Ordinary,inf,4.0,4.0,0.01,9.478160256648493e-09,1.0,0.10231802699991022,46.0,0.0,0.0,0.0,0.0,0.0,0.0,0.0,0.006420742511640092,0.0
three_point_1d,1,200,9,RR-balanced,44.90816739296055,4.0,4.0,0.01,6.6442207291572686e-09,1.0,0.08223764699982894,34.0,0.5471460248593836,0.15167023327856247,0.06948986941893054,0.06948986941893054,0.1342974547204519,0.02591307148144078,0.00017355988143661537,0.007189593655681124,0.05025570815175698
three_point_1d,1,200,9,RR-tiny,8000000.0,4.0,4.0,0.01,7.120102951674312e-09,1.0,0.009159416999864334,17.0,0.001067565203874743,0.0003125460341039849,1.3369788121053716e-07,1.3369788121053716e-07,2.2258502023448363e-07,3.3360532087669375e-05,3.283093962688609e-10,0.006419531173653678,0.00017937228816875214
three_point_1d,1,200,9,BB,1.0,4.0,4.0,0.01,1.550614592282784e-08,1.0,0.11570595800003503,53.0,4.201856988599178,0.9385262811745022,0.5834862450710716,0.5834862450710716,1.09598976832089,0.07402667655382382,0.001540546980348687,0.009406266973017649,0.14575835876651394
three_point_1d,1,200,11,Ordinary,inf,3.0,3.0,0.01,6.0852285432844155e-09,1.0,0.09431537200021012,39.0,0.0,0.0,0.0,0.0,0.0,0.0,0.0,0.004293729587421977,0.0
three_point_1d,1,200,11,RR-balanced,44.90816739296055,3.0,3.0,0.01,2.5348751986342677e-09,1.0,0.06941480299997238,37.0,0.407471316464212,0.1456421489794221,0.07349467730665538,0.07349467730665538,0.14193521409556875,0.026639746066316843,0.00017730405229466652,0.004774574280440188,0.07427105377424842
three_point_1d,1,200,11,RR-tiny,8000000.0,3.0,3.0,0.01,2.022616740759986e-09,1.0,0.008408137000287752,10.0,0.0014973817047210236,0.00037759419086686797,8.318818345287582e-08,8.318818345287582e-08,1.6387101608920742e-07,2.8624379127695278e-05,2.038833721755412e-10,0.004293586529132464,8.066734290425991e-05
three_point_1d,1,200,11,BB,1.0,3.0,3.0,0.01,1.2846093522256297e-08,1.0,0.08988872399982029,33.0,3.8309328673690244,1.0366371727216535,0.5682084241580014,0.5682084241580014,1.0258850290379897,0.07162000520238705,0.0013787489536541053,0.0016065518535675217,0.24269494965847016
three_point_1d,1,200,12,Ordinary,inf,4.0,4.0,0.01,8.612417445874598e-10,1.0,0.14232210500017572,49.0,0.0,0.0,0.0,0.0,0.0,0.0,0.0,0.011382788372029315,0.0
three_point_1d,1,200,12,RR-balanced,44.90816739296055,4.0,4.0,0.01,1.006880179232894e-08,1.0,0.0716103799998109,38.0,0.3671109673182249,0.14042341626801333,0.02538456784520804,0.02538456784520804,0.03643709891399027,0.013497610698562593,4.824765282299546e-05,0.011535382406020074,0.05546571634545747
three_point_1d,1,200,12,RR-tiny,8000000.0,4.0,4.0,0.01,4.1230157066252104e-09,1.0,0.008953595999855679,15.0,0.0009859662362605714,0.0003829342658725393,4.564302571452572e-07,4.564302571452572e-07,8.266914225740598e-07,6.429196771658415e-05,9.51920074201996e-10,0.011378889924049562,0.00024299665459683105
three_point_1d,1,200,12,BB,1.0,4.0,4.0,0.01,1.290037632273311e-09,1.0,0.0947392589998799,39.0,4.876847054867529,0.9480470607455466,3.5762955192308823,3.5762955192308823,7.640889911326754,0.19545958548158687,0.008573679321586251,0.020591882265856863,0.3398474307907218
three_point_1d,1,200,14,Ordinary,inf,4.0,4.0,0.01,7.877854590887523e-09,1.0,0.1235110549998808,54.0,0.0,0.0,0.0,0.0,0.0,0.0,0.0,0.007867307156900113,0.0
three_point_1d,1,200,14,RR-balanced,44.90816739296055,4.0,4.0,0.01,1.8189529882306488e-09,1.0,0.061300109000285374,37.0,0.5997323092008315,0.1522214641805603,0.038220029473222894,0.038220029473222894,0.07311217856995045,0.019119646776280995,9.488550723803544e-05,0.007221253026828949,0.049215226745493876
three_point_1d,1,200,14,RR-tiny,8000000.0,4.0,4.0,0.01,4.339832493371887e-09,1.0,0.00826080400020146,16.0,0.0010426138303523125,0.00034561491254095795,3.685771616801503e-07,3.685771616801503e-07,7.106883916971227e-07,5.9610753715127725e-05,8.291618452572978e-10,0.007867338617951039,0.00022113118139010024
three_point_1d,1,200,14,BB,1.0,4.0,4.0,0.01,1.0365173386261972e-08,1.0,0.08616220799990515,42.0,5.311980308321539,1.0026877315297738,2.478106730823356,2.478106730823356,4.886231264327895,0.15630469065782854,0.005696245808896774,0.0083158833459419,0.47303567864490714
three_point_1d,1,200,13,Ordinary,inf,4.0,4.0,0.01,5.329789942720708e-10,1.0,0.12453022499971667,50.0,0.0,0.0,0.0,0.0,0.0,0.0,0.0,0.0076321730330368,0.0
three_point_1d,1,200,13,RR-balanced,44.90816739296055,4.0,4.0,0.01,1.1411897204993693e-08,1.0,0.11148188399988612,37.0,0.41452656879636374,0.16176520822254867,0.07192622520460645,0.07192622520460645,0.12495940967293984,0.02499594063772554,0.00015630788708144357,0.008026606684197413,0.11211178272209917
three_point_1d,1,200,13,RR-tiny,8000000.0,4.0,4.0,0.01,1.9157783581746912e-08,1.0,0.00963641499993173,17.0,0.0008946077123289653,0.00033715654917125,1.7673613683655276e-07,1.7673613683655276e-07,2.6098137292297665e-07,3.612349463458489e-05,3.454751399228479e-10,0.007632928644791493,0.000353785443000889
three_point_1d,1,200,13,BB,1.0,4.0,4.0,0.01,7.682054103952396e-09,1.0,0.08439056900010655,35.0,3.8620494291017637,0.9864353397053257,0.8936926893410373,0.8936926893410373,1.5639743530268295,0.08843003881676265,0.0020456032756629005,0.011336741213856971,0.36498388679714666
three_point_1d,1,200,15,Ordinary,inf,3.0,3.0,0.01,1.0750902390554984e-09,1.0,0.12658857899987197,38.0,0.0,0.0,0.0,0.0,0.0,0.0,0.0,0.004047804767226861,0.0
three_point_1d,1,200,15,RR-balanced,44.90816739296055,3.0,3.0,0.01,6.22804918748443e-10,1.0,0.05792912899983094,25.0,0.46181919031824625,0.15807481192837555,0.005688853856952392,0.005688853856952392,0.010996377656854558,0.0074149772949263166,1.3950953063751859e-05,0.004392447522173972,0.0188103046636806
three_point_1d,1,200,15,RR-tiny,8000000.0,3.0,3.0,0.01,1.5723644608556242e-11,1.0,0.008160583000062616,10.0,0.0011099262493527995,0.0003691002781304071,3.042703156097559e-07,3.042703156097559e-07,5.741302669642638e-07,5.357845961598111e-05,7.463535216802772e-10,0.004048800493990882,0.00015322493972268677
three_point_1d,1,200,15,BB,1.0,3.0,3.0,0.01,3.6208105402835145e-09,1.0,0.0932278910001969,36.0,6.79038655784468,1.0476402004042187,3.5462346179331803,3.5462346179331803,7.828320854537804,0.19784237228836754,0.00831867462490595,0.004109679050211775,0.3416921418637422
three_point_1d,1,200,16,Ordinary,inf,3.0,3.0,0.01,3.5602853998284445e-11,1.0,0.07066892000011649,30.0,0.0,0.0,0.0,0.0,0.0,0.0,0.0,0.0014533751405253923,0.0
three_point_1d,1,200,16,RR-balanced,44.90816739296055,3.0,3.0,0.01,8.31767987818921e-11,1.0,0.053534389999867926,21.0,0.4145166809837906,0.1383620645524455,0.008097331329963708,0.008097331329963708,0.014762748525611304,0.008591492456381284,1.9436098060847282e-05,0.0013003696573617469,0.01639570216343053
three_point_1d,1,200,16,RR-tiny,8000000.0,3.0,3.0,0.01,6.806066821241075e-11,1.0,0.00894390200005546,10.0,0.0010267307784198598,0.0003277998384962603,6.567000809809542e-07,6.567000809809542e-07,1.1775677018590481e-06,7.673225208017318e-05,1.3611165686377623e-09,0.0014541445876197325,0.00029703431514284867
three_point_1d,1,200,16,BB,1.0,3.0,3.0,0.01,3.1756350882261586e-09,1.0,0.07710907099999531,32.0,4.15642321799135,0.9909316339723121,1.3879412284925934,1.3879412284925934,2.68888184026932,0.1159500288975669,0.0034397851693361682,0.0016146185124630724,0.21610988229445235
three_point_1d,1,200,17,Ordinary,inf,4.0,4.0,0.01,3.608751075745431e-09,1.0,0.1265829940000458,54.0,0.0,0.0,0.0,0.0,0.0,0.0,0.0,0.010493611363137093,0.0
three_point_1d,1,200,17,RR-balanced,44.90816739296055,4.0,4.0,0.01,1.0057894517245813e-09,1.0,0.08762723499989988,43.0,0.5459300955045296,0.15807964242271172,0.11768422948796342,0.11768422948796342,0.20036476793542496,0.03165160090227862,0.00028398017118719325,0.011665616780978019,0.10304452010948191
three_point_1d,1,200,17,RR-tiny,8000000.0,4.0,4.0,0.01,3.504207812810023e-09,1.0,0.008944733000134875,18.0,0.001188906978254578,0.000370179317273317,2.975668280669197e-07,2.975668280669197e-07,4.546335862843725e-07,4.7677750905656846e-05,6.108181975890539e-10,0.010494862026645617,0.0003101321425113608
three_point_1d,1,200,17,BB,1.0,4.0,4.0,0.01,5.892699883602859e-09,1.0,0.0853107650000311,56.0,5.684722826132175,0.9367024788431808,3.199411274808085,3.199411274808085,5.396124558711343,0.16425779370719892,0.00717057891700474,0.018517642389130548,0.7961836533127866
three_point_1d,1,200,19,Ordinary,inf,4.0,4.0,0.01,2.5229124567260897e-08,1.0,0.08508465500017337,40.0,0.0,0.0,0.0,0.0,0.0,0.0,0.0,0.008499265319900973,0.0
three_point_1d,1,200,19,RR-balanced,44.90816739296055,4.0,4.0,0.01,4.695363875484304e-09,1.0,0.07848400200009564,32.0,0.37126262447041936,0.13474918499747912,0.025347030951365923,0.025347030951365923,0.04145155937177022,0.014396450842442074,5.1597537813255824e-05,0.00809009280109953,0.05349355612276083
three_point_1d,1,200,19,RR-tiny,8000000.0,4.0,4.0,0.01,2.2891515571998866e-08,1.0,0.009096493000015471,13.0,0.0010818596884770715,0.000359995692829103,5.661892714670103e-07,5.661892714670103e-07,1.1137963716885703e-06,7.46256112768455e-05,1.280206944117215e-09,0.008499506818105258,0.000111161145454071
three_point_1d,1,200,19,BB,1.0,5.0,5.0,0.01,3.108110901983707e-08,1.0,0.08710368600009133,47.0,3.652857863544563,0.9712570647537031,4.180866185261436,4.180866185261436,7.0179658344241584,0.1873227940537958,0.008059709354759284,0.015327458237261376,0.485526867773285
three_point_1d,1,200,18,Ordinary,inf,4.0,4.0,0.01,1.0286226315159297e-08,1.0,0.12142679800012957,57.0,0.0,0.0,0.0,0.0,0.0,0.0,0.0,0.006597618174572054,0.0
three_point_1d,1,200,18,RR-balanced,44.90816739296055,4.0,4.0,0.01,2.388376163509065e-09,1.0,0.10183763999998519,42.0,0.35520728716722916,0.12593146986659293,0.0484069593400136,0.0484069593400136,0.09114729936326305,0.021347985778904652,0.0001137188156945841,0.0070638985306583375,0.058221300587274594
three_point_1d,1,200,18,RR-tiny,8000000.0,4.0,4.0,0.01,5.153556470460785e-09,1.0,0.009284084000000803,23.0,0.0010387395944668754,0.00034378132028875936,2.6006824782598414e-07,2.6006824782598414e-07,4.686961821764704e-07,4.840951260736212e-05,6.176293779604788e-10,0.0065987048384820255,0.00014370294657399082
three_point_1d,1,200,18,BB,1.0,4.0,4.0,0.01,1.12953846276298e-09,1.0,0.11281833600014579,41.0,6.9519130692757125,1.1392986197635286,1.9529367726429996,1.9529367726429996,3.6804390803110234,0.13565469177863004,0.00479954358241875,0.013406198259173462,0.3682399982319426
three_point_1d,1,200,20,Ordinary,inf,4.0,4.0,0.01,1.35409017332222e-10,1.0,0.12412380000000667,43.0,0.0,0.0,0.0,0.0,0.0,0.0,0.0,0.005076937201465726,0.0
three_point_1d,1,200,20,RR-balanced,44.90816739296055,4.0,4.0,0.01,1.864450571709142e-08,1.0,0.09813137700007246,36.0,0.5394152673420001,0.16171928244622596,0.05461278773304912,0.05461278773304912,0.10672553280080113,0.023100382334584977,0.0001206266496492193,0.004384640479037784,0.05962191388029263
three_point_1d,1,200,20,RR-tiny,8000000.0,4.0,4.0,0.01,1.737325283635016e-08,1.0,0.009238947999847369,15.0,0.0010252988467331914,0.0003573952610333404,2.402025529590901e-07,2.402025529590901e-07,4.501328071652736e-07,4.74411639383602e-05,5.124272632726047e-10,0.005076371464166708,0.00011850919516036655
three_point_1d,1,200,20,BB,1.0,4.0,4.0,0.01,2.0887920726408993e-08,1.0,0.0828191020000304,33.0,4.236926561029359,0.9894435348309509,3.644573689016454,3.644573689016454,6.031731026742769,0.17366247474257024,0.009536930563285455,0.012262286729229056,0.22862520687457902
three_point_1d,1,200,23,Ordinary,inf,3.0,3.0,0.01,1.821133577273315e-08,1.0,0.08698601999981292,35.0,0.0,0.0,0.0,0.0,0.0,0.0,0.0,0.006685107090542666,0.0
three_point_1d,1,200,23,RR-balanced,44.90816739296055,3.0,3.0,0.01,1.5292211941186906e-12,1.0,0.0397027550002349,20.0,0.5371026982645688,0.15145890173957136,0.0035548518767427595,0.0035548518767427595,0.0061942830075531995,0.00556519676541324,8.526142353591364e-06,0.006876961040309349,0.007819404430255457
three_point_1d,1,200,23,RR-tiny,8000000.0,3.0,3.0,0.01,3.39458461340314e-10,1.0,0.007605888000171035,9.0,0.0010135988403174867,0.00034058048446603104,1.5281324294846854e-07,1.5281324294846854e-07,3.0360925419889286e-07,3.8962113276803455e-05,3.680694806396744e-10,0.006685265027258511,6.897456393818656e-05
three_point_1d,1,200,23,BB,1.0,3.0,3.0,0.01,2.714178215512675e-09,1.0,0.09638287399980072,40.0,5.174965582095076,1.0217994074130081,2.473495069605349,2.473495069605349,4.281490649217592,0.14631286083625036,0.005295235370838244,0.016154223269444455,0.4432658096279321
three_point_1d,1,200,22,Ordinary,inf,4.0,4.0,0.01,2.3713077723641618e-08,1.0,0.10994354000013118,75.0,0.0,0.0,0.0,0.0,0.0,0.0,0.0,0.004222194090103054,0.0
three_point_1d,1,200,22,RR-balanced,44.90816739296055,4.0,4.0,0.01,6.024531984394343e-10,1.0,0.11432340800001839,57.0,0.48250880447211086,0.1511851415734496,0.07412972291643882,0.07412972291643882,0.14828951789772754,0.0272295352418773,0.00018422007618023833,0.003612268122939974,0.06716471383511657
three_point_1d,1,200,22,RR-tiny,8000000.0,4.0,4.0,0.01,8.335190537778203e-09,1.0,0.011228752999841163,28.0,0.0012365544653648586,0.0003524563490669273,3.089757001362159e-07,3.089757001362159e-07,5.377640586965815e-07,5.185383586083972e-05,7.339409115593065e-10,0.004223915057983444,0.00039534171788836064
three_point_1d,1,200,22,BB,1.0,3.0,3.0,0.01,1.3963822986795549e-08,1.0,0.06551516700005777,28.0,4.552531901401888,0.980739530000247,0.4667494546185935,0.4667494546185935,0.912746146911016,0.06755539012214407,0.001170492877392456,0.007891020812953023,0.14961354306610433
three_point_1d,1,200,24,Ordinary,inf,3.0,3.0,0.01,4.773292872073398e-11,1.0,0.07918073099995127,31.0,0.0,0.0,0.0,0.0,0.0,0.0,0.0,0.0021255842584053932,0.0
three_point_1d,1,200,24,RR-balanced,44.90816739296055,3.0,3.0,0.01,4.1744119272379976e-10,1.0,0.054502878999983295,26.0,0.4153913345977336,0.15509319483635564,0.0667362641979139,0.0667362641979139,0.07877119177736741,0.019845804566377172,0.00011621557985239952,0.0017161322361464312,0.08862042837709458
three_point_1d,1,200,24,RR-tiny,8000000.0,3.0,3.0,0.01,4.776439244125186e-10,1.0,0.008108934000119916,11.0,0.0009985602344237954,0.00032593998264842663,2.0929280708514852e-07,2.0929280708514852e-07,3.2858744022534283e-07,4.0533161745991566e-05,4.904491646636301e-10,0.0021243962795744788,0.00010262330665395467
three_point_1d,1,200,24,BB,1.0,3.0,3.0,0.01,1.6288810300579826e-09,1.0,0.06854205600006935,28.0,4.612602150127027,0.9367289977282329,2.5752628513286027,2.5752628513286027,4.097092300081967,0.14312743098515335,0.005499549722272429,0.006775891682124516,0.35031567433304284
three_point_1d,1,200,21,Ordinary,inf,5.0,5.0,0.01,8.768243464629677e-09,1.0,0.19580275100020117,87.0,0.0,0.0,0.0,0.0,0.0,0.0,0.0,0.009693468125745855,0.0
three_point_1d,1,200,21,RR-balanced,44.90816739296055,5.0,5.0,0.01,9.554418367585527e-09,1.0,0.12692458000014994,72.0,0.48123285886817047,0.1553775326356756,0.064092110560523,0.064092110560523,0.11261413062376416,0.023729109825672366,0.0001443641908271739,0.009408198571989802,0.13641907806533193
three_point_1d,1,200,21,RR-tiny,8000000.0,5.0,5.0,0.01,1.0098782032841314e-08,1.0,0.010686376000194286,32.0,0.0009112871663190525,0.0003442261344239501,5.973515726509504e-07,5.973515726509504e-07,1.095389183473227e-06,7.400639105757106e-05,1.4875596221112699e-09,0.00969510100292954,0.00022590035493609325
three_point_1d,1,200,21,BB,1.0,4.0,4.0,0.01,2.7693278781271147e-09,1.0,0.11230430599971442,47.0,4.8459868898671985,0.9569315861218826,2.193450024285937,2.193450024285937,4.365367963512373,0.14773909373473856,0.005469930792662166,0.009672036763403176,0.31541509721381483
three_point_1d,1,200,26,Ordinary,inf,3.0,3.0,0.01,1.5775016848351697e-09,1.0,0.08046408499990321,35.0,0.0,0.0,0.0,0.0,0.0,0.0,0.0,0.01853451111456859,0.0
three_point_1d,1,200,26,RR-balanced,44.90816739296055,3.0,3.0,0.01,1.3409116483842354e-08,1.0,0.058465608000005886,29.0,0.3871561445117082,0.14694951413027707,0.017485538247456134,0.017485538247456134,0.031133606554674162,0.012476699594579121,3.987014028932942e-05,0.018714329703825874,0.03853874820820197
three_point_1d,1,200,26,RR-tiny,8000000.0,3.0,3.0,0.01,2.0607780815140586e-08,1.0,0.007747139000230163,9.0,0.0009173125302197604,0.00037639697943294103,2.3641320012757205e-07,2.3641320012757205e-07,4.5020553075353966e-07,4.744499608776144e-05,6.077748349346608e-10,0.01853177127626717,9.65276503709414e-05
three_point_1d,1,200,26,BB,1.0,4.0,4.0,0.01,1.8542711588409588e-08,1.0,0.07556189000001723,42.0,5.124876603993694,1.0031299133631844,0.7902634114022931,0.7902634114022931,0.6442473212563223,0.056755938951634055,0.0015027800915455843,0.017030709964378367,0.3650002283573161
three_point_1d,1,200,25,Ordinary,inf,4.0,4.0,0.01,2.8630508852600656e-08,1.0,0.10581044400009887,55.0,0.0,0.0,0.0,0.0,0.0,0.0,0.0,0.005236859653263112,0.0
three_point_1d,1,200,25,RR-balanced,44.90816739296055,4.0,4.0,0.01,8.737506274059115e-09,1.0,0.10852827799999432,52.0,0.39153716179880615,0.1421729852033105,0.06211798465295715,0.06211798465295715,0.10767984859155438,0.02320343170649057,0.0001371021071607388,0.005746566915826092,0.10360244337412565
three_point_1d,1,200,25,RR-tiny,8000000.0,4.0,4.0,0.01,2.445903923842252e-09,1.0,0.008755858999847987,20.0,0.0011184836025388556,0.00037915875193627555,6.622904038522393e-07,6.622904038522393e-07,1.2362468027571753e-06,7.862082430110916e-05,1.6099402359646018e-09,0.005235175027746566,0.00019870781482718135
three_point_1d,1,200,25,BB,1.0,3.0,3.0,0.01,1.4086212196673387e-09,1.0,0.0763603030000013,34.0,5.125258777148188,1.056791925885526,1.1466800124824204,1.1466800124824204,2.32916422230808,0.1079158056613599,0.002783664143909872,0.009383317754414441,0.22703650215130802
three_point_1d,1,200,27,Ordinary,inf,4.0,4.0,0.01,1.3044624269653582e-08,1.0,0.0867447460002495,41.0,0.0,0.0,0.0,0.0,0.0,0.0,0.0,0.012534674923364048,0.0
three_point_1d,1,200,27,RR-balanced,44.90816739296055,4.0,4.0,0.01,3.794380365462757e-10,1.0,0.06195887999979277,32.0,0.41229027643171823,0.1452666060581644,0.11259589008136572,0.11259589008136572,0.2248632543743674,0.033530825696243105,0.00023509239241271832,0.013230040751998977,0.0627434082142447
three_point_1d,1,200,27,RR-tiny,8000000.0,4.0,4.0,0.01,1.3129580533899343e-08,1.0,0.008823099999972328,18.0,0.0011685683566353688,0.0003689674828375078,1.1908144870176329e-07,1.1908144870176329e-07,1.9871038766463587e-07,3.152065891321403e-05,2.796012066130406e-10,0.01253759963278006,0.0001591482636849824
three_point_1d,1,200,27,BB,1.0,4.0,4.0,0.01,5.8734930252768436e-09,1.0,0.0768535460001658,36.0,5.95295588945464,1.025703210846919,3.1177278322778648,3.1177278322778648,6.00928416940871,0.17333903440092063,0.007312879893694986,0.010735543425889974,0.5320650296941511
three_point_1d,1,200,28,Ordinary,inf,5.0,5.0,0.01,4.882697579589035e-09,1.0,0.12948481600005834,67.0,0.0,0.0,0.0,0.0,0.0,0.0,0.0,0.005963858890958037,0.0
three_point_1d,1,200,28,RR-balanced,44.90816739296055,5.0,5.0,0.01,2.9510385468611844e-08,1.0,0.10929143799990015,52.0,0.5989138848199769,0.1536652038865955,0.06501039044309209,0.06501039044309209,0.10611057218926215,0.023033733109209864,0.00013750651655060692,0.0057134492708753645,0.17652208639978234
three_point_1d,1,200,28,RR-tiny,8000000.0,5.0,5.0,0.01,1.4976097251206966e-08,1.0,0.009321300999772575,20.0,0.0009334706986232622,0.00035387825896263147,2.0614908180505154e-07,2.0614908180505154e-07,3.8148558209396864e-07,4.367411029969406e-05,4.4315348994962294e-10,0.005965047393125344,0.00016752039465850729
three_point_1d,1,200,28,BB,1.0,5.0,5.0,0.01,9.476791573703736e-09,1.0,0.09198252399983176,67.0,3.279589987501799,0.8824451911955846,1.4046921049027787,1.4046921049027787,2.1629809263234683,0.10399473367251508,0.002362962768706318,0.01099653186710986,0.5913446318003903
three_point_1d,1,200,29,Ordinary,inf,3.0,3.0,0.01,1.953552875022524e-10,1.0,0.10239809399990918,41.0,0.0,0.0,0.0,0.0,0.0,0.0,0.0,0.005629578938950094,0.0
three_point_1d,1,200,29,RR-balanced,44.90816739296055,3.0,3.0,0.01,3.9947534169471055e-10,1.0,0.058093015999929776,26.0,0.44302454391592416,0.13504585589759127,0.05809997283523671,0.05809997283523671,0.11400403259218608,0.023875095035641856,0.00014448798476868693,0.005406972940535585,0.0395521504342885
three_point_1d,1,200,29,RR-tiny,8000000.0,3.0,3.0,0.01,7.375058341807517e-10,1.0,0.007443631999876743,10.0,0.0013138653712692072,0.00033875921619586573,3.465909230726538e-07,3.465909230726538e-07,6.473231805451632e-07,5.689126385242128e-05,8.39107813324339e-10,0.005626279981220046,0.00017972649464269102
three_point_1d,1,200,29,BB,1.0,3.0,3.0,0.01,8.523093342205357e-11,1.0,0.06528685400007816,29.0,3.5098522298393107,0.9325953247837039,2.3129660388395337,2.3129660388395337,4.338147099502699,0.1472777494990791,0.00593003463325276,0.015624842766284296,0.28607267968819755
three_point_1d,1,200,30,Ordinary,inf,5.0,5.0,0.01,6.891280879273154e-08,1.0,0.11226370499980476,54.0,0.0,0.0,0.0,0.0,0.0,0.0,0.0,0.010134136171814682,0.0
three_point_1d,1,200,30,RR-balanced,44.90816739296055,5.0,5.0,0.01,1.9552714114468017e-08,1.0,0.08294412999998713,46.0,0.6509479840705841,0.14728420389485525,0.08233048490728834,0.08233048490728834,0.1593077937676407,0.028223021965023583,0.00019931388800910294,0.009955333950295004,0.08485869129850232
three_point_1d,1,200,30,RR-tiny,8000000.0,5.0,5.0,0.01,7.204308705155427e-09,1.0,0.00954300500006866,24.0,0.001005018339608088,0.0003712435597636652,3.4067096521539497e-07,3.4067096521539497e-07,6.14459480591349e-07,5.5428308678478955e-05,7.657069981932486e-10,0.010135410470733028,0.00020358988114326502
three_point_1d,1,200,30,BB,1.0,5.0,5.0,0.01,1.8915938237995533e-07,1.0,0.09461115499993866,50.0,7.321364296321661,1.1174386755835077,5.432071180180458,5.432071180180458,11.868480168851882,0.24360295737995344,0.012452276031737694,0.0194067431815399,0.5721277557608218
three_point_1d,1,200,31,Ordinary,inf,4.0,4.0,0.01,1.8958860481532724e-08,1.0,0.12975605399992673,52.0,0.0,0.0,0.0,0.0,0.0,0.0,0.0,0.01071380692845703,0.0
three_point_1d,1,200,31,RR-balanced,44.90816739296055,4.0,4.0,0.01,2.804196652661517e-09,1.0,0.10491896299981818,44.0,0.4142458703840526,0.13662713062157983,0.027940165133600203,0.027940165133600203,0.042505047850222646,0.014578245410580563,5.788507052271701e-05,0.010694580179056506,0.10927379811569493
three_point_1d,1,200,31,RR-tiny,8000000.0,4.0,4.0,0.01,1.7596980539380525e-08,1.0,0.009914535000007163,19.0,0.0010270059756937178,0.00034486122114226847,2.9900826348239207e-07,2.9900826348239207e-07,5.850778379108394e-07,5.408686707098311e-05,7.209887682688652e-10,0.010711228009054635,0.000210827478473826
three_point_1d,1,200,31,BB,1.0,4.0,4.0,0.01,1.7396806661906794e-08,1.0,0.09442403299999569,46.0,4.1743538368891935,0.9273689121761752,4.515426268104875,4.515426268104875,10.100381890931123,0.22472629898313107,0.010206608260175939,0.010803307032003044,0.4693135242600729
three_point_1d,1,200,32,Ordinary,inf,3.0,3.0,0.01,2.8326230250286244e-12,1.0,0.09449120499994024,39.0,0.0,0.0,0.0,0.0,0.0,0.0,0.0,0.009895624932831665,0.0
three_point_1d,1,200,32,RR-balanced,44.90816739296055,3.0,3.0,0.01,3.399658332625677e-11,1.0,0.04615230099989276,25.0,0.5405070953810289,0.15370602971527392,0.07861909257928801,0.07861909257928801,0.1512047314414148,0.027495884368520938,0.00019622419283939652,0.009099620423412835,0.05880787654895608
three_point_1d,1,200,32,RR-tiny,8000000.0,3.0,3.0,0.01,2.2948312139448035e-09,1.0,0.00814538999998149,11.0,0.0009492389841938564,0.0003722804605363321,3.076136181334732e-07,3.076136181334732e-07,6.025593244259693e-07,5.488894808729574e-05,7.669852036795941e-10,0.009899626064157202,0.00011916386785291109
three_point_1d,1,200,32,BB,1.0,3.0,3.0,0.01,5.888405540943609e-09,1.0,0.0941651829998591,37.0,4.866241749795185,0.9460070211390761,1.5233155435153094,1.5233155435153094,2.5659474694443385,0.11326843049685863,0.003934272258379323,0.014584991188313502,0.2553118929757508
three_point_1d,1,200,33,Ordinary,inf,4.0,4.0,0.01,1.3235807561073898e-08,1.0,0.12354737199984811,53.0,0.0,0.0,0.0,0.0,0.0,0.0,0.0,0.006534400100071986,0.0
three_point_1d,1,200,33,RR-balanced,44.90816739296055,4.0,4.0,0.01,3.5058010494637415e-08,1.0,0.0788463680003133,37.0,0.4466543483505194,0.15082621824772474,0.025534470373372642,0.025534470373372642,0.04952571785515838,0.015736219027320125,6.250904760665554e-05,0.006015639885748637,0.04633773723103525
three_point_1d,1,200,33,RR-tiny,8000000.0,4.0,4.0,0.01,3.6028431349421908e-09,1.0,0.008854146999965451,17.0,0.0012291519339221457,0.00038137928785248316,3.80890810447454e-07,3.80890810447454e-07,7.568143168034211e-07,6.151480784345429e-05,9.36683725734102e-10,0.006530878703884047,0.00015160256104942703
three_point_1d,1,200,33,BB,1.0,4.0,4.0,0.01,3.4651130853546874e-09,1.0,0.12625046399989515,51.0,3.935098671663174,0.9230268849534069,2.242183887700662,2.242183887700662,4.383617734467824,0.14804758921488428,0.005402486226518246,0.012974582129460172,0.2935780607605486
three_point_1d,1,200,34,Ordinary,inf,4.0,4.0,0.01,1.091040813250288e-09,1.0,0.10652212700006203,54.0,0.0,0.0,0.0,0.0,0.0,0.0,0.0,0.004148594265357183,0.0
three_point_1d,1,200,34,RR-balanced,44.90816739296055,4.0,4.0,0.01,5.502502453680336e-09,1.0,0.09869841199974871,47.0,0.4371680149957189,0.15293096150467003,0.02499013807312167,0.02499013807312167,0.03894709035874028,0.013954764483634304,5.773907903138464e-05,0.004060493342566301,0.12207271608699598
three_point_1d,1,200,34,RR-tiny,8000000.0,4.0,4.0,0.01,8.769304615796614e-09,1.0,0.020319026000152007,23.0,0.0011491307483949553,0.00037222740429393116,5.461490673042135e-07,5.461490673042135e-07,1.0588047484540124e-06,7.276004220910034e-05,1.382121694722183e-09,0.004149810868707924,0.00020861977427213813
three_point_1d,1,200,34,BB,1.0,3.0,3.0,0.01,8.395970585439727e-10,1.0,0.12287042699995254,33.0,2.4509948526067147,0.8263648771344396,0.926244589068574,0.926244589068574,1.6250921644657108,0.09014133803271701,0.002267500546094814,0.008671177155253718,0.558266376054439
three_point_1d,1,200,35,Ordinary,inf,3.0,3.0,0.01,7.4415489326185025e-09,1.0,0.09174972499999967,47.0,0.0,0.0,0.0,0.0,0.0,0.0,0.0,0.0060463848427663135,0.0
three_point_1d,1,200,35,RR-balanced,44.90816739296055,4.0,4.0,0.01,2.1581165743356223e-09,1.0,0.10139422300017031,82.0,0.4168147625644778,0.15205410867227104,0.07436645960308397,0.07436645960308397,0.1441546408561884,0.026847219675060246,0.00018754282506260029,0.007349774618782037,0.05543744317291603
three_point_1d,1,200,35,RR-tiny,8000000.0,3.0,3.0,0.01,8.197702294765463e-09,1.0,0.020661743000118804,25.0,0.0010203976513520896,0.00031298399383090724,1.363135879728361e-07,1.363135879728361e-07,2.639926739893032e-07,3.6331300141152615e-05,3.494932776842512e-10,0.0060466394073290805,9.8208277965818e-05
three_point_1d,1,200,35,BB,1.0,4.0,4.0,0.01,2.852544866982498e-10,1.0,0.12182971499987616,37.0,3.6559535965948067,0.9106503071080163,2.4746733967858177,2.4746733967858177,3.8378424850963504,0.13852513282968457,0.006088505459250021,0.02286039620247577,0.20938919508696832
three_point_1d,1,200,36,Ordinary,inf,4.0,4.0,0.01,8.623067593305223e-09,1.0,0.1143654620000234,53.0,0.0,0.0,0.0,0.0,0.0,0.0,0.0,0.00281070260640554,0.0
three_point_1d,1,200,36,RR-balanced,44.90816739296055,4.0,4.0,0.01,2.2369945451572448e-08,1.0,0.11810745799994038,46.0,0.35027906132466113,0.1473947163326628,0.0781590536892054,0.0781590536892054,0.14447925328833428,0.026877430428552344,0.00019847873001300865,0.0017806751201570959,0.04820007010574496
three_point_1d,1,200,36,RR-tiny,8000000.0,4.0,4.0,0.01,1.395927440306366e-08,1.0,0.011143185000037192,24.0,0.0010944349836523593,0.00033606718847898557,6.642312655458227e-07,6.642312655458227e-07,1.159759400773727e-06,7.614983259251878e-05,1.6383776377143036e-09,0.0028135995135024723,0.0003097749895698763
three_point_1d,1,200,36,BB,1.0,4.0,4.0,0.01,2.0777526366089205e-09,1.0,0.12223293200008811,56.0,4.658981895357855,0.9320663809218133,1.345347016559458,1.345347016559458,2.283349443099837,0.1068491797605353,0.002909143330210707,0.007988543715630606,0.500848238101611
three_point_1d,1,200,37,Ordinary,inf,5.0,5.0,0.01,1.6432940785904293e-08,1.0,0.1271561579999343,68.0,0.0,0.0,0.0,0.0,0.0,0.0,0.0,0.009980497340716703,0.0
three_point_1d,1,200,37,RR-balanced,44.90816739296055,5.0,5.0,0.01,1.1597234728100148e-08,1.0,0.11471400500022355,48.0,0.48496313780974587,0.14212534479723066,0.058120830113011834,0.058120830113011834,0.10928316652735451,0.023375539194567738,0.00014245055354542127,0.011165401640435318,0.098205600566876
three_point_1d,1,200,37,RR-tiny,8000000.0,5.0,5.0,0.01,1.6497914590019036e-08,1.0,0.012293558000010307,44.0,0.0012727350193924014,0.0003738250070996915,3.4913091440103017e-07,3.4913091440103017e-07,6.61264885938042e-07,5.750064721105502e-05,9.023790508530013e-10,0.009981851630152316,0.000267792487962397
three_point_1d,1,200,37,BB,1.0,3.0,3.0,0.01,2.443401037055537e-11,1.0,0.09650732099999004,38.0,5.69738461726937,0.956316069170744,0.8552416055408685,0.8552416055408685,1.7007212224833808,0.09221499938956192,0.002223146243662336,0.012262907031275673,0.37427161662231084
three_point_1d,1,200,38,Ordinary,inf,4.0,4.0,0.01,1.1246017672661424e-08,1.0,0.1365223299999343,86.0,0.0,0.0,0.0,0.0,0.0,0.0,0.0,0.007331358467422264,0.0
three_point_1d,1,200,38,RR-balanced,44.90816739296055,4.0,4.0,0.01,9.403887446524095e-09,1.0,0.0910844619997988,51.0,0.3649039930952567,0.1518956264005657,0.014001998814421768,0.014001998814421768,0.0218302808621526,0.010447554944137074,3.0560914441327644e-05,0.007077582029598035,0.04814897221727847
three_point_1d,1,200,38,RR-tiny,8000000.0,4.0,4.0,0.01,2.6471133063310504e-08,1.0,0.010164509999867732,30.0,0.0010295313185524346,0.0003444648567816638,1.7034852817232604e-07,1.7034852817232604e-07,2.936780992373292e-07,3.83195837162494e-05,4.0462154367640804e-10,0.007331067825483569,0.00021136439671016162
three_point_1d,1,200,38,BB,1.0,4.0,4.0,0.01,2.073204496966241e-09,1.0,0.08958685699963098,53.0,5.038589063461269,1.0507763709362985,2.3251973691511125,2.3251973691511125,4.740506348505954,0.1539562656812959,0.005672683486705998,0.00539916667146117,0.28251296044318847
three_point_1d,1,200,39,Ordinary,inf,5.0,5.0,0.01,5.33966224569582e-08,1.0,0.13012323799989645,60.0,0.0,0.0,0.0,0.0,0.0,0.0,0.0,0.005091186863365176,0.0
three_point_1d,1,200,39,RR-balanced,44.90816739296055,5.0,5.0,0.01,3.352917721244353e-09,1.0,0.10102447399981429,52.0,0.6042692649415091,0.15729023437584547,0.08855865749865188,0.08855865749865188,0.16134721132039198,0.028403099418935953,0.00019301240659184746,0.006055374718695649,0.12754714106428527
three_point_1d,1,200,39,RR-tiny,8000000.0,5.0,5.0,0.01,1.4306078766068708e-08,1.0,0.010375118999945698,26.0,0.0013092783026790178,0.00035578466713773687,2.626837840580265e-07,2.626837840580265e-07,4.5277938966264956e-07,4.7580426104788594e-05,6.20933454380179e-10,0.005090358446741615,0.0002719096882654247
three_point_1d,1,200,39,BB,1.0,4.0,4.0,0.01,6.33298702368279e-09,1.0,0.09355500500032576,48.0,5.226248432715143,1.0350224012433114,2.6657719604673957,2.6657719604673957,5.3579728491963,0.16367609552399978,0.006155682304581835,0.006751622380956827,0.47065183063056193
three_point_1d,1,200,40,Ordinary,inf,4.0,4.0,0.01,2.6898958616072832e-09,1.0,0.11027395800010709,64.0,0.0,0.0,0.0,0.0,0.0,0.0,0.0,0.004875172209219411,0.0
three_point_1d,1,200,40,RR-balanced,44.90816739296055,4.0,4.0,0.01,3.0250244753560196e-08,1.0,0.08525199700011399,45.0,0.443287519382786,0.14663459496931208,0.0506553950621651,0.0506553950621651,0.09676352107615821,0.021995854277131202,0.0001255380834236967,0.0045788791350072616,0.07121773729877313
three_point_1d,1,200,40,RR-tiny,8000000.0,4.0,4.0,0.01,1.80844419439552e-08,1.0,0.009699321000198324,28.0,0.0012157456699488645,0.0003312916729779199,4.159759896538162e-07,4.159759896538162e-07,7.49778564772347e-07,6.122820284690491e-05,9.591341904308834e-10,0.004873760827046877,0.0003401920389588227
three_point_1d,1,200,40,BB,1.0,4.0,4.0,0.01,9.191825300902678e-09,1.0,0.1086613600000419,48.0,4.808987609212651,0.9964766201760271,5.538168565575461,5.538168565575461,10.194174798121843,0.22576730053444236,0.013294597754151958,0.01918969204185693,0.7035861115686906
three_point_1d,1,200,41,Ordinary,inf,4.0,4.0,0.01,6.688445797209397e-09,1.0,0.08230161400001634,40.0,0.0,0.0,0.0,0.0,0.0,0.0,0.0,0.006688933686174919,0.0
three_point_1d,1,200,41,RR-balanced,44.90816739296055,4.0,4.0,0.01,3.0831807551479073e-08,1.0,0.0546585749998485,27.0,0.47285888402306964,0.1582922761818722,0.07261437181153951,0.07261437181153951,0.10751696372407551,0.02318587541199119,0.00013934839997928368,0.00709662349598549,0.119060418302996
three_point_1d,1,200,41,RR-tiny,8000000.0,4.0,4.0,0.01,1.2739940213890577e-09,1.0,0.008643610000035551,14.0,0.0010279897748249889,0.00037388969978253056,2.417006612631667e-07,2.417006612631667e-07,4.014057777521548e-07,4.4799875990462e-05,5.720186748736523e-10,0.006690903021469647,8.310518060078834e-05
three_point_1d,1,200,41,BB,1.0,4.0,4.0,0.01,4.652765950297066e-09,1.0,0.08345711399988431,38.0,3.5329024811703924,0.8490667452800107,3.0958598661084125,3.0958598661084125,7.175538714540301,0.18941407965803786,0.006181377749193431,0.016430289931917037,0.3969750673760427
three_point_1d,1,200,42,Ordinary,inf,4.0,4.0,0.01,4.842375611602279e-09,1.0,0.13074454599995988,61.0,0.0,0.0,0.0,0.0,0.0,0.0,0.0,0.010423538660818205,0.0
three_point_1d,1,200,42,RR-balanced,44.90816739296055,4.0,4.0,0.01,1.485724054894888e-08,1.0,0.05499614200016367,38.0,0.5859180703359195,0.1611410183058655,0.014737860062723485,0.014737860062723485,0.029278969510991515,0.012099373849706338,3.655218573320986e-05,0.010662297778278408,0.019037851168269965
three_point_1d,1,200,42,RR-tiny,8000000.0,4.0,4.0,0.01,3.1117692866899915e-09,1.0,0.008680106000156229,20.0,0.0008380311611113633,0.00033544301146710406,4.499204919738986e-07,4.499204919738986e-07,8.151159909019357e-07,6.384026906670803e-05,1.127648500429611e-09,0.010419976730909882,0.00016359703779268651
three_point_1d,1,200,42,BB,1.0,4.0,4.0,0.01,2.4636890083584717e-08,1.0,0.09968734700009918,65.0,6.523277300971862,0.9925482557500791,2.390750326201328,2.390750326201328,4.837799119331456,0.15552811834731775,0.0057853028436886614,0.012134188363130065,0.28178762936806917
three_point_1d,1,200,43,Ordinary,inf,5.0,5.0,0.01,2.2229328155987105e-08,1.0,0.11615673999995124,74.0,0.0,0.0,0.0,0.0,0.0,0.0,0.0,0.0028461960931535036,0.0
three_point_1d,1,200,43,RR-balanced,44.90816739296055,5.0,5.0,0.01,2.316714331485059e-08,1.0,0.08933554899999763,60.0,0.3957790658533591,0.1424482392040207,0.0626538328669426,0.0626538328669426,0.12164220313607121,0.02466193454861877,0.0001393312686846105,0.0025168983477946707,0.04992252848110859
three_point_1d,1,200,43,RR-tiny,8000000.0,5.0,5.0,0.01,1.0995146126902e-08,1.0,0.012548862999892663,52.0,0.0010723190923491721,0.00035474344616732913,8.25057838937937e-07,8.25057838937937e-07,1.5639901481003107e-06,8.843048535715245e-05,1.8982134881621617e-09,0.0028467900564038543,0.00020778303748209852
three_point_1d,1,200,43,BB,1.0,5.0,5.0,0.01,4.0518550736834413e-08,1.0,0.09152713999992557,44.0,3.950968074647977,1.003462593406109,1.5200677795592696,1.5200677795592696,2.711056740538621,0.1164271605025782,0.0037019960519172014,0.008913566264525833,0.20473029652774827
three_point_1d,1,200,44,Ordinary,inf,3.0,3.0,0.01,1.2534978166556243e-08,1.0,0.10915350200002649,39.0,0.0,0.0,0.0,0.0,0.0,0.0,0.0,0.002331543098638088,0.0
three_point_1d,1,200,44,RR-balanced,44.90816739296055,3.0,3.0,0.01,1.1186714665711861e-08,1.0,0.0712221789999603,27.0,0.5108930839479562,0.16166355809194233,0.13650192263202143,0.13650192263202143,0.232761725376554,0.0341146394804748,0.00031519261923273627,0.002203608177321182,0.07700365398577691
three_point_1d,1,200,44,RR-tiny,8000000.0,3.0,3.0,0.01,1.5089041127680503e-11,1.0,0.009493830000110393,10.0,0.0010558144558006077,0.00034412031108636343,3.9376811855618143e-07,3.9376811855618143e-07,7.108872871880184e-07,5.961909455820419e-05,8.589392093896212e-10,0.0023337141362491614,0.0001934135990124094
three_point_1d,1,200,44,BB,1.0,3.0,3.0,0.01,3.947320470487625e-09,1.0,0.0724052059999849,29.0,3.2496102406716423,0.920401818453384,1.1980627416306788,1.1980627416306788,2.0981622069338166,0.10242466028583684,0.003003356570975459,0.0028131628910772364,0.18370246789309952
three_point_1d,1,200,45,Ordinary,inf,3.0,3.0,0.01,3.149480676256644e-11,1.0,0.08771439699989969,39.0,0.0,0.0,0.0,0.0,0.0,0.0,0.0,0.004848388636606898,0.0
three_point_1d,1,200,45,RR-balanced,44.90816739296055,3.0,3.0,0.01,2.69097188976275e-10,1.0,0.05592714500016882,26.0,0.5112366273980011,0.16633308574351813,0.07255143256861629,0.07255143256861629,0.1457461495809593,0.026995013389602095,0.0001753258086499158,0.004380532363675559,0.042844851031754144
three_point_1d,1,200,45,RR-tiny,8000000.0,3.0,3.0,0.01,5.238320888167891e-11,1.0,0.012651987999788616,12.0,0.0010375866326000072,0.00037578823141927394,6.962100087548606e-07,6.962100087548606e-07,1.2265186288067615e-06,7.83108750049047e-05,1.6341890699794924e-09,0.004844701434470665,0.0002540253621999361
three_point_1d,1,200,45,BB,1.0,3.0,3.0,0.01,9.67737001644764e-12,1.0,0.08003314600023259,33.0,8.231273794446066,1.0461114160368792,0.6312435364903308,0.6312435364903308,1.198945619071999,0.07742562944761892,0.0015055684195160483,0.008139455061110482,0.15202922346152178
three_point_1d,1,200,46,Ordinary,inf,4.0,4.0,0.01,2.115337016661556e-09,1.0,0.0660985269998946,30.0,0.0,0.0,0.0,0.0,0.0,0.0,0.0,0.0032335541498966836,0.0
three_point_1d,1,200,46,RR-balanced,44.90816739296055,4.0,4.0,0.01,4.243265072645386e-09,1.0,0.05438802699995904,31.0,0.5317665134448499,0.1512776416149758,0.14578994778645438,0.14578994778645438,0.22527749873324301,0.03356169682340592,0.0003431414315685884,0.005050741827431931,0.060471824923257964
three_point_1d,1,200,46,RR-tiny,8000000.0,4.0,4.0,0.01,8.627798475657755e-10,1.0,0.008194533999812847,18.0,0.0008429409062429283,0.0003259516309763293,1.0441584663567482e-07,1.0441584663567482e-07,1.8597162047592724e-07,3.049357477206692e-05,2.525554415228348e-10,0.0032330463433996614,4.789609751676233e-05
three_point_1d,1,200,46,BB,1.0,3.0,3.0,0.01,3.080173893721394e-10,1.0,0.07568094099997325,32.0,4.152217554670493,0.9329669810210504,1.205195224845795,1.205195224845795,2.0598954945041372,0.1014863413101521,0.0029278700569143395,0.009071428130372216,0.14551141030459647
three_point_1d,1,200,47,Ordinary,inf,3.0,3.0,0.01,1.6349410714155965e-10,1.0,0.10182397100015805,42.0,0.0,0.0,0.0,0.0,0.0,0.0,0.0,0.009413097657112731,0.0
three_point_1d,1,200,47,RR-balanced,44.90816739296055,3.0,3.0,0.01,3.3945115607281195e-09,1.0,0.05711026700009825,26.0,0.46550934781263065,0.15990794880892686,0.00857465890152298,0.00857465890152298,0.01558107092970685,0.008826401002024226,2.1268553587585637e-05,0.009083024220246587,0.02118816181723738
three_point_1d,1,200,47,RR-tiny,8000000.0,3.0,3.0,0.01,3.0086200197843027e-10,1.0,0.00796894399991288,11.0,0.0009833927322993041,0.0003346604226112853,2.3439326923835324e-07,2.3439326923835324e-07,4.2903320239589546e-07,4.631593691138588e-05,5.70840531200074e-10,0.009414994193971803,0.00011010384028753065
three_point_1d,1,200,47,BB,1.0,3.0,3.0,0.01,1.7850165789923267e-11,1.0,0.0843571499999598,36.0,6.135419308167756,1.037715555213439,1.6131922995902528,1.6131922995902528,3.2457964067038216,0.12739302191846738,0.003860323436102967,0.009029481585782055,0.16931440066112263
three_point_1d,1,200,48,Ordinary,inf,3.0,3.0,0.01,7.420042358319279e-11,1.0,0.08454479200008791,38.0,0.0,0.0,0.0,0.0,0.0,0.0,0.0,0.005122576737449912,0.0
three_point_1d,1,200,48,RR-balanced,44.90816739296055,3.0,3.0,0.01,1.2926282266789713e-10,1.0,0.060084637000045404,27.0,0.5360722972164107,0.16075108878836541,0.06741563478578882,0.06741563478578882,0.1169947429754011,0.024186229860749392,0.00016003338008096108,0.004275696471978972,0.06515508524256625
three_point_1d,1,200,48,RR-tiny,8000000.0,3.0,3.0,0.01,8.532952122664028e-10,1.0,0.008085298999958468,12.0,0.0010142887242524656,0.0003407715101491208,3.249288624829205e-07,3.249288624829205e-07,5.914156581044934e-07,5.437902436162741e-05,7.745857013991515e-10,0.0051250738054777496,0.000150401323192336
three_point_1d,1,200,48,BB,1.0,3.0,3.0,0.01,2.0770496433897279e-10,1.0,0.06686238599991157,32.0,5.068285932275435,1.0723005431177137,1.7836817195847061,1.7836817195847061,2.9394535496515934,0.1212322883899251,0.004275427243456785,0.01094374390350775,0.24443732446168967
three_point_1d,1,200,49,Ordinary,inf,3.0,3.0,0.01,1.191127241284562e-08,1.0,0.10098169200000484,40.0,0.0,0.0,0.0,0.0,0.0,0.0,0.0,0.009510421965176517,0.0
three_point_1d,1,200,49,RR-balanced,44.90816739296055,3.0,3.0,0.01,8.970357789905847e-11,1.0,0.07254361400009657,31.0,0.4613242407577338,0.14049816478410634,0.044467652057903706,0.044467652057903706,0.07724664701439285,0.019652817484319247,0.00010997330507961763,0.008382881672758859,0.0368048757075975
three_point_1d,1,200,49,RR-tiny,8000000.0,3.0,3.0,0.01,1.498258295207222e-08,1.0,0.008597469999813256,10.0,0.0010941221161402392,0.0003463007793085722,3.5465512837618007e-07,3.5465512837618007e-07,6.404062598908471e-07,5.658649396679596e-05,7.835299868079868e-10,0.00950993305587685,0.00014176742968089265
three_point_1d,1,200,49,BB,1.0,4.0,4.0,0.01,8.848977106623579e-09,1.0,0.09247122300007504,54.0,5.963550875364117,0.9939927432610238,0.3047257859654451,0.3047257859654451,0.4699455649524605,0.048473991219645844,0.0005759879688570421,0.011520151873756993,0.1553269890754994
three_point_1d,1,200,50,Ordinary,inf,4.0,4.0,0.01,8.972387943728677e-09,1.0,0.12018452699999216,54.0,0.0,0.0,0.0,0.0,0.0,0.0,0.0,0.004105720181074386,0.0
three_point_1d,1,200,50,RR-balanced,44.90816739296055,4.0,4.0,0.01,8.615956836877103e-10,1.0,0.08197611400009919,34.0,0.36275318248809874,0.14553558293907973,0.022753484515249056,0.022753484515249056,0.03818308900704197,0.013817215531184632,4.931774929630349e-05,0.004639165537062773,0.09052575246238297
three_point_1d,1,200,50,RR-tiny,8000000.0,4.0,4.0,0.01,4.2910459630007836e-09,1.0,0.009207478999996965,18.0,0.0010818555325140533,0.00038566233279143823,1.5063886849020491e-07,1.5063886849020491e-07,2.602136752217061e-07,3.6070325422825485e-05,3.27933209506495e-10,0.00410729931937805,0.0002444593646780302
three_point_1d,1,200,50,BB,1.0,4.0,4.0,0.01,1.34701860776687e-08,1.0,0.08278811800005315,39.0,8.011728178605358,1.0939175755255182,3.5830971460103456,3.5830971460103456,6.518836112665993,0.18053858469404807,0.008288695819383253,0.0132902408860914,0.656770312877111
three_point_1d,1,200,51,Ordinary,inf,3.0,3.0,0.01,6.44288555839978e-09,1.0,0.08744812699978866,38.0,0.0,0.0,0.0,0.0,0.0,0.0,0.0,0.0024220228074662486,0.0
three_point_1d,1,200,51,RR-balanced,44.90816739296055,3.0,3.0,0.01,3.5199514414330224e-09,1.0,0.06311172699975032,28.0,0.4600051211655294,0.14867936022011008,0.0870204047344032,0.0870204047344032,0.1694667465950819,0.029108997457408414,0.00021950931761584107,0.0019473894031615227,0.06127853179324704
three_point_1d,1,200,51,RR-tiny,8000000.0,3.0,3.0,0.01,2.123615061577766e-09,1.0,0.007148257000153535,10.0,0.001031943649365652,0.00033290111698738015,2.0864831640210468e-07,2.0864831640210468e-07,4.0999743701805664e-07,4.527678417346227e-05,4.845484455087387e-10,0.0024209654889713,0.00012623203533570652
three_point_1d,1,200,51,BB,1.0,3.0,3.0,0.01,5.004952008391683e-11,1.0,0.07414225399998031,34.0,5.053697764889995,0.9945752015499171,2.842097640098814,2.842097640098814,5.594615685269586,0.16725154237359946,0.007338980799456693,0.011800940337891822,0.41289004663519624
three_point_1d,1,200,53,Ordinary,inf,4.0,4.0,0.01,7.946998614727363e-10,1.0,0.08578411999997115,45.0,0.0,0.0,0.0,0.0,0.0,0.0,0.0,0.007852462221949488,0.0
three_point_1d,1,200,53,RR-balanced,44.90816739296055,4.0,4.0,0.01,8.550683050501107e-09,1.0,0.08902911799987123,42.0,0.4318212723680497,0.15789820809358834,0.09261555501245766,0.09261555501245766,0.15744834548218278,0.02805782827324513,0.0002160964571115277,0.008096080509300961,0.09198591761850561
three_point_1d,1,200,53,RR-tiny,8000000.0,4.0,4.0,0.01,8.280696128792897e-09,1.0,0.009701443000039944,18.0,0.001119435236053512,0.0003876733811921179,3.246207143092761e-07,3.246207143092761e-07,5.046686249516774e-07,5.023288887530148e-05,7.801476092115388e-10,0.007848730114944111,0.00015994185108740046
three_point_1d,1,200,53,BB,1.0,3.0,3.0,0.01,1.1200917970910496e-09,1.0,0.05828259400004754,28.0,3.388795828100567,0.9132184676082296,1.4662088924006866,1.4662088924006866,2.8256560075952195,0.11886244166252054,0.0033678789720618506,0.00990666326499813,0.27480018818283675
three_point_1d,1,200,52,Ordinary,inf,5.0,5.0,0.01,3.882284560496885e-08,1.0,0.1282219750000877,58.0,0.0,0.0,0.0,0.0,0.0,0.0,0.0,0.0066186024857739275,0.0
three_point_1d,1,200,52,RR-balanced,44.90816739296055,5.0,5.0,0.01,1.3335434090322451e-08,1.0,0.09934456600012709,53.0,0.36143356664561277,0.1363440195135537,0.05365687655626061,0.05365687655626061,0.08558943689605648,0.020686884358943045,0.000129106331190515,0.006872592904200012,0.10329100840180845
three_point_1d,1,200,52,RR-tiny,8000000.0,5.0,5.0,0.01,2.7584192707763577e-09,1.0,0.018871145000048273,34.0,0.0012013659268466093,0.00034381308697447737,5.491184538186644e-07,5.491184538186644e-07,1.024959724316415e-06,7.158769881468516e-05,1.2262147027018805e-09,0.006620502927011763,0.00038489947897102887
three_point_1d,1,200,52,BB,1.0,5.0,5.0,0.01,4.654420626692968e-09,1.0,0.14050823800016587,61.0,3.5276869900427688,0.909121924790912,3.1745679214390066,3.1745679214390066,5.558622325755325,0.1667126618729862,0.008087480483040282,0.0099422057009854,0.33990972431733346
three_point_1d,1,200,55,Ordinary,inf,3.0,3.0,0.01,2.463254666906778e-08,1.0,0.08293116100003317,37.0,0.0,0.0,0.0,0.0,0.0,0.0,0.0,0.007497906226901454,0.0
three_point_1d,1,200,55,RR-balanced,44.90816739296055,3.0,3.0,0.01,1.8620127661961305e-10,1.0,0.03963379199990413,21.0,0.4701308911203348,0.14527339633565986,0.07503406589250972,0.07503406589250972,0.14305795541005398,0.026744901888963248,0.0001776553854207194,0.006170936118192003,0.05025633873973096
three_point_1d,1,200,55,RR-tiny,8000000.0,3.0,3.0,0.01,8.785994154436594e-11,1.0,0.007432425000160947,9.0,0.0009254911519118725,0.0003522491624563664,3.372322225914104e-07,3.372322225914104e-07,5.26954708314442e-07,5.1330045213034934e-05,6.751691223703901e-10,0.007497021278817938,0.00022589846609948828
three_point_1d,1,200,55,BB,1.0,3.0,3.0,0.01,2.1701507257887442e-10,1.0,0.08544387699998879,36.0,4.462454000994321,1.0008396372984496,2.8099680449533366,2.8099680449533366,4.741048224776667,0.1539650646214372,0.006243824730844479,0.014347184260527994,0.3938820511271162
three_point_1d,1,200,56,Ordinary,inf,4.0,4.0,0.01,5.0224020498035316e-09,1.0,0.08925480300013078,37.0,0.0,0.0,0.0,0.0,0.0,0.0,0.0,0.007647149057068148,0.0
three_point_1d,1,200,56,RR-balanced,44.90816739296055,4.0,4.0,0.01,1.16629528257306e-09,1.0,0.0752841430000899,31.0,0.39872616122602333,0.1478524709595136,0.02309362001409454,0.02309362001409454,0.04134416017393393,0.014377788455449942,5.355584325463955e-05,0.008310250327617012,0.043287718647238224
three_point_1d,1,200,56,RR-tiny,8000000.0,4.0,4.0,0.01,2.6610149639338943e-09,1.0,0.011585922999984177,14.0,0.0008968115685416,0.00032192665460534453,2.470353024364158e-07,2.470353024364158e-07,4.857739700558363e-07,4.928356572204553e-05,5.850588769082396e-10,0.007646246577330437,0.00011821285138189413
three_point_1d,1,200,56,BB,1.0,4.0,4.0,0.01,2.9103199850055717e-09,1.0,0.07245780700009163,31.0,5.8327012089627095,1.0419855324710308,1.7698894797331945,1.7698894797331945,3.3645672519460064,0.12970287683675344,0.004216798795662788,0.016489217348850723,0.44040363001384303
three_point_1d,1,200,54,Ordinary,inf,4.0,4.0,0.01,3.0057925481941083e-08,1.0,0.13196600400010539,60.0,0.0,0.0,0.0,0.0,0.0,0.0,0.0,0.005429763682410179,0.0
three_point_1d,1,200,54,RR-balanced,44.90816739296055,4.0,4.0,0.01,1.8472152696347166e-09,1.0,0.1701058670000748,52.0,0.4829896682432231,0.1562537029832587,0.018550349522570286,0.018550349522570286,0.029441719177951613,0.012132954952927093,3.755112346759055e-05,0.005353930546762271,0.11087270472574155
three_point_1d,1,200,54,RR-tiny,8000000.0,4.0,4.0,0.01,2.0320862548217633e-08,1.0,0.014558110000052693,21.0,0.0010355335813261313,0.00035827591099261535,5.449652462630183e-07,5.449652462630183e-07,1.0763920456886495e-06,7.336184450000727e-05,1.368329811678755e-09,0.005429707166933491,0.00015124545525809494
three_point_1d,1,200,54,BB,1.0,4.0,4.0,0.01,3.583626728698164e-10,1.0,0.09687609800016617,47.0,5.166467224460264,0.975278086607413,0.9858304904601027,0.9858304904601027,1.8660188146919627,0.096592412090494,0.002363408814037307,0.008943163629221216,0.5555343091825081
three_point_1d,1,200,57,Ordinary,inf,4.0,4.0,0.01,1.0293434993258188e-08,1.0,0.17520460299988372,52.0,0.0,0.0,0.0,0.0,0.0,0.0,0.0,0.0025897095414219957,0.0
three_point_1d,1,200,57,RR-balanced,44.90816739296055,4.0,4.0,0.01,6.194358359579155e-10,1.0,0.0910949089998212,47.0,0.4074561139934736,0.14168445229360035,0.022110309048457566,0.022110309048457566,0.04176379339668744,0.014450569780580874,5.5256568887968526e-05,0.0026987775698070265,0.05438322407218122
three_point_1d,1,200,57,RR-tiny,8000000.0,4.0,4.0,0.01,5.8497988675298984e-09,1.0,0.009324574999709512,21.0,0.0010870553094272095,0.0003455126128992019,5.246148475634982e-07,5.246148475634982e-07,9.889379482159714e-07,7.031848790382125e-05,1.324591530136124e-09,0.002591606157459077,0.0001537863621971466
three_point_1d,1,200,57,BB,1.0,4.0,4.0,0.01,4.679959753062235e-09,1.0,0.09057823099988127,45.0,3.1160774103791926,0.8378952904676974,3.979215675709497,3.979215675709497,7.225476716669135,0.19007204840098313,0.009771640849486334,0.01930991125732042,0.5314884688331138
three_point_1d,1,200,58,Ordinary,inf,5.0,5.0,0.01,1.426015083794141e-09,1.0,0.14131789199996092,103.0,0.0,0.0,0.0,0.0,0.0,0.0,0.0,0.004692527887423457,0.0
three_point_1d,1,200,58,RR-balanced,44.90816739296055,4.0,4.0,0.01,1.2693495143878408e-09,1.0,0.08972464499993293,43.0,0.40528189824983385,0.14860632345880903,0.0778988338421982,0.0778988338421982,0.14046723643789527,0.02650162602916048,0.0001955705817361938,0.004545692732380959,0.10922054695631135
three_point_1d,1,200,58,RR-tiny,8000000.0,5.0,5.0,0.01,1.3812719856787226e-09,1.0,0.009901374999799373,17.0,0.000996063968846661,0.0003582567618580913,3.90621721635398e-07,3.90621721635398e-07,7.670107765448084e-07,6.192781186772258e-05,9.683167866421002e-10,0.004693240947996226,0.0002797566684990512
three_point_1d,1,200,58,BB,1.0,4.0,4.0,0.01,4.80573336680834e-09,1.0,0.10520717600002172,48.0,4.052043634875344,1.061424104448646,1.9521477597640455,1.9521477597640455,3.362947826237202,0.1296716589358909,0.004702756340294115,0.011831892749129278,0.888875813435458
three_point_1d,1,200,59,Ordinary,inf,4.0,4.0,0.01,1.6895536525396437e-08,1.0,0.10395103500013647,70.0,0.0,0.0,0.0,0.0,0.0,0.0,0.0,0.005933822595161882,0.0
three_point_1d,1,200,59,RR-balanced,44.90816739296055,4.0,4.0,0.01,7.488430764368559e-09,1.0,0.07693963600013376,42.0,0.5018787419095119,0.15127247658254142,0.03341343945260178,0.03341343945260178,0.060247012519721324,0.01735612464228713,7.955396049723484e-05,0.006169088590882851,0.0649510745899431
three_point_1d,1,200,59,RR-tiny,8000000.0,4.0,4.0,0.01,1.3222239525489954e-08,1.0,0.010818175999929736,41.0,0.0009817587563368813,0.0003523997650252649,2.991438350363751e-07,2.991438350363751e-07,5.518577753818656e-07,5.2528933711901365e-05,1.081958509474609e-09,0.005932820299448106,0.0001316230989163145
three_point_1d,1,200,59,BB,1.0,4.0,4.0,0.01,6.459456303176125e-09,1.0,0.09922370399999636,46.0,4.7060244755019625,1.0014451689705848,5.490886769882991,5.490886769882991,7.703861009221876,0.19626335635087203,0.011279590776606778,0.023011986690306414,0.8423543320390676
three_point_1d,1,200,60,Ordinary,inf,4.0,4.0,0.01,5.785372403366296e-09,1.0,0.10917437299985977,54.0,0.0,0.0,0.0,0.0,0.0,0.0,0.0,0.004804204285043346,0.0
three_point_1d,1,200,60,RR-balanced,44.90816739296055,4.0,4.0,0.01,7.918361744074787e-09,1.0,0.06753629200011346,38.0,0.4858252634196101,0.15915098327718358,0.0631815428785103,0.0631815428785103,0.11230265825768752,0.02369627167485294,0.00015894005937104892,0.004810591438779163,0.04584462088691309
three_point_1d,1,200,60,RR-tiny,8000000.0,4.0,4.0,0.01,8.840718823677207e-09,1.0,0.0087284669998553,21.0,0.0010084795984615091,0.0003488986323811841,5.319108709045395e-07,5.319108709045395e-07,1.0290876357507219e-06,7.173170971581264e-05,1.2862825642919842e-09,0.004799861091832128,0.00015992353975368307
three_point_1d,1,200,60,BB,1.0,4.0,4.0,0.01,9.191395644592149e-09,1.0,0.11361217800003942,54.0,4.614497979973777,0.9783786567832092,2.662862200027405,2.662862200027405,4.9476276117122815,0.15728362298269138,0.0060621186672968445,0.013835374652843081,0.5183692879870394
three_point_1d,1,200,61,Ordinary,inf,3.0,3.0,0.01,1.173798991338515e-08,1.0,0.08919108200007031,41.0,0.0,0.0,0.0,0.0,0.0,0.0,0.0,0.008675073718900498,0.0
three_point_1d,1,200,61,RR-balanced,44.90816739296055,3.0,3.0,0.01,9.75716174522745e-09,1.0,0.059803884000075413,25.0,0.6073990489963434,0.1591596444366788,0.10954229977971863,0.10954229977971863,0.21187264760921176,0.0325478607291794,0.00026775331710755064,0.007137286285595299,0.05647966867512589
three_point_1d,1,200,61,RR-tiny,8000000.0,3.0,3.0,0.01,2.529480847002219e-09,1.0,0.0076391469999634865,11.0,0.000885056847508392,0.0003328581082889109,1.856604399108619e-07,1.856604399108619e-07,3.49730498051346e-07,4.181689240315126e-05,4.137341934863302e-10,0.008675453358076554,0.00011422787443343515
three_point_1d,1,200,61,BB,1.0,3.0,3.0,0.01,1.7113154893166893e-08,1.0,0.07069203600008223,31.0,4.861009350872946,0.9646409951184648,0.4910071718270501,0.4910071718270501,0.9539037710184384,0.06906170324494026,0.001188095551716702,0.005634249164690594,0.16419336472021537
three_point_1d,1,200,62,Ordinary,inf,4.0,4.0,0.01,2.164782131330867e-09,1.0,0.12219111000013072,85.0,0.0,0.0,0.0,0.0,0.0,0.0,0.0,0.0022641769731131514,0.0
three_point_1d,1,200,62,RR-balanced,44.90816739296055,3.0,3.0,0.01,7.611154595466019e-09,1.0,0.06431909599996288,27.0,0.41478305223303047,0.15727462701934655,0.12570377138229105,0.12570377138229105,0.23584314642535328,0.03433971071699304,0.00031503992410387527,0.0029464354494558517,0.05593142395255443
three_point_1d,1,200,62,RR-tiny,8000000.0,4.0,4.0,0.01,9.248128929328914e-10,1.0,0.009136653000041406,21.0,0.00110253928854398,0.00033370430800988825,9.174357273877831e-08,9.174357273877831e-08,1.4088501954735552e-07,2.6541007850810367e-05,2.1945195315890128e-10,0.0022637126189462035,9.152384478342188e-05
three_point_1d,1,200,62,BB,1.0,3.0,3.0,0.01,1.999209686687209e-09,1.0,0.06494425699997919,29.0,4.2089368257487125,1.0410377035117861,1.0571748723708652,1.0571748723708652,1.9848971563610398,0.0996217134052873,0.0026722307412254355,0.005450198089069151,0.17497542576174688
three_point_1d,1,200,63,Ordinary,inf,4.0,4.0,0.01,1.3036182577863542e-08,1.0,0.10333099100012078,86.0,0.0,0.0,0.0,0.0,0.0,0.0,0.0,0.002276796042008894,0.0
three_point_1d,1,200,63,RR-balanced,44.90816739296055,4.0,4.0,0.01,3.6661864655229692e-09,1.0,0.08127027999989878,68.0,0.34535336001961503,0.14193030295827522,0.05758807151806877,0.05758807151806877,0.11185899278912984,0.023649417835237493,0.00012808598216062662,0.0021364703699151464,0.1248257563365478
three_point_1d,1,200,63,RR-tiny,8000000.0,4.0,4.0,0.01,5.030109662129689e-11,1.0,0.010645415999988472,22.0,0.0010569373322375508,0.0003549966543478136,3.247774884584942e-07,3.247774884584942e-07,5.566409554644063e-07,5.275608758543445e-05,7.703030190481613e-10,0.0022771947926576224,0.00047818749479131093
three_point_1d,1,200,63,BB,1.0,4.0,4.0,0.01,4.017054466842751e-09,1.0,0.10648468199997296,50.0,3.720351231381188,0.9739811885366942,1.9206232060284947,1.9206232060284947,3.775912541990972,0.137402921038655,0.004639355297986048,0.00710897404296925,0.3953028391620841
three_point_1d,1,200,65,Ordinary,inf,5.0,5.0,0.01,3.242677459880383e-09,1.0,0.12652623100007077,58.0,0.0,0.0,0.0,0.0,0.0,0.0,0.0,0.004728650475132118,0.0
three_point_1d,1,200,65,RR-balanced,44.90816739296055,5.0,5.0,0.01,1.1227721419260206e-08,1.0,0.07582061099992643,43.0,0.5554529695194574,0.15436119591591002,0.04013462850736005,0.04013462850736005,0.07104077264793651,0.018846852873614803,9.467432193319123e-05,0.004954604537637711,0.08837802569351483
three_point_1d,1,200,65,RR-tiny,8000000.0,5.0,5.0,0.01,1.6046586726048417e-08,1.0,0.010154927000030511,24.0,0.0010249675766578203,0.0003461997890006917,3.286591550022422e-07,3.286591550022422e-07,6.035879714951567e-07,5.493577939263066e-05,7.254148076184623e-10,0.004726324875879375,0.0001231572653280856
three_point_1d,1,200,65,BB,1.0,5.0,5.0,0.01,1.788260317603374e-08,1.0,0.07879049500002111,47.0,6.5452520767897715,0.9988662530859452,0.8990816665238981,0.8990816665238981,1.715913676881005,0.09262595955996906,0.0019390813241776607,0.009309708688959117,0.33324371497684063
three_point_1d,1,200,64,Ordinary,inf,5.0,5.0,0.01,8.407210261296427e-08,1.0,0.12913805499988484,72.0,0.0,0.0,0.0,0.0,0.0,0.0,0.0,0.007439546761352601,0.0
three_point_1d,1,200,64,RR-balanced,44.90816739296055,5.0,5.0,0.01,1.607347588361563e-10,1.0,0.13062789000014163,61.0,0.4731578260307234,0.1542761879572595,0.0699980985753541,0.0699980985753541,0.14076646810245383,0.026529838682364224,0.0001783941315017418,0.008105331603331413,0.0724898319759043
three_point_1d,1,200,64,RR-tiny,8000000.0,5.0,5.0,0.01,4.298399569613309e-08,1.0,0.011836919000188573,46.0,0.0010988935721045756,0.0003976954692836827,4.4985171143707703e-07,4.4985171143707703e-07,8.443081811475098e-07,6.497338613415148e-05,1.117464805974612e-09,0.007440757689924777,0.0002120206427752537
three_point_1d,1,200,64,BB,1.0,4.0,4.0,0.01,9.43922118246121e-09,1.0,0.13278408299993316,50.0,5.729978381814648,1.0331363899042978,3.962791206540146,3.962791206540146,8.340182862320232,0.20420801725593724,0.009553992832390352,0.006619357865135775,0.3626568069461952
three_point_1d,1,200,66,Ordinary,inf,4.0,4.0,0.01,4.808966114211444e-09,1.0,0.09173313100018277,42.0,0.0,0.0,0.0,0.0,0.0,0.0,0.0,0.005093843161683034,0.0
three_point_1d,1,200,66,RR-balanced,44.90816739296055,4.0,4.0,0.01,8.669642781455877e-11,1.0,0.0631422129999919,29.0,0.48663262192485734,0.16030994980121127,0.02134988673992666,0.02134988673992666,0.04174869450143949,0.014447957381830743,4.96959213815088e-05,0.004969180461734105,0.03217798578027479
three_point_1d,1,200,66,RR-tiny,8000000.0,4.0,4.0,0.01,5.560091276279877e-09,1.0,0.008458229999860123,14.0,0.000805451595366824,0.0003182341451591194,3.043851961592736e-07,3.043851961592736e-07,5.682703786129313e-07,5.330433277947165e-05,6.89267037476412e-10,0.00509626226187579,0.00017087164007966035
three_point_1d,1,200,66,BB,1.0,4.0,4.0,0.01,2.034410195861369e-09,1.0,0.09926470499999596,37.0,4.522155735071979,0.9524307475796217,2.050230123654444,2.050230123654444,4.125547273683798,0.1436235926594896,0.004530899568186731,0.015367098345610142,0.21946092401892228
three_point_1d,1,200,67,Ordinary,inf,3.0,3.0,0.01,2.7755575615628914e-13,1.0,0.09123031299986906,39.0,0.0,0.0,0.0,0.0,0.0,0.0,0.0,0.0016343442251774902,0.0
three_point_1d,1,200,67,RR-balanced,44.90816739296055,3.0,3.0,0.01,2.235116758342315e-09,1.0,0.08444039599999087,31.0,0.4605447599332251,0.15500375864781624,0.07259268448945022,0.07259268448945022,0.10277818573428824,0.022669162504853176,0.00016218213932603674,0.0024628009822425007,0.045170942320089544
three_point_1d,1,200,67,RR-tiny,8000000.0,3.0,3.0,0.01,1.308486874407322e-09,1.0,0.008190638000087347,10.0,0.0010271074371155375,0.0003542260037702431,3.703710262925597e-07,3.703710262925597e-07,6.523564964959793e-07,5.711201697086084e-05,8.281897917764666e-10,0.0016334099905872669,0.00016561909491809228
three_point_1d,1,200,67,BB,1.0,4.0,4.0,0.01,1.0257465321572568e-08,1.0,0.07093724500009557,39.0,5.113218470083906,1.0039808887114736,0.8321087731824832,0.8321087731824832,1.2069385878316625,0.07768328609912374,0.0017093863525626486,0.001808984072298518,0.18347202332688006
three_point_1d,1,200,70,Ordinary,inf,4.0,4.0,0.01,1.6570574690177864e-08,1.0,0.09536119600011261,55.0,0.0,0.0,0.0,0.0,0.0,0.0,0.0,0.003857216339886952,0.0
three_point_1d,1,200,70,RR-balanced,44.90816739296055,3.0,3.0,0.01,2.361639772630042e-10,1.0,0.04304191500000343,22.0,0.4394369752070777,0.1469393640511711,0.06355629229449278,0.06355629229449278,0.11413452170973122,0.023888754855551933,0.0002170660627322566,0.004120531134566122,0.053280440830824075
three_point_1d,1,200,70,RR-tiny,8000000.0,4.0,4.0,0.01,1.8425426961954372e-08,1.0,0.009056382999915513,24.0,0.0008892650391765233,0.00034134354140133764,4.319433060118172e-07,4.319433060118172e-07,8.351674233318886e-07,6.462071739511597e-05,1.2483567991853055e-09,0.0038590271020972136,0.00011136554905217242
three_point_1d,1,200,70,BB,1.0,4.0,4.0,0.01,1.859129294956574e-08,1.0,0.06309096699988004,40.0,5.533149114060049,1.0461736611182468,4.429448521272661,4.429448521272661,9.903976247302761,0.2225306298838742,0.010039348763911013,0.010069654256652471,0.3396214143862382
three_point_1d,1,200,68,Ordinary,inf,4.0,4.0,0.01,3.1076141659980294e-10,1.0,0.09808936600006746,41.0,0.0,0.0,0.0,0.0,0.0,0.0,0.0,0.0067193684776864025,0.0
three_point_1d,1,200,68,RR-balanced,44.90816739296055,4.0,4.0,0.01,7.779974442456705e-09,1.0,0.06933056400021087,31.0,0.4308147528010733,0.1522224639505435,0.047971333350460554,0.047971333350460554,0.08288867672378847,0.02035788259173685,0.00010899280085632547,0.006689970965749218,0.05482436059247735
three_point_1d,1,200,68,RR-tiny,8000000.0,4.0,4.0,0.01,3.9760319481274564e-09,1.0,0.008244429000114906,15.0,0.0009015052493703823,0.0003508951299579453,1.49282186612254e-07,1.49282186612254e-07,2.221448255981238e-07,3.332752808101163e-05,3.305855204259558e-10,0.006721391571901823,7.078269956273009e-05
three_point_1d,1,200,68,BB,1.0,4.0,4.0,0.01,7.1482890717788905e-09,1.0,0.12602045500011627,36.0,6.183715780425663,0.9998331575943884,2.5252468894416324,2.5252468894416324,4.385219337085116,0.14807463214685213,0.00616554763642071,0.016561715761706428,0.2745871355993809
three_point_1d,1,200,69,Ordinary,inf,4.0,4.0,0.01,5.191291174710955e-09,1.0,0.12481696700024258,58.0,0.0,0.0,0.0,0.0,0.0,0.0,0.0,0.005865847648548166,0.0
three_point_1d,1,200,69,RR-balanced,44.90816739296055,4.0,4.0,0.01,3.0811109219541777e-09,1.0,0.1208135049998873,46.0,0.5454409297207694,0.15117459011657156,0.1219084805551347,0.1219084805551347,0.2402038923375353,0.03465572768948413,0.0002846291363943249,0.005671372509236666,0.11879632734257081
three_point_1d,1,200,69,RR-tiny,8000000.0,4.0,4.0,0.01,3.0036062526050955e-09,1.0,0.015041667999867059,24.0,0.001043231971674552,0.00030991490455405986,5.447218427434564e-07,5.447218427434564e-07,1.05313765639001e-06,7.256506240574764e-05,1.352599613708322e-09,0.0058645992180266625,0.0002587080461708676
three_point_1d,1,200,69,BB,1.0,4.0,4.0,0.01,6.6364078676883764e-09,1.0,0.10538851000001159,47.0,6.78718065868765,1.048225106493974,5.146108986301783,5.146108986301783,9.1221287451074,0.21356648549230986,0.01304630204951177,0.014199851501653388,0.5894619899573567
three_point_1d,1,200,71,Ordinary,inf,4.0,4.0,0.01,3.2237059688355885e-09,1.0,0.0991146999999728,50.0,0.0,0.0,0.0,0.0,0.0,0.0,0.0,0.010959681273064495,0.0
three_point_1d,1,200,71,RR-balanced,44.90816739296055,4.0,4.0,0.01,3.8610772357117185e-09,1.0,0.07888179200017476,38.0,0.45923991854778246,0.14681035775158477,0.05029297323267201,0.05029297323267201,0.09303099626682043,0.021567451897108805,0.00012332699710103053,0.010964638830097346,0.06906522708222111
three_point_1d,1,200,71,RR-tiny,8000000.0,4.0,4.0,0.01,1.1930210597199675e-08,1.0,0.009543055000222012,21.0,0.0010086762205698818,0.0003476012681970806,3.9909343740873737e-07,3.9909343740873737e-07,7.701967548377386e-07,6.205629520192689e-05,1.0142233249835084e-09,0.01095905128259377,0.00012634924053134394
three_point_1d,1,200,71,BB,1.0,4.0,4.0,0.01,1.0156643970304913e-07,1.0,0.06522652299986476,42.0,3.7280465304918167,1.0118371290606416,2.7933879859165245,2.7933879859165245,5.326861812408318,0.16320021158700007,0.006581720880347033,0.024005708715392725,0.4087276162038618
three_point_1d,1,200,72,Ordinary,inf,4.0,4.0,0.01,4.267856512640833e-09,1.0,0.11329611099995418,50.0,0.0,0.0,0.0,0.0,0.0,0.0,0.0,0.008710982073554915,0.0
three_point_1d,1,200,72,RR-balanced,44.90816739296055,4.0,4.0,0.01,4.880999382450568e-09,1.0,0.07946152600015921,37.0,0.40650382965464305,0.13783339259830457,0.1035988895414448,0.1035988895414448,0.19612160239101156,0.03131466129395395,0.0002448778319246523,0.010558029587116694,0.07422999966890063
three_point_1d,1,200,72,RR-tiny,8000000.0,4.0,4.0,0.01,2.2702457691536893e-09,1.0,0.009440541000003577,17.0,0.0014250236133646066,0.0003684693446128564,4.30096690706705e-07,4.30096690706705e-07,8.142355179691099e-07,6.380578022284148e-05,1.0730092233392684e-09,0.008714400877605805,0.00019708863957365347
three_point_1d,1,200,72,BB,1.0,4.0,4.0,0.01,1.6841510408482918e-09,1.0,0.11920681599985983,47.0,2.902180420299273,0.8459645239754341,3.297488994185983,3.297488994185983,6.452511295494583,0.17961780668261404,0.008029950059475988,0.00229931042114852,0.3386301905666342
three_point_1d,1,200,73,Ordinary,inf,4.0,4.0,0.01,8.419441588358723e-09,1.0,0.1249246590000439,70.0,0.0,0.0,0.0,0.0,0.0,0.0,0.0,0.005323258837700215,0.0
three_point_1d,1,200,73,RR-balanced,44.90816739296055,4.0,4.0,0.01,1.2056023290796247e-08,1.0,0.07772774399995797,46.0,0.4318691286772036,0.1460082732541171,0.050782597018326214,0.050782597018326214,0.09511527105741409,0.021807713206273383,0.00012249900986182583,0.00436825468001585,0.08590420051917706
three_point_1d,1,200,73,RR-tiny,8000000.0,4.0,4.0,0.01,7.731487006168436e-09,1.0,0.009328572000185886,22.0,0.0011788626305445637,0.0003599902686482727,1.612469873180089e-07,1.612469873180089e-07,2.7887550417922975e-07,3.73413647433533e-05,3.632372590158499e-10,0.005321005754212003,0.00030938329217910723
three_point_1d,1,200,73,BB,1.0,3.0,3.0,0.01,8.936076323351472e-10,1.0,0.06023140900015278,28.0,5.486241265362513,1.0104363029487624,1.3744581112834453,1.3744581112834453,2.730530707344042,0.11684456999244855,0.0032818508514058085,0.012198880115349532,0.2914489089652411
three_point_1d,1,200,74,Ordinary,inf,3.0,3.0,0.01,2.53994825172299e-10,1.0,0.08408886699976392,37.0,0.0,0.0,0.0,0.0,0.0,0.0,0.0,0.0004434455443887423,0.0
three_point_1d,1,200,74,RR-balanced,44.90816739296055,3.0,3.0,0.01,2.3681343552794942e-09,1.0,0.07871452099993803,27.0,0.35022340690571174,0.14303114209038742,0.020392557172158376,0.020392557172158376,0.03846545779510597,0.01386821145553852,5.0467181708321346e-05,0.00045432123585475504,0.028880832988647777
three_point_1d,1,200,74,RR-tiny,8000000.0,3.0,3.0,0.01,4.174415924040886e-09,1.0,0.007980782000004183,10.0,0.001041305121725733,0.0003432439245008957,1.5727914615126792e-07,1.5727914615126792e-07,2.9552606136512277e-07,3.843995716472137e-05,3.690592924402717e-10,0.0004434455550373897,9.038246761653304e-05
three_point_1d,1,200,74,BB,1.0,3.0,3.0,0.01,1.370004110157197e-10,1.0,0.0709377770001538,32.0,3.47186445390118,0.8838064265801198,0.45244571683110735,0.45244571683110735,0.7728907348581346,0.06216473014733252,0.0009461302903696939,0.0012876007750776829,0.24185156830191037
three_point_1d,1,200,75,Ordinary,inf,3.0,3.0,0.01,9.574274706380947e-11,1.0,0.0879941279997638,39.0,0.0,0.0,0.0,0.0,0.0,0.0,0.0,0.005225354958750662,0.0
three_point_1d,1,200,75,RR-balanced,44.90816739296055,3.0,3.0,0.01,4.758871074983517e-09,1.0,0.09285791399997834,30.0,0.4477451410321094,0.16095544727248556,0.05500916271364531,0.05500916271364531,0.09535079714670266,0.02183469683172893,0.00013816080641160345,0.004664896024668871,0.03291380529897082
three_point_1d,1,200,75,RR-tiny,8000000.0,3.0,3.0,0.01,4.3917891545675047e-10,1.0,0.007654700000102821,10.0,0.0009104093581127071,0.00034066909761777886,5.024179472457035e-07,5.024179472457035e-07,9.509092352009587e-07,6.895321729988234e-05,1.2626573136041348e-09,0.005222858769830464,9.895832953996462e-05
three_point_1d,1,200,75,BB,1.0,4.0,4.0,0.01,8.557926145513761e-09,1.0,0.07763657499981491,97.0,3.5462213085874925,0.9174508892813905,0.8471248599069554,0.8471248599069554,1.469472884662098,0.08571676862382581,0.0020298073001670477,0.0073555622359941664,0.17985120640110344
three_point_1d,1,200,79,Ordinary,inf,3.0,3.0,0.01,8.566127140952062e-09,1.0,0.08599495700013904,39.0,0.0,0.0,0.0,0.0,0.0,0.0,0.0,0.008335927963737867,0.0
three_point_1d,1,200,79,RR-balanced,44.90816739296055,3.0,3.0,0.01,3.102953893829863e-09,1.0,0.07868305200008763,31.0,0.6153547784288882,0.1632721933656028,0.07441274320558477,0.07441274320558477,0.1364616720810722,0.026121032912298107,0.00018059965334144202,0.009068167770594425,0.056039432926678616
three_point_1d,1,200,79,RR-tiny,8000000.0,3.0,3.0,0.01,2.0618384777293386e-09,1.0,0.009086467000088305,10.0,0.0009547628019892507,0.00033511750993746553,1.1574684322113171e-07,1.1574684322113171e-07,2.2240280796927187e-07,3.334687451390849e-05,2.8930952379932977e-10,0.008334947636573716,5.197912454897032e-05
three_point_1d,1,200,79,BB,1.0,4.0,4.0,0.01,7.995164086338491e-09,1.0,0.09058990900007302,48.0,3.484036122909024,0.8604390383603675,1.169584665041441,1.169584665041441,1.7854348522664414,0.09448372484895061,0.002897210159716796,0.011770373810051074,0.0975286007841128
three_point_1d,1,200,77,Ordinary,inf,4.0,4.0,0.01,3.6421416993448474e-09,1.0,0.11066549899965139,64.0,0.0,0.0,0.0,0.0,0.0,0.0,0.0,0.005550190629203613,0.0
three_point_1d,1,200,77,RR-balanced,44.90816739296055,4.0,4.0,0.01,2.9193718553699455e-09,1.0,0.0982070229999863,64.0,0.640266106894319,0.1435379380748949,0.015791266592145803,0.015791266592145803,0.027637883683912984,0.011755399543170147,3.612197917139055e-05,0.0054127547376934294,0.1216440952539202
three_point_1d,1,200,77,RR-tiny,8000000.0,4.0,4.0,0.01,1.181139852590718e-08,1.0,0.009041078999871388,12.0,0.0010035304177905546,0.00035169709060677587,2.1039676312284428e-07,2.1039676312284428e-07,3.9015589951794227e-07,4.416762952196678e-05,5.361847690503556e-10,0.0055519286310251326,8.58621306517801e-05
three_point_1d,1,200,77,BB,1.0,4.0,4.0,0.01,4.3224468448954667e-10,1.0,0.12425752299986925,55.0,4.430662877559746,0.9122002626053682,2.361434067565199,2.361434067565199,4.32555163385428,0.14706378945638318,0.005625491342927248,0.014370120004869757,0.4511385497845349
three_point_1d,1,200,78,Ordinary,inf,4.0,4.0,0.01,2.366322471303306e-09,1.0,0.11050684899987573,46.0,0.0,0.0,0.0,0.0,0.0,0.0,0.0,0.008535452876997638,0.0
three_point_1d,1,200,78,RR-balanced,44.90816739296055,4.0,4.0,0.01,8.552993424615352e-09,1.0,0.11063639500025602,42.0,0.4150576607160238,0.13883807881027807,0.10006343491528469,0.10006343491528469,0.171580438338109,0.02928996742385599,0.00022060308769862233,0.00829844137912051,0.132736629208634
three_point_1d,1,200,78,RR-tiny,8000000.0,4.0,4.0,0.01,1.168171581689137e-08,1.0,0.008834046999936618,17.0,0.0010143944172416042,0.0003431255864858985,2.7880878405994736e-07,2.7880878405994736e-07,5.29820842025502e-07,5.146944928914151e-05,7.092463251446561e-10,0.008533517243183925,9.186869740896533e-05
three_point_1d,1,200,78,BB,1.0,4.0,4.0,0.01,2.240527097185918e-09,1.0,0.07194475199980843,34.0,3.643256322142098,1.0226035014472319,1.8877907702628818,1.8877907702628818,3.3896810592815125,0.13018604109660745,0.004224577415946791,0.017376721394685227,0.38057316127286034
three_point_1d,1,200,76,Ordinary,inf,4.0,4.0,0.01,3.0039344345311747e-09,1.0,0.13980227999991257,56.0,0.0,0.0,0.0,0.0,0.0,0.0,0.0,0.0034879356841842008,0.0
three_point_1d,1,200,76,RR-balanced,44.90816739296055,4.0,4.0,0.01,1.2297260321147974e-08,1.0,0.11492190099988875,42.0,0.47462982677309506,0.16109434294619168,0.13729865204356884,0.13729865204356884,0.25838008226919407,0.03594301616929178,0.00032730194804737466,0.004325975926777305,0.1521366181867407
three_point_1d,1,200,76,RR-tiny,8000000.0,4.0,4.0,0.01,6.189770918041404e-10,1.0,0.00859676999994008,17.0,0.0010342253180435357,0.0003565219995017144,2.0053721527801827e-07,2.0053721527801827e-07,3.792511631555611e-07,4.3546019517032846e-05,4.775681952464825e-10,0.003487745565442968,0.00013232657296114882
three_point_1d,1,200,76,BB,1.0,4.0,4.0,0.01,2.920267139217003e-09,1.0,0.09961275999989994,43.0,4.938423089329408,1.0732934350714352,1.961428757765475,1.961428757765475,3.074392985830717,0.1239837284854492,0.004502278875826632,0.012044380933092687,0.63056831356202
three_point_1d,1,200,82,Ordinary,inf,3.0,3.0,0.01,7.748690578068818e-11,1.0,0.07517751300019881,34.0,0.0,0.0,0.0,0.0,0.0,0.0,0.0,0.0028982671691019516,0.0
three_point_1d,1,200,82,RR-balanced,44.90816739296055,3.0,3.0,0.01,1.5179191237280065e-11,1.0,0.04670712599977378,22.0,0.4309408452487813,0.14697522658883772,0.052327213253363425,0.052327213253363425,0.10313630240217771,0.02270862197516372,0.00012740103271281322,0.0035775431029315343,0.03760782445665853
three_point_1d,1,200,82,RR-tiny,8000000.0,3.0,3.0,0.01,2.8301563315125122e-09,1.0,0.00755934700009675,10.0,0.0009867365250231241,0.000331225833243953,2.404215706519608e-07,2.404215706519608e-07,3.5460525009964384e-07,4.2107318253460635e-05,5.871759764732484e-10,0.002897933124450307,6.093380125288439e-05
three_point_1d,1,200,82,BB,1.0,3.0,3.0,0.01,6.470646241041322e-11,1.0,0.07210085700012314,31.0,8.650472990264356,1.187194998632822,1.7062112416145396,1.7062112416145396,3.174389712904272,0.1259839218492636,0.003873643282471838,0.008422490562875147,0.2941869652615073
three_point_1d,1,200,83,Ordinary,inf,3.0,3.0,0.01,8.458239886266483e-09,1.0,0.09814182399986748,38.0,0.0,0.0,0.0,0.0,0.0,0.0,0.0,0.0022695189013831026,0.0
three_point_1d,1,200,83,RR-balanced,44.90816739296055,3.0,3.0,0.01,5.300608840741461e-10,1.0,0.06982177600025352,28.0,0.4432759471440545,0.1469143248324319,0.07040117153775327,0.07040117153775327,0.13710731614837912,0.026182753498092893,0.0001692159609302705,0.0021974959159248267,0.06635727514000238
three_point_1d,1,200,83,RR-tiny,8000000.0,3.0,3.0,0.01,7.273459612378019e-10,1.0,0.006935758000054193,9.0,0.0009863694552620927,0.00035877954135814954,6.266974423851934e-07,6.266974423851934e-07,9.763511264539013e-07,6.98695615577306e-05,1.3972406169286692e-09,0.0022724323510579228,0.00019671523165798482
three_point_1d,1,200,83,BB,1.0,3.0,3.0,0.01,4.893606631029002e-09,1.0,0.08065823899983116,32.0,4.681976206748206,1.0186121922757927,3.6711655521863804,3.6711655521863804,7.4242597238818675,0.1926688833709516,0.008425858706224762,0.008462385526341888,0.29416907831491973
three_point_1d,1,200,81,Ordinary,inf,5.0,5.0,0.01,5.272207292961184e-08,1.0,0.10152917599998545,67.0,0.0,0.0,0.0,0.0,0.0,0.0,0.0,0.014329376851102547,0.0
three_point_1d,1,200,81,RR-balanced,44.90816739296055,5.0,5.0,0.01,5.796934043900137e-09,1.0,0.07260745100006716,60.0,0.420048374752817,0.1303394525641673,0.0481352006327711,0.0481352006327711,0.08983118220514598,0.02119329872921462,9.772729262861857e-05,0.013904680499539843,0.073915629996134
three_point_1d,1,200,81,RR-tiny,8000000.0,5.0,5.0,0.01,2.4253947739083515e-09,1.0,0.01243399899999531,23.0,0.0008957734241592519,0.00034796303066612433,3.3143811606350937e-07,3.3143811606350937e-07,5.610075945129763e-07,5.296260919332507e-05,6.917320869776448e-10,0.014326350654262764,0.0002462660450956659
three_point_1d,1,200,81,BB,1.0,5.0,5.0,0.01,3.4780380353538476e-08,1.0,0.14918640400014738,56.0,9.309693291263011,1.1211590495969521,1.4216821399979835,1.4216821399979835,2.525633768154494,0.11237512554285521,0.003599381916862883,0.008031786434195649,0.463646624729193
three_point_1d,1,200,80,Ordinary,inf,4.0,4.0,0.01,2.175101077028785e-08,1.0,0.11490116999993916,58.0,0.0,0.0,0.0,0.0,0.0,0.0,0.0,0.005971722908358773,0.0
three_point_1d,1,200,80,RR-balanced,44.90816739296055,3.0,3.0,0.01,9.569367520612104e-11,1.0,0.07880821200024002,31.0,0.44228418609658315,0.14926338943573994,0.05532896599044079,0.05532896599044079,0.10642207833315408,0.023067518108062044,0.00014447364149109234,0.005184172323959303,0.059747384386490535
three_point_1d,1,200,80,RR-tiny,8000000.0,4.0,4.0,0.01,1.4185890240270282e-08,1.0,0.01653232300009222,26.0,0.0009769578559486458,0.0003199233996391197,2.1925836790614994e-07,2.1925836790614994e-07,4.2653148807434074e-07,4.6180704199608126e-05,5.422581714107263e-10,0.005972598992318414,6.9380891903577e-05
three_point_1d,1,200,80,BB,1.0,3.0,3.0,0.01,5.535663261113655e-09,1.0,0.15590812099981122,39.0,7.455667991882262,1.1281547248235768,4.347997784355584,4.347997784355584,8.485135651278686,0.2059749457006687,0.010419732272637459,0.012142613074468046,0.5103634073023032
three_point_1d,1,200,84,Ordinary,inf,4.0,4.0,0.01,3.3147797839916393e-09,1.0,0.09763076500007628,46.0,0.0,0.0,0.0,0.0,0.0,0.0,0.0,0.015341994635269599,0.0
three_point_1d,1,200,84,RR-balanced,44.90816739296055,4.0,4.0,0.01,3.967605954890985e-08,1.0,0.09244487299997672,42.0,0.41657190028501545,0.15296618469881587,0.0759273844533368,0.0759273844533368,0.12331312995608668,0.024830740016770207,0.0001791775877130504,0.015523672246696376,0.08941046735971084
three_point_1d,1,200,84,RR-tiny,8000000.0,4.0,4.0,0.01,5.978615380541896e-09,1.0,0.008800676999953794,15.0,0.0010593885505869594,0.00033059879216551996,5.960209819022566e-07,5.960209819022566e-07,1.086553309070913e-06,7.370730320229173e-05,1.2783128681422645e-09,0.01534666531929168,0.00036670177757571376
three_point_1d,1,200,84,BB,1.0,4.0,4.0,0.01,1.3253845354554983e-08,1.0,0.10140843499993935,45.0,3.3116386909821287,0.9067390891361196,2.3701921204404357,2.3701921204404357,4.470297029481664,0.14950413087071648,0.0058100716970991804,0.007245613619333022,0.31173344614394244
three_point_1d,1,200,85,Ordinary,inf,4.0,4.0,0.01,1.7002705465785084e-08,1.0,0.12061711000001196,57.0,0.0,0.0,0.0,0.0,0.0,0.0,0.0,0.001429385863309888,0.0
three_point_1d,1,200,85,RR-balanced,44.90816739296055,5.0,5.0,0.01,2.4486690897163044e-08,1.0,0.09384345000012217,106.0,0.44983685999506995,0.15197123544017838,0.09290831194732618,0.09290831194732618,0.15982643364163715,0.028268925841074787,0.0001980738339158816,0.0014776388971382887,0.26431900345036174
three_point_1d,1,200,85,RR-tiny,8000000.0,4.0,4.0,0.01,2.501136409094329e-09,1.0,0.016815257999951427,18.0,0.0011216139857308516,0.0003498708526628447,4.485894464778539e-07,4.485894464778539e-07,8.839382367029227e-07,6.648075799443485e-05,1.1158149106101649e-09,0.0014302335836218797,0.0001851467701550471
three_point_1d,1,200,85,BB,1.0,3.0,3.0,0.01,1.2474442812049347e-08,1.0,0.0666913789998489,31.0,5.886568550954898,1.047716449516841,3.177323548691163,3.177323548691163,6.248519714577618,0.1767557596597296,0.007247134392012398,0.005722062299090239,0.7446270247791226
three_point_1d,1,200,86,Ordinary,inf,4.0,4.0,0.01,7.051881079078726e-09,1.0,0.1321902989998307,68.0,0.0,0.0,0.0,0.0,0.0,0.0,0.0,0.0025461282551049102,0.0
three_point_1d,1,200,86,RR-balanced,44.90816739296055,3.0,3.0,0.01,4.117119090096821e-09,1.0,0.07779300200013495,26.0,0.47503289704814233,0.15459034066708757,0.04586417974979895,0.04586417974979895,0.09058836811112468,0.02128243032540277,0.00011155659482829369,0.002771030214121375,0.05423571301176005
three_point_1d,1,200,86,RR-tiny,8000000.0,4.0,4.0,0.01,6.56910303931113e-10,1.0,0.010419394999871656,35.0,0.0010000223128407981,0.00034119284983336767,2.704558141886082e-07,2.704558141886082e-07,4.760308801697196e-07,4.878682609935389e-05,5.766248447660028e-10,0.0025469921061284802,0.00041297911236905943
three_point_1d,1,200,86,BB,1.0,4.0,4.0,0.01,3.746513987934463e-09,1.0,0.10251991899986024,51.0,4.008021777789987,0.9613347549081818,1.309430388638873,1.309430388638873,2.5238082246966673,0.11233450548911202,0.003342632911383115,0.006272834393050928,0.24022897577104513
three_point_1d,1,200,87,Ordinary,inf,4.0,4.0,0.01,3.3833575940889205e-09,1.0,0.15092423199985205,55.0,0.0,0.0,0.0,0.0,0.0,0.0,0.0,0.012292371339128434,0.0
three_point_1d,1,200,87,RR-balanced,44.90816739296055,4.0,4.0,0.01,3.956334149179952e-09,1.0,0.10547713400001157,46.0,0.44641817475405965,0.13159759622637493,0.04753279763713181,0.04753279763713181,0.08319916481012093,0.020395975682732236,0.00011662006111322047,0.011029300633250827,0.043227545992561796
three_point_1d,1,200,87,RR-tiny,8000000.0,4.0,4.0,0.01,1.1219874362922155e-08,1.0,0.015429432000019005,13.0,0.0009588586260544929,0.00036056474994834226,6.595431045752775e-07,6.595431045752775e-07,1.2712141669715321e-06,7.972496995833652e-05,1.6103385642195242e-09,0.012294856594960222,0.00020519473783294745
three_point_1d,1,200,87,BB,1.0,4.0,4.0,0.01,7.762270826106032e-09,1.0,0.10400727900014317,49.0,7.371423597937294,1.2070511333576324,2.0352190256773497,2.0352190256773497,3.9279996594815128,0.14014277825634672,0.0049053905672691205,0.008722907744724695,0.3202986058992995
three_point_1d,1,200,88,Ordinary,inf,5.0,5.0,0.01,1.691538975556739e-08,1.0,0.16507792200013682,67.0,0.0,0.0,0.0,0.0,0.0,0.0,0.0,0.011951242153986012,0.0
three_point_1d,1,200,88,RR-balanced,44.90816739296055,5.0,5.0,0.01,2.8775842819683817e-08,1.0,0.12319437300016034,100.0,0.5593691139225381,0.15869295331009234,0.03823620986611331,0.03823620986611331,0.07232405620124495,0.019016316178645767,9.746645307874712e-05,0.011799900477024249,0.057011344126587066
three_point_1d,1,200,88,RR-tiny,8000000.0,5.0,5.0,0.01,1.815207206767866e-08,1.0,0.01201888500008863,40.0,0.0010488464541936748,0.00033547116575993117,1.7978879895963473e-07,1.7978879895963473e-07,2.7930874154606686e-07,3.737035867810656e-05,4.498887497516874e-10,0.011950158461372758,0.0002017681981905517
three_point_1d,1,200,88,BB,1.0,5.0,5.0,0.01,1.8138927915245517e-08,1.0,0.10185999499981335,49.0,5.275130053083869,1.0641887428534091,3.210227246550062,3.210227246550062,5.484665829299661,0.16559990684326578,0.007963129939858971,0.024270494570513078,0.6757925932701391
three_point_1d,1,200,89,Ordinary,inf,5.0,5.0,0.01,3.683797156206481e-08,1.0,0.11365093600011278,69.0,0.0,0.0,0.0,0.0,0.0,0.0,0.0,0.0033680251214321597,0.0
three_point_1d,1,200,89,RR-balanced,44.90816739296055,4.0,4.0,0.01,1.5909307204964307e-09,1.0,0.15076911899996048,42.0,0.4221222038578767,0.1535072019993507,0.04978868130609726,0.04978868130609726,0.09378465180935094,0.021654635971236152,0.00010645294273102504,0.0030554533441895003,0.07060475469199985
three_point_1d,1,200,89,RR-tiny,8000000.0,5.0,5.0,0.01,5.132902991533683e-10,1.0,0.015446277999899394,15.0,0.0009271703209696724,0.00032584096459614074,2.887649088734179e-07,2.887649088734179e-07,5.174046141041244e-07,5.086278669637186e-05,7.094610757554683e-10,0.0033686287866587024,0.0001310301076214182
three_point_1d,1,200,89,BB,1.0,4.0,4.0,0.01,9.074446083445764e-09,1.0,0.12153264800008401,56.0,3.6920258184421977,0.9519686169061534,2.7224486157076058,2.7224486157076058,4.78625104382323,0.15469730191285222,0.0061655859663413415,0.0038384871017236354,0.623001924885848
three_point_1d,1,200,91,Ordinary,inf,3.0,3.0,0.01,6.003828545431134e-10,1.0,0.0856324209999002,37.0,0.0,0.0,0.0,0.0,0.0,0.0,0.0,0.001555432770331901,0.0
three_point_1d,1,200,91,RR-balanced,44.90816739296055,3.0,3.0,0.01,2.1051560494811383e-10,1.0,0.07447724700000435,33.0,0.4300038970506037,0.14661927536728986,0.08811980242285244,0.08811980242285244,0.1544151394418109,0.02778625014659327,0.00018980681444081388,0.0021354842733109485,0.125951199661981
three_point_1d,1,200,91,RR-tiny,8000000.0,3.0,3.0,0.01,1.0620403889660679e-08,1.0,0.008029523999994126,10.0,0.0009808783952702793,0.0003378224005432862,1.6064592500697472e-07,1.6064592500697472e-07,3.01292974365399e-07,3.881320486415667e-05,3.7375085194481674e-10,0.0015558415255279697,0.00014462787816108607
three_point_1d,1,200,91,BB,1.0,4.0,4.0,0.01,9.680026780145567e-09,1.0,0.09002483800009031,47.0,3.5929527831393866,0.9437973814498153,1.1842661452005814,1.1842661452005814,1.7000965561086716,0.09219806278085976,0.0020943335590200497,0.005367046681017718,0.5213003230017513
three_point_1d,1,200,90,Ordinary,inf,4.0,4.0,0.01,1.0379965775797473e-08,1.0,0.17470790800007308,46.0,0.0,0.0,0.0,0.0,0.0,0.0,0.0,0.008557035702605046,0.0
three_point_1d,1,200,90,RR-balanced,44.90816739296055,4.0,4.0,0.01,1.980076191898661e-08,1.0,0.08159673199975259,61.0,0.6249142014711275,0.15411706934348765,0.1571372790682517,0.1571372790682517,0.3014978425427948,0.03882639839998006,0.0003898096907543733,0.0065201639091598766,0.1606656300120084
three_point_1d,1,200,90,RR-tiny,8000000.0,4.0,4.0,0.01,1.4132432557545371e-08,1.0,0.010396120000223164,25.0,0.0009075738596859839,0.00034157183421566935,3.0397586670005694e-08,3.0397586670005694e-08,5.159585982219194e-08,1.6061734000753458e-05,6.814283996259303e-11,0.0085572872534528,0.00012599662421322987
three_point_1d,1,200,90,BB,1.0,5.0,5.0,0.01,6.17284001691587e-14,1.0,0.10304575199984356,70.0,4.176373878541576,1.0057958634864486,2.747114119981859,2.747114119981859,5.033867416471897,0.15864847015448805,0.007326692495809006,0.017152205741975297,0.4019865160074657
three_point_1d,1,200,92,Ordinary,inf,4.0,4.0,0.01,1.2862271248081925e-09,1.0,0.1417840150002121,54.0,0.0,0.0,0.0,0.0,0.0,0.0,0.0,0.004920230423731535,0.0
three_point_1d,1,200,92,RR-balanced,44.90816739296055,4.0,4.0,0.01,2.335934334851686e-09,1.0,0.060837831999833725,39.0,0.5256783446006412,0.14803459737694835,0.01988317682179286,0.01988317682179286,0.03525491412026455,0.013276843397484311,4.452942310079315e-05,0.005075531481687637,0.03746434222062062
three_point_1d,1,200,92,RR-tiny,8000000.0,4.0,4.0,0.01,2.1680211848007502e-08,1.0,0.009622143999877153,22.0,0.00111823257646404,0.00033003493452137277,1.8106544530382962e-07,1.8106544530382962e-07,3.4015178857711156e-07,4.124025876356207e-05,4.5738728027341575e-10,0.004918409639682066,8.896390719392959e-05
three_point_1d,1,200,92,BB,1.0,3.0,3.0,0.01,2.785827568629884e-09,1.0,0.06040884599997298,28.0,6.594813965255626,1.1439209424570176,4.866601916914021,4.866601916914021,8.773216269673064,0.2094423103108952,0.010433591822383301,0.020170794826346553,0.4889698685801515
three_point_1d,1,200,95,Ordinary,inf,3.0,3.0,0.01,7.667879664552402e-10,1.0,0.07793978299991977,35.0,0.0,0.0,0.0,0.0,0.0,0.0,0.0,0.0010777177120722082,0.0
three_point_1d,1,200,95,RR-balanced,44.90816739296055,3.0,3.0,0.01,2.038201607490464e-09,1.0,0.03159212900004604,20.0,0.3968211910711308,0.15074712931144643,0.03430035970558265,0.03430035970558265,0.06711662042915859,0.018318927428913324,8.50736798311378e-05,0.0012773981163333448,0.0263239285991497
three_point_1d,1,200,95,RR-tiny,8000000.0,3.0,3.0,0.01,1.158553031288534e-09,1.0,0.007152302999884341,9.0,0.0011669241860600144,0.0003696547180195553,1.9845793985950877e-07,1.9845793985950877e-07,3.9334468574551065e-07,4.434775562221332e-05,4.918727597297977e-10,0.0010770896498812613,9.46868783654345e-05
three_point_1d,1,200,95,BB,1.0,3.0,3.0,0.01,4.6104831064042173e-10,1.0,0.07932159500023772,34.0,3.723810103147409,0.9047409181482697,1.6662055730623138,1.6662055730623138,2.8267461074243503,0.11888536721195654,0.0039006653964559334,0.004403211702605474,0.2795588643822615
three_point_1d,1,200,93,Ordinary,inf,5.0,5.0,0.01,1.568187468770077e-08,1.0,0.14816940199989403,82.0,0.0,0.0,0.0,0.0,0.0,0.0,0.0,0.004876811435821774,0.0
three_point_1d,1,200,93,RR-balanced,44.90816739296055,4.0,4.0,0.01,8.976861476384101e-10,1.0,0.04898788300010892,28.0,0.418548750841945,0.1538297717087142,0.01418190707784106,0.01418190707784106,0.02487797594549953,0.011153021103158446,3.008533105294937e-05,0.005035518289759474,0.05606926503972698
three_point_1d,1,200,93,RR-tiny,8000000.0,5.0,5.0,0.01,6.3466968791559e-08,1.0,0.012243552999962048,49.0,0.0011455175078584068,0.00037590466069481655,4.078727329215326e-07,4.078727329215326e-07,7.488036585297129e-07,6.118838364141158e-05,1.0373080452362844e-09,0.004875595161518276,0.00026603738170412203
three_point_1d,1,200,93,BB,1.0,4.0,4.0,0.01,4.238244422083426e-09,1.0,0.08157486999994035,36.0,5.547185718890193,1.0532269774157568,1.5288287193350243,1.5288287193350243,3.2642038589993536,0.12775374473962306,0.0036549744111127307,0.006722534890470941,0.20470817729316254
three_point_1d,1,200,94,Ordinary,inf,5.0,5.0,0.01,3.175017848633388e-08,1.0,0.12657982200016704,108.0,0.0,0.0,0.0,0.0,0.0,0.0,0.0,0.003128948160677371,0.0
three_point_1d,1,200,94,RR-balanced,44.90816739296055,4.0,4.0,0.01,1.0995862220752883e-08,1.0,0.09582296299981863,63.0,0.40860579675264774,0.14768857483586806,0.04755123597090005,0.04755123597090005,0.09430235727543584,0.021714322148692074,0.000119624281437497,0.0031381137712417012,0.10065541082918025
three_point_1d,1,200,94,RR-tiny,8000000.0,5.0,5.0,0.01,9.377369436514016e-08,1.0,0.01763398199977928,75.0,0.0010333183870843143,0.0003372392241448622,5.973369070488843e-07,5.973369070488843e-07,1.0620671410503698e-06,7.28720502336242e-05,1.3161992868695528e-09,0.003130869158743929,0.001016816404855766
three_point_1d,1,200,94,BB,1.0,3.0,3.0,0.01,6.96787183507297e-09,1.0,0.07383153499995387,29.0,3.454687654143549,0.9960443381384102,2.0675086955095594,2.0675086955095594,4.038238281086975,0.14209571212895508,0.005199964629926701,0.009916217769114924,0.4162083900648407
three_point_1d,1,200,96,Ordinary,inf,5.0,5.0,0.01,7.509886046364045e-09,1.0,0.12307579199978136,71.0,0.0,0.0,0.0,0.0,0.0,0.0,0.0,0.008929297884097692,0.0
three_point_1d,1,200,96,RR-balanced,44.90816739296055,5.0,5.0,0.01,6.545696384918642e-08,1.0,0.08061251999993146,47.0,0.41201332681531366,0.14573426701640443,0.05534629147678061,0.05534629147678061,0.10572699682709509,0.022992063503206393,9.968198035308708e-05,0.008582976174557312,0.14211487507682063
three_point_1d,1,200,96,RR-tiny,8000000.0,5.0,5.0,0.01,4.449186952193429e-08,1.0,0.017704198000046745,34.0,0.0009403597671564512,0.00034758400399009765,6.392539830812893e-07,6.392539830812893e-07,1.2557743533899947e-06,7.923933219651699e-05,1.4812643257458378e-09,0.00892525515000332,0.00022350072126750713
three_point_1d,1,200,96,BB,1.0,5.0,5.0,0.01,1.0232584113367693e-08,1.0,0.11681147700005567,65.0,4.100135687689487,0.9426980787711567,1.4580482103542636,1.4580482103542636,2.6786598284553484,0.1157294221115648,0.00302584355827295,0.006273937495444425,0.5954086756598466
three_point_1d,1,200,97,Ordinary,inf,4.0,4.0,0.01,3.827897332442376e-09,1.0,0.09858440100015287,55.0,0.0,0.0,0.0,0.0,0.0,0.0,0.0,0.003720997457610257,0.0
three_point_1d,1,200,97,RR-balanced,44.90816739296055,4.0,4.0,0.01,4.931833830212895e-09,1.0,0.12266545500006032,51.0,0.5004008531528858,0.16039599473619662,0.04854051438769602,0.04854051438769602,0.09042319390653963,0.02126301882453896,0.00012890124980888593,0.005011555639861983,0.05014235913939306
three_point_1d,1,200,97,RR-tiny,8000000.0,4.0,4.0,0.01,3.570574702571605e-08,1.0,0.010640057000273373,17.0,0.001017674494953491,0.00033468975681413913,1.2155095419075224e-07,1.2155095419075224e-07,1.7202005403306415e-07,2.9327466139530718e-05,2.853311583092301e-10,0.0037201889711574636,7.34441894736871e-05
three_point_1d,1,200,97,BB,1.0,4.0,4.0,0.01,5.339188646757975e-09,1.0,0.10983577999991212,40.0,3.754297952822207,0.9941136171611629,2.1416283577062245,2.1416283577062245,3.928859571873385,0.14015811735096517,0.005502910732311463,0.01683105946105922,0.27037931428162587
three_point_1d,1,200,98,Ordinary,inf,4.0,4.0,0.01,5.373558265020506e-09,1.0,0.14653722900015964,64.0,0.0,0.0,0.0,0.0,0.0,0.0,0.0,0.0035474886090868787,0.0
three_point_1d,1,200,98,RR-balanced,44.90816739296055,4.0,4.0,0.01,8.901282155804324e-09,1.0,0.08553646699988349,53.0,0.4180103912601605,0.1416756756970726,0.08124452658819337,0.08124452658819337,0.14713804690315452,0.027123610278054294,0.00020520756048622764,0.004878210489341979,0.08099457694184349
three_point_1d,1,200,98,RR-tiny,8000000.0,4.0,4.0,0.01,3.1942415379404565e-09,1.0,0.010133894000091459,25.0,0.0010058041345279989,0.0003604569197696986,1.4351269328471972e-07,1.4351269328471972e-07,2.3315649488475523e-07,3.414355685079948e-05,3.3522477242132294e-10,0.003546538947910117,0.0001430656345685189
three_point_1d,1,200,98,BB,1.0,5.0,5.0,0.01,5.490435883714895e-09,1.0,0.15218850699989162,121.0,4.588430244349058,0.9318540590483131,2.8339030893384347,2.8339030893384347,5.046811578678147,0.15885231472468614,0.006967044175935519,0.010739633255474654,0.5951599639261127
three_point_1d,1,200,99,Ordinary,inf,4.0,4.0,0.01,2.757556405441619e-09,1.0,0.13365395799996804,54.0,0.0,0.0,0.0,0.0,0.0,0.0,0.0,0.008375902836340305,0.0
three_point_1d,1,200,99,RR-balanced,44.90816739296055,4.0,4.0,0.01,1.7201016389023494e-08,1.0,0.1047508399999515,44.0,0.45047975812006413,0.15459206426665972,0.0333414997115824,0.0333414997115824,0.06088687565446055,0.017448047978851466,7.981404900561636e-05,0.009132972470723512,0.10152086132068426
three_point_1d,1,200,99,RR-tiny,8000000.0,4.0,4.0,0.01,7.57375939741678e-09,1.0,0.00982778499997039,24.0,0.0009576024202231359,0.0003359813807781675,1.8200103113485966e-07,1.8200103113485966e-07,3.087003879506268e-07,3.928742724782489e-05,4.235622725215428e-10,0.008376624712294176,0.000185391891975497
three_point_1d,1,200,99,BB,1.0,4.0,4.0,0.01,4.980577505975248e-09,1.0,0.09674689300004502,42.0,4.65679130866232,1.0099940154344857,1.7640152143425212,1.7640152143425212,2.94481278938421,0.12134275399429935,0.0046436983430443385,0.004054898566465126,0.2902556313722848
three_point_1d,1,500,1,Ordinary,inf,3.0,3.0,0.01,1.1538963340385067e-08,1.0,0.28958103499985555,37.0,0.0,0.0,0.0,0.0,0.0,0.0,0.0,0.0014050129063791783,0.0
three_point_1d,1,500,1,RR-balanced,59.761699465479715,3.0,3.0,0.01,3.809423665401823e-09,1.0,0.11146386199993685,22.0,0.45531974513384177,0.13070206613678478,0.015798628545553584,0.015798628545553584,0.027077158188737738,0.007358961637179221,1.4235640320540228e-05,0.0015889999134325625,0.023705720770212588
three_point_1d,1,500,1,RR-tiny,125000000.0,3.0,3.0,0.01,1.1347256467786337e-10,1.0,0.022152039000047807,8.0,0.0002842215819414129,8.825691573103603e-05,2.176830093958415e-08,2.176830093958415e-08,3.8050181777450965e-08,8.723552232600085e-06,2.0637407590377164e-11,0.001404963451327885,2.333864794201641e-05
three_point_1d,1,500,1,BB,1.0,3.0,3.0,0.01,2.0356134777799184e-08,1.0,0.16549641300002804,31.0,5.491435101910725,0.9807024577445458,2.6297018004243,2.6297018004243,4.299982427864781,0.09273599546955627,0.002616220270866587,0.002227329447345783,0.20662467648998759
three_point_1d,1,500,3,Ordinary,inf,3.0,3.0,0.01,1.6711623196385972e-09,1.0,0.23850324499994713,37.0,0.0,0.0,0.0,0.0,0.0,0.0,0.0,0.0014803162594789682,0.0
three_point_1d,1,500,3,RR-balanced,59.761699465479715,3.0,3.0,0.01,3.790767255651417e-09,1.0,0.12532538100003876,23.0,0.5289498824696781,0.1305359383504854,0.06018761853329124,0.06018761853329124,0.11600867790232397,0.015232115933272302,5.962528179078641e-05,0.0017782266885929298,0.03384741400773898
three_point_1d,1,500,3,RR-tiny,125000000.0,3.0,3.0,0.01,6.878797309539664e-09,1.0,0.0336300989999927,7.0,0.0003224903012826186,9.365248620640802e-05,2.999286152771674e-08,2.999286152771674e-08,5.885659349779078e-08,1.0849570820801235e-05,2.9357124384849047e-11,0.0014800558057628472,1.6154080800323383e-05
three_point_1d,1,500,3,BB,1.0,3.0,3.0,0.01,7.965899051498582e-10,1.0,0.18733403699980045,30.0,5.743750710621428,0.9736059633873785,0.9335174312100207,0.9335174312100207,1.820886891683247,0.060347110812088545,0.0009224550966589674,0.0010914030933277153,0.08780214006096204
three_point_1d,1,500,0,Ordinary,inf,5.0,5.0,0.01,5.077309017664788e-09,1.0,0.31427936000000045,115.0,0.0,0.0,0.0,0.0,0.0,0.0,0.0,0.00673067074964675,0.0
three_point_1d,1,500,0,RR-balanced,59.761699465479715,4.0,4.0,0.01,1.523668413661028e-08,1.0,0.18119583200018496,65.0,0.3978376359521698,0.13150352560184667,0.02289042204188263,0.02289042204188263,0.04370481443408068,0.009349311678843602,2.2568870017610558e-05,0.0070417063446135755,0.038121609895855176
three_point_1d,1,500,0,RR-tiny,125000000.0,5.0,5.0,0.01,1.267011962013953e-08,1.0,0.037554588999910266,15.0,0.0002752329870155945,8.674552288005486e-05,2.6323050406062976e-09,2.6323050406062976e-09,5.040665708287422e-09,3.1751112447558185e-06,2.6137381622943372e-12,0.006730675786042977,1.0504561017875688e-05
three_point_1d,1,500,0,BB,1.0,4.0,4.0,0.01,1.9721064781208497e-08,1.0,0.3079508910000186,61.0,4.342271143746674,0.9301487916182708,6.760929108763321,6.760929108763321,13.826003922232067,0.16628892880905852,0.006597411811916549,0.01743291209997392,0.7077508989942504
three_point_1d,1,500,2,Ordinary,inf,4.0,4.0,0.01,7.1757184638698845e-09,1.0,0.28872280899986436,46.0,0.0,0.0,0.0,0.0,0.0,0.0,0.0,0.004312418846343422,0.0
three_point_1d,1,500,2,RR-balanced,59.761699465479715,4.0,4.0,0.01,2.856226721803523e-08,1.0,0.2112320510000245,38.0,0.3575793626626115,0.12258039440529483,0.0710982337348014,0.0710982337348014,0.13237339239525836,0.016271041293983515,7.205145703541771e-05,0.003339439556462441,0.01945727195548317
three_point_1d,1,500,2,RR-tiny,125000000.0,4.0,4.0,0.01,8.545342211618845e-11,1.0,0.02590192700017724,15.0,0.00034434773546077047,8.826843849101723e-05,1.755279299686663e-08,1.755279299686663e-08,3.484714585082696e-08,8.348310709458168e-06,1.711313405464091e-11,0.004312534950912817,1.9272101516811604e-05
three_point_1d,1,500,2,BB,1.0,3.0,3.0,0.01,5.011460135762036e-10,1.0,0.22077785400006178,33.0,9.175359892268688,1.0807483611312547,4.11473509517441,4.11473509517441,9.468912912809234,0.13761477328258936,0.0038233080460470105,0.011746127159528582,0.22138527534416932
three_point_1d,1,500,4,Ordinary,inf,4.0,4.0,0.01,1.2464574705717268e-08,1.0,0.21041712799978995,44.0,0.0,0.0,0.0,0.0,0.0,0.0,0.0,0.005161425363485367,0.0
three_point_1d,1,500,4,RR-balanced,59.761699465479715,4.0,4.0,0.01,1.2252215464414462e-08,1.0,0.1501694060000318,33.0,0.4202677412973985,0.1260348387057869,0.01877486865237188,0.01877486865237188,0.03332876215741095,0.008164405937655349,1.7084603827194972e-05,0.00499641755414746,0.03680134155598931
three_point_1d,1,500,4,RR-tiny,125000000.0,4.0,4.0,0.01,4.782472640130209e-09,1.0,0.022101181000152792,13.0,0.0002553996236458467,8.815516389796201e-05,1.402554516971577e-08,1.402554516971577e-08,2.7385213128459225e-08,7.400704443289061e-06,1.3367379548177368e-11,0.005161224411385043,2.060575934436453e-05
three_point_1d,1,500,4,BB,1.0,4.0,4.0,0.01,5.753558030008321e-08,1.0,0.20032837100006873,42.0,8.094294684718168,1.0048748260599172,1.1571211853381556,1.1571211853381556,2.0353432179398787,0.06380193128644114,0.0009010091605108762,0.006349943035448491,0.22808825348313116
three_point_1d,1,500,5,Ordinary,inf,4.0,4.0,0.01,8.183538513506505e-09,1.0,0.2424495590000788,41.0,0.0,0.0,0.0,0.0,0.0,0.0,0.0,0.0023765082406478895,0.0
three_point_1d,1,500,5,RR-balanced,59.761699465479715,4.0,4.0,0.01,1.854512099441763e-09,1.0,0.14651980799999365,33.0,0.4950119353471969,0.12782595519685258,0.08166192643398063,0.08166192643398063,0.15654847011894918,0.01769454549396221,7.741708466538834e-05,0.0024819695293160004,0.02338087087565836
three_point_1d,1,500,5,RR-tiny,125000000.0,4.0,4.0,0.01,1.3098382378728957e-09,1.0,0.02466533500000878,17.0,0.00028655433950464104,9.104221517016336e-05,2.2516360331792384e-08,2.2516360331792384e-08,4.4540158342414066e-08,9.438236947906539e-06,2.079170488016433e-11,0.0023767598659022652,1.1225882226659404e-05
three_point_1d,1,500,5,BB,1.0,4.0,4.0,0.01,2.8316837763497915e-10,1.0,0.22718213100006324,49.0,7.296496409214038,1.0076752953898793,1.9449570313438471,1.9449570313438471,3.8085808984537843,0.08727635302249727,0.001837472244166405,0.00532232408914449,0.1727145461152164
three_point_1d,1,500,6,Ordinary,inf,3.0,3.0,0.01,3.1530333899354446e-14,1.0,0.2165731509996931,35.0,0.0,0.0,0.0,0.0,0.0,0.0,0.0,0.004374149713272118,0.0
three_point_1d,1,500,6,RR-balanced,59.761699465479715,3.0,3.0,0.01,1.3019001432468258e-09,1.0,0.11681058499993924,21.0,0.5265218753325744,0.13253221783698568,0.06528479528265052,0.06528479528265052,0.12920226684479813,0.01607496605562812,6.290107073855228e-05,0.004467125799956272,0.041879477206491024
three_point_1d,1,500,6,RR-tiny,125000000.0,3.0,3.0,0.01,8.309619659030432e-11,1.0,0.022080640999774914,8.0,0.0003293633302092758,9.312594449627125e-05,7.738208296359517e-09,7.738208296359517e-09,1.4105708360385097e-08,5.3114420566142105e-06,7.623312583419594e-12,0.00437416747571881,7.866465525868292e-06
three_point_1d,1,500,6,BB,1.0,4.0,4.0,0.01,3.637371737141848e-09,1.0,0.23658150999995087,53.0,4.491261833675502,0.9502381614383223,1.9190008076232061,1.9190008076232061,3.121341085583882,0.07901064593564441,0.0015363049418606256,0.008831282110308276,0.23582800386149175
three_point_1d,1,500,7,Ordinary,inf,4.0,4.0,0.01,5.586427098691615e-09,1.0,0.3043413589998636,61.0,0.0,0.0,0.0,0.0,0.0,0.0,0.0,0.004302970404870999,0.0
three_point_1d,1,500,7,RR-balanced,59.761699465479715,4.0,4.0,0.01,2.882374117163522e-09,1.0,0.21165825699995366,65.0,0.5790961816755462,0.12954282064338632,0.02821032305337212,0.02821032305337212,0.04981260432641642,0.009981242841091125,2.5487014585795914e-05,0.004640525735912259,0.04001188802867595
three_point_1d,1,500,7,RR-tiny,125000000.0,4.0,4.0,0.01,1.4118970437237977e-09,1.0,0.06421573000011449,17.0,0.0002750029576110702,9.178466776859152e-05,4.390653884911444e-08,4.390653884911444e-08,8.108554720030989e-08,1.2734641510487046e-05,5.388923906865374e-11,0.004302897118366463,2.0555920916629794e-05
three_point_1d,1,500,7,BB,1.0,4.0,4.0,0.01,3.2600260269077808e-09,1.0,0.17749430600019878,41.0,4.170757015586408,0.9048006307658718,0.2910067525970135,0.2910067525970135,0.5475862377400798,0.033093390208320445,0.0002964555116273907,0.003574496827086109,0.05143678627159329
three_point_1d,1,500,8,Ordinary,inf,4.0,4.0,0.01,6.938157381952692e-09,1.0,0.24099874400008048,50.0,0.0,0.0,0.0,0.0,0.0,0.0,0.0,0.002600383783417613,0.0
three_point_1d,1,500,8,RR-balanced,59.761699465479715,4.0,4.0,0.01,4.032388867258874e-09,1.0,0.13908076199982133,38.0,0.3878451231895683,0.1263360410832648,0.10427203727431333,0.10427203727431333,0.1831773475423658,0.019140394329394878,9.85451082590473e-05,0.003025295408736697,0.08018022035796465
three_point_1d,1,500,8,RR-tiny,125000000.0,4.0,4.0,0.01,3.915950674837632e-09,1.0,0.021852547000207778,14.0,0.00025782689747888554,8.7892389191442e-05,4.229150363244116e-09,4.229150363244116e-09,8.063471832448147e-09,4.0158366083415664e-06,4.050606898799909e-12,0.00260038079814118,1.634340424535735e-05
three_point_1d,1,500,8,BB,1.0,4.0,4.0,0.01,5.180691875494858e-09,1.0,0.19813512800010358,79.0,5.481771109325143,1.0197445155142046,3.7640147058236835,3.7640147058236835,6.712847672956286,0.11586930286280561,0.0035324554866311233,0.0047528415283349485,0.5315275270064718
three_point_1d,1,500,9,Ordinary,inf,4.0,4.0,0.01,2.7139188674141224e-09,1.0,0.25212908100002096,44.0,0.0,0.0,0.0,0.0,0.0,0.0,0.0,0.0023424675666414833,0.0
three_point_1d,1,500,9,RR-balanced,59.761699465479715,4.0,4.0,0.01,6.585568756989346e-09,1.0,0.15723880399991685,34.0,0.5820338095476028,0.1287936001432739,0.03209989634910926,0.03209989634910926,0.06435031160929461,0.011344629708306447,3.159079704781196e-05,0.0020315446962144946,0.024054375918291376
three_point_1d,1,500,9,RR-tiny,125000000.0,4.0,4.0,0.01,8.552669683581371e-11,1.0,0.025048851000065042,8.0,0.0003425251047166622,9.257666460092069e-05,4.19777279603295e-08,4.19777279603295e-08,8.21506406923328e-08,1.2818006139203773e-05,3.997012573441128e-11,0.0023423967906100393,3.81595675936375e-05
three_point_1d,1,500,9,BB,1.0,4.0,4.0,0.01,6.769445448639999e-09,1.0,0.2594099579998783,41.0,4.351141750836325,1.0029687553879556,1.461319309909868,1.461319309909868,2.644882004971732,0.07273076384820569,0.0013532236420646165,0.004667101277132499,0.2935684456793397
three_point_1d,1,500,10,Ordinary,inf,4.0,4.0,0.01,4.85207118927633e-09,1.0,0.2050831230001222,57.0,0.0,0.0,0.0,0.0,0.0,0.0,0.0,0.0012868672580830557,0.0
three_point_1d,1,500,10,RR-balanced,59.761699465479715,4.0,4.0,0.01,1.0670595518291748e-09,1.0,0.1563373959997989,45.0,0.40290364451670624,0.13330967441924307,0.03520527400610263,0.03520527400610263,0.06632007669023096,0.011516950698012991,3.5990094037986226e-05,0.0011561409913492255,0.03102647786247857
three_point_1d,1,500,10,RR-tiny,125000000.0,4.0,4.0,0.01,5.2020610041836335e-12,1.0,0.027338020000115648,13.0,0.0003003007016603165,8.395853647234966e-05,3.8010057323845103e-08,3.8010057323845103e-08,7.545043317244007e-08,1.2284171373962516e-05,3.88103132816057e-11,0.0012868026671522391,1.9541796026224413e-05
three_point_1d,1,500,10,BB,1.0,4.0,4.0,0.01,3.1591613769421656e-08,1.0,0.24921384899994337,51.0,6.193585115535395,1.012618014853691,4.400236465209673,4.400236465209673,8.02808354943798,0.1267129318533667,0.0043713871828059804,0.0036270375041005084,0.32887043878033023
three_point_1d,1,500,11,Ordinary,inf,4.0,4.0,0.01,7.68316743560149e-09,1.0,0.21819464300006075,40.0,0.0,0.0,0.0,0.0,0.0,0.0,0.0,0.002695405417090426,0.0
three_point_1d,1,500,11,RR-balanced,59.761699465479715,4.0,4.0,0.01,2.10161199554193e-08,1.0,0.21232042400015416,41.0,0.3928354584453093,0.12679749273319493,0.016892854383058875,0.016892854383058875,0.029827483589668947,0.007723662808495584,1.645454060466279e-05,0.0025698646749710134,0.01863663134694659
three_point_1d,1,500,11,RR-tiny,125000000.0,4.0,4.0,0.01,1.3871151338662457e-08,1.0,0.024824253999895518,7.0,0.0003099957593404312,8.955195599127986e-05,2.40595454670256e-08,2.40595454670256e-08,4.553128264481708e-08,9.542670762927648e-06,2.4378744466719816e-11,0.002695198090930948,1.4995960415275033e-05
three_point_1d,1,500,11,BB,1.0,3.0,3.0,0.01,8.66904326102258e-11,1.0,0.20416776599972764,33.0,4.104453795399565,1.0577683850188828,2.0409085612582203,2.0409085612582203,4.266267967978418,0.09237172692960134,0.0018520591401087676,0.0022902832298143817,0.17213643602302928
three_point_1d,1,500,12,Ordinary,inf,4.0,4.0,0.01,2.1723417731323025e-08,1.0,0.25871518999997534,70.0,0.0,0.0,0.0,0.0,0.0,0.0,0.0,0.0045487923863442,0.0
three_point_1d,1,500,12,RR-balanced,59.761699465479715,4.0,4.0,0.01,5.461246121996055e-09,1.0,0.15685164100000293,55.0,0.4702462940270551,0.1305851806570415,0.06615104204502131,0.06615104204502131,0.1203806515876832,0.015516484884643378,6.432008309503082e-05,0.0047179848214231705,0.10923897676805026
three_point_1d,1,500,12,RR-tiny,125000000.0,4.0,4.0,0.01,1.3960645972588281e-09,1.0,0.022723599999835642,26.0,0.0003012357519637243,8.960587864474567e-05,2.4204609871958382e-08,2.4204609871958382e-08,4.335152286834765e-08,9.31144702700366e-06,2.268844120008978e-11,0.004548548307251902,5.764868928402578e-05
three_point_1d,1,500,12,BB,1.0,4.0,4.0,0.01,2.740220494956702e-09,1.0,0.1404656290001185,80.0,5.438325987467795,0.9564910021435759,0.912883806650143,0.912883806650143,1.8039065508429697,0.06006507389228735,0.0008823862227259707,0.0032955084223099747,0.27392841173871285
three_point_1d,1,500,14,Ordinary,inf,4.0,4.0,0.01,3.748405363879215e-09,1.0,0.2103508090001469,43.0,0.0,0.0,0.0,0.0,0.0,0.0,0.0,0.009842712029679073,0.0
three_point_1d,1,500,14,RR-balanced,59.761699465479715,4.0,4.0,0.01,1.9654401661739485e-08,1.0,0.17341041400004542,34.0,0.40336574877574605,0.127686708718117,0.03509471545544329,0.03509471545544329,0.05919797590828067,0.010880990387669742,2.8479466560959954e-05,0.009763145566263447,0.04668764277777523
three_point_1d,1,500,14,RR-tiny,125000000.0,4.0,4.0,0.01,4.189920632668986e-09,1.0,0.02528486200003499,17.0,0.00026967230052599156,8.936341037446904e-05,1.7095089788199402e-08,1.7095089788199402e-08,3.069085720340942e-08,7.834648326939687e-06,1.5473581002266616e-11,0.009842862306037911,1.8650085854224154e-05
three_point_1d,1,500,14,BB,1.0,5.0,5.0,0.01,2.0073463558034632e-08,1.0,0.2410875190000752,58.0,4.922935682251605,1.0194133770847777,3.6721995082425565,3.6721995082425565,5.90663417965237,0.10868886032756411,0.0031686649120978823,0.008240543367008486,0.26581968814709866
three_point_1d,1,500,13,Ordinary,inf,5.0,5.0,0.01,1.2245311431513528e-08,1.0,0.3321423219999815,74.0,0.0,0.0,0.0,0.0,0.0,0.0,0.0,0.006134927246365076,0.0
three_point_1d,1,500,13,RR-balanced,59.761699465479715,5.0,5.0,0.01,2.298289558666511e-09,1.0,0.19119018599985793,67.0,0.48525095726927403,0.13295622348418545,0.05047504545382253,0.05047504545382253,0.09627351949463703,0.013876131989472932,5.033860937279553e-05,0.006128291805617607,0.04569508086390977
three_point_1d,1,500,13,RR-tiny,125000000.0,5.0,5.0,0.01,2.8490616532650392e-09,1.0,0.030963170999939393,30.0,0.00032778194286953166,9.200417359621443e-05,3.050990926567465e-08,3.050990926567465e-08,5.8997281761177796e-08,1.0862530254151452e-05,2.919293472875739e-11,0.006134765726540939,4.7161660199831406e-05
three_point_1d,1,500,13,BB,1.0,5.0,5.0,0.01,9.046741800133873e-09,1.0,0.25293104899992613,51.0,4.31708012992737,0.9370378802262805,5.059537256183148,5.059537256183148,8.1943259970897,0.1280181705625393,0.005547463385982361,0.013470832112463076,0.3365597274856966
three_point_1d,1,500,15,Ordinary,inf,4.0,4.0,0.01,3.991220909327353e-09,1.0,0.2685227350000332,42.0,0.0,0.0,0.0,0.0,0.0,0.0,0.0,0.0018244550480353804,0.0
three_point_1d,1,500,15,RR-balanced,59.761699465479715,4.0,4.0,0.01,2.2604718097340992e-09,1.0,0.12986190500009798,31.0,0.5917351249962124,0.13636078545703018,0.059369402628135504,0.059369402628135504,0.10722328293324798,0.01464399419101551,5.4875020031457794e-05,0.0018306644726645825,0.04254803640043411
three_point_1d,1,500,15,RR-tiny,125000000.0,4.0,4.0,0.01,3.618759825130269e-08,1.0,0.022646312999995644,14.0,0.00026275713321899374,9.012757734592766e-05,1.7483671399531886e-08,1.7483671399531886e-08,3.414309603243025e-08,8.263545974027162e-06,1.583689239000099e-11,0.0018244354499239164,1.3661161578033871e-05
three_point_1d,1,500,15,BB,1.0,4.0,4.0,0.01,1.1979536473916141e-08,1.0,0.21838264700022592,43.0,4.719444923040513,0.969193321805282,2.7782490938302544,2.7782490938302544,5.260021366280515,0.10256725955469918,0.0027216701026251803,0.005789573733111677,0.21011108373499346
three_point_1d,1,500,16,Ordinary,inf,4.0,4.0,0.01,2.0886370855066616e-08,1.0,0.2071080030000303,44.0,0.0,0.0,0.0,0.0,0.0,0.0,0.0,0.0016251580905128815,0.0
three_point_1d,1,500,16,RR-balanced,59.761699465479715,4.0,4.0,0.01,4.636710349004147e-09,1.0,0.1545271690001755,32.0,0.4028363660591352,0.1281725882937326,0.07969078310406985,0.07969078310406985,0.1541345422823096,0.01755759335913152,7.817804401954561e-05,0.0016559679830241176,0.027167523219025866
three_point_1d,1,500,16,RR-tiny,125000000.0,4.0,4.0,0.01,6.658979145868216e-09,1.0,0.02413985400016827,17.0,0.0002868137165932261,8.814187713110055e-05,4.1358816815773025e-08,4.1358816815773025e-08,7.840557346370001e-08,1.252242576050663e-05,3.7582765025552205e-11,0.001625086888333279,3.414676208229508e-05
three_point_1d,1,500,16,BB,1.0,4.0,4.0,0.01,8.22337753447755e-11,1.0,0.23293840400015142,37.0,5.96282621418812,0.9813431767795283,3.3124842304382582,3.3124842304382582,5.8999379994700645,0.10862723414936112,0.0032090395693912498,0.005945653348537951,0.30199657973448857
three_point_1d,1,500,17,Ordinary,inf,4.0,4.0,0.01,1.5914264128724653e-08,1.0,0.28346074600017346,91.0,0.0,0.0,0.0,0.0,0.0,0.0,0.0,0.0015348946920559238,0.0
three_point_1d,1,500,17,RR-balanced,59.761699465479715,5.0,5.0,0.01,5.2229331970465864e-12,1.0,0.2104526719997466,117.0,0.41713582268865346,0.1269367796512982,0.08094234618783958,0.08094234618783958,0.14407415900238502,0.01697493204713262,7.477227642724166e-05,0.001053380621241515,0.1746722434970876
three_point_1d,1,500,17,RR-tiny,125000000.0,4.0,4.0,0.01,1.8442217752934198e-08,1.0,0.02344852099986383,11.0,0.0002899124343260784,8.797146424508621e-05,3.377499524503946e-08,3.377499524503946e-08,6.334359183349486e-08,1.1255540132174454e-05,3.462341569664127e-11,0.0015347537211706282,7.271055086249599e-05
three_point_1d,1,500,17,BB,1.0,3.0,3.0,0.01,1.0986765053289105e-08,1.0,0.2241370450001341,33.0,6.449281399212252,1.0213828361830775,1.2572287259326913,1.2572287259326913,2.5250865298032803,0.07106456965047042,0.001267577643678421,0.0023651573602587422,0.3257608060347349
three_point_1d,1,500,18,Ordinary,inf,4.0,4.0,0.01,3.5634668549278103e-09,1.0,0.2766890959999273,51.0,0.0,0.0,0.0,0.0,0.0,0.0,0.0,0.0027840185023070025,0.0
three_point_1d,1,500,18,RR-balanced,59.761699465479715,4.0,4.0,0.01,6.260066465202385e-09,1.0,0.11590815699969426,27.0,0.6019636738701293,0.12634717747570717,0.022164660685575654,0.022164660685575654,0.040806431876382304,0.009033983825132996,1.963716402747952e-05,0.002774321934843152,0.01263250892618071
three_point_1d,1,500,18,RR-tiny,125000000.0,4.0,4.0,0.01,1.722072195953217e-08,1.0,0.025412589999859847,8.0,0.0003081492182117618,9.15296622689412e-05,1.7145794117823243e-08,1.7145794117823243e-08,3.2865068866677897e-08,8.10741251777383e-06,1.564529600038013e-11,0.002783668107902958,1.4397453204451579e-05
three_point_1d,1,500,18,BB,1.0,4.0,4.0,0.01,3.197796738518832e-08,1.0,0.21239276500000415,36.0,5.6565308459218215,0.9933065454742938,3.689700630037578,3.689700630037578,7.018934545455555,0.11848151370957036,0.00346052844371632,0.006296961316132479,0.2014955482901827
three_point_1d,1,500,20,Ordinary,inf,3.0,3.0,0.01,7.560731374312013e-09,1.0,0.1981028080001579,32.0,0.0,0.0,0.0,0.0,0.0,0.0,0.0,0.0009699240033784268,0.0
three_point_1d,1,500,20,RR-balanced,59.761699465479715,3.0,3.0,0.01,2.4356730854435682e-08,1.0,0.1531223439999394,27.0,0.5253727896323206,0.12899164445329922,0.05686095514261069,0.05686095514261069,0.10883048326176843,0.014753337470672081,5.319325867068859e-05,0.0011749132230158563,0.03559768724786018
three_point_1d,1,500,20,RR-tiny,125000000.0,3.0,3.0,0.01,1.77034158443945e-08,1.0,0.022565011000097,8.0,0.0002586222607074973,9.038255872937943e-05,4.3846966946148314e-08,4.3846966946148314e-08,8.121899001037769e-08,1.2745115928101846e-05,4.174573457430716e-11,0.0009697522943754431,3.779989502906198e-05
three_point_1d,1,500,20,BB,1.0,4.0,4.0,0.01,1.0314853415849257e-09,1.0,0.28866035800001555,47.0,3.9128011059384304,0.9296787500810203,4.670412860579063,4.670412860579063,5.080709195316617,0.10080386099070429,0.0029838407062203545,0.005085153050384046,0.46125442102372055
three_point_1d,1,500,19,Ordinary,inf,6.0,6.0,0.01,1.3789544750508753e-07,1.0,0.29343639400008215,539.0,0.0,0.0,0.0,0.0,0.0,0.0,0.0,0.002166629014492334,0.0
three_point_1d,1,500,19,RR-balanced,59.761699465479715,6.0,7.0,0.01,1.1150635970125222e-10,1.0,0.28316780400018615,926.0,0.4759229486690424,0.12570889729367563,0.1343170836498757,0.1343170836498757,0.2664787493640599,0.02308587227566071,0.0001376349128364223,0.002649247350177751,0.14292419147147958
three_point_1d,1,500,19,RR-tiny,125000000.0,6.0,6.0,0.01,5.198117492000165e-10,1.0,0.029403071000160708,19.0,0.00035143467077569657,8.844387437931393e-05,1.9836761566693895e-08,1.9836761566693895e-08,3.801677468821873e-08,8.719721863479216e-06,2.102868507885288e-11,0.00216661920440666,0.00012552676396274614
three_point_1d,1,500,19,BB,1.0,6.0,6.0,0.01,2.1276036044071134e-08,1.0,0.33150849099979496,161.0,5.923591113261181,0.9916214209543192,1.6371565857266432,1.6371565857266432,2.8814074841135247,0.07591320681032418,0.0015200339057056618,0.0024321247372570774,0.4006226709700407
three_point_1d,1,500,22,Ordinary,inf,3.0,3.0,0.01,1.6381009881882846e-09,1.0,0.20185838499992315,35.0,0.0,0.0,0.0,0.0,0.0,0.0,0.0,0.0006658455032474152,0.0
three_point_1d,1,500,22,RR-balanced,59.761699465479715,3.0,3.0,0.01,4.5496497680375114e-09,1.0,0.17680802599966228,25.0,0.4726299250342041,0.12783310393194863,0.10549926856742786,0.10549926856742786,0.19923185026794285,0.019961555564030717,0.00010291467340252009,0.0007743891775334504,0.04147746964581978
three_point_1d,1,500,22,RR-tiny,125000000.0,3.0,3.0,0.01,1.8925707667705183e-09,1.0,0.02121723999994174,8.0,0.0003087667421934892,9.091688917999241e-05,3.025229489139747e-08,3.025229489139747e-08,6.021351668805344e-08,1.0973925158124e-05,2.9653743769799744e-11,0.0006657896455092662,2.1254317945773066e-05
three_point_1d,1,500,22,BB,1.0,3.0,3.0,0.01,3.1347289208838447e-09,1.0,0.18801219900001342,34.0,5.928350361682789,1.0671980739027007,3.26782442240642,3.26782442240642,5.9701332541148115,0.10927152652100007,0.0032556818936787645,0.005609185175182548,0.2162853230369934
three_point_1d,1,500,21,Ordinary,inf,5.0,5.0,0.01,1.8709186644372267e-08,1.0,0.2903476709998358,70.0,0.0,0.0,0.0,0.0,0.0,0.0,0.0,0.00419315978588039,0.0
three_point_1d,1,500,21,RR-balanced,59.761699465479715,5.0,5.0,0.01,5.5977262825024354e-09,1.0,0.16935599599992202,47.0,0.3738226218551802,0.1312970825137293,0.044130689438361514,0.044130689438361514,0.08005501507778501,0.012653459216971856,3.998505291329453e-05,0.004439154766656754,0.05113625385787858
three_point_1d,1,500,21,RR-tiny,125000000.0,5.0,5.0,0.01,2.8252067352241284e-11,1.0,0.022795176000045103,9.0,0.0003222321935404393,8.810678155941206e-05,5.503807187778875e-09,5.503807187778875e-09,9.499222395143953e-09,4.358720545101269e-06,5.6021004550064836e-12,0.004193227447219967,9.499610376489967e-06
three_point_1d,1,500,21,BB,1.0,4.0,4.0,0.01,1.7480070724218422e-09,1.0,0.1462271560001227,31.0,6.445560621480796,1.0793879590788191,7.638683886214949,7.638683886214949,13.593838961079722,0.16488686400729272,0.007809699082600279,0.018755974187260934,0.5269884694883391
three_point_1d,1,500,23,Ordinary,inf,4.0,4.0,0.01,7.4142794126430545e-09,1.0,0.29661489099999017,73.0,0.0,0.0,0.0,0.0,0.0,0.0,0.0,0.005509379981603466,0.0
three_point_1d,1,500,23,RR-balanced,59.761699465479715,4.0,4.0,0.01,7.759701547982445e-09,1.0,0.1756020749999152,54.0,0.39777570497385506,0.12878583326704116,0.06150474912010395,0.06150474912010395,0.11063628213701585,0.014875233251079853,5.916141162133668e-05,0.005218112821623276,0.13716804258964618
three_point_1d,1,500,23,RR-tiny,125000000.0,4.0,4.0,0.01,8.827711894809909e-09,1.0,0.02551124899991919,22.0,0.0003297229199901164,8.851703005320882e-05,2.8273689167690463e-08,2.8273689167690463e-08,5.3373124512679785e-08,1.0331807635905712e-05,2.9271309116613305e-11,0.005509174029414035,6.032301130428263e-05
three_point_1d,1,500,23,BB,1.0,4.0,4.0,0.01,4.320103852428758e-08,1.0,0.21170752099988022,50.0,5.409974721950814,0.9884961548947615,0.7498203097359237,0.7498203097359237,1.1992502483719698,0.04897448822339994,0.0008205098892635225,0.007925846896597595,0.140351360847308
three_point_1d,1,500,24,Ordinary,inf,4.0,4.0,0.01,1.0163422992093274e-08,1.0,0.25898702100016635,58.0,0.0,0.0,0.0,0.0,0.0,0.0,0.0,0.002250052604144702,0.0
three_point_1d,1,500,24,RR-balanced,59.761699465479715,4.0,4.0,0.01,1.1114200892947679e-08,1.0,0.20798872999989726,58.0,0.49312650247982814,0.13757865709272313,0.05079419755406889,0.05079419755406889,0.09465754753058678,0.013759182209025852,4.884174036275654e-05,0.001988243159442024,0.06462462207397689
three_point_1d,1,500,24,RR-tiny,125000000.0,4.0,4.0,0.01,4.4424131040443626e-10,1.0,0.024287394999873868,12.0,0.0002549827897977419,8.757096468201375e-05,2.026831680268515e-08,2.026831680268515e-08,3.954274997869822e-08,8.893002865028013e-06,2.030822895445913e-11,0.002249894128674871,1.5933101007946217e-05
three_point_1d,1,500,24,BB,1.0,4.0,4.0,0.01,6.080916881145981e-09,1.0,0.2074300479998783,45.0,4.831068197685286,0.9062184768920402,3.9597562805781763,3.9597562805781763,7.761206670130851,0.12458897760340479,0.0037657682597117322,0.008429243899975555,0.45911159862426404
three_point_1d,1,500,26,Ordinary,inf,4.0,4.0,0.01,1.0666571625961296e-08,1.0,0.2833301590001156,53.0,0.0,0.0,0.0,0.0,0.0,0.0,0.0,0.0030815936289805158,0.0
three_point_1d,1,500,26,RR-balanced,59.761699465479715,4.0,4.0,0.01,6.662702101145612e-08,1.0,0.13815182200005438,34.0,0.4397556349838696,0.12713365131516985,0.020653202360335854,0.020653202360335854,0.04053518573904408,0.009003908677795892,1.954733094786587e-05,0.003072685947178762,0.015737526227695402
three_point_1d,1,500,26,RR-tiny,125000000.0,4.0,4.0,0.01,7.465504880954654e-09,1.0,0.023751157000106105,15.0,0.0003086222110344483,8.950905118025379e-05,1.6763806343078613e-08,1.6763806343078613e-08,2.7017414537600766e-08,7.350838664751222e-06,1.473522304975058e-11,0.003081456776397112,1.871059827286446e-05
three_point_1d,1,500,26,BB,1.0,4.0,4.0,0.01,6.509562222589693e-09,1.0,0.1458337950002715,36.0,5.472687632488102,0.9649247054177872,2.1704670929248095,2.1704670929248095,3.8939005619904545,0.0882485191036139,0.001824166570037914,0.004506135589332501,0.34240228657764626
three_point_1d,1,500,25,Ordinary,inf,4.0,4.0,0.01,1.006508543177631e-08,1.0,0.3125283910001144,56.0,0.0,0.0,0.0,0.0,0.0,0.0,0.0,0.002612987946684456,0.0
three_point_1d,1,500,25,RR-balanced,59.761699465479715,4.0,4.0,0.01,4.334578029840941e-09,1.0,0.1803782389999924,39.0,0.4639152670558857,0.13614572237680522,0.04005480663113303,0.04005480663113303,0.06419946597654144,0.011331325251402983,3.696686449052117e-05,0.0022805994656828294,0.06549940396799876
three_point_1d,1,500,25,RR-tiny,125000000.0,4.0,4.0,0.01,8.125684569648683e-10,1.0,0.02310499399982291,19.0,0.0002805889562497166,8.892769014785137e-05,1.31947217596462e-08,1.31947217596462e-08,2.4913805146407128e-08,7.058867493643315e-06,1.2885917974214728e-11,0.002612799959041091,2.583600110490957e-05
three_point_1d,1,500,25,BB,1.0,4.0,4.0,0.01,2.897567741300122e-09,1.0,0.22280269499992755,47.0,6.118781080619941,0.9951988208250765,2.2089617746228214,2.2089617746228214,4.295114082212116,0.09268348377367044,0.0021863608407446384,0.007270210175469002,0.20673749668080174
three_point_1d,1,500,27,Ordinary,inf,3.0,3.0,0.01,5.33917354772484e-11,1.0,0.23164698699997643,39.0,0.0,0.0,0.0,0.0,0.0,0.0,0.0,0.0025766642330313457,0.0
three_point_1d,1,500,27,RR-balanced,59.761699465479715,3.0,3.0,0.01,1.2232668211709097e-09,1.0,0.16653580699994563,29.0,0.40690374730784695,0.13281103280950504,0.024867774991435,0.024867774991435,0.04553617082427268,0.009543182993558563,2.2165934646249395e-05,0.0022252515605113935,0.03639572501478744
three_point_1d,1,500,27,RR-tiny,125000000.0,3.0,3.0,0.01,2.906110907474613e-10,1.0,0.022949871000037092,9.0,0.00027815586074253495,8.502512505442843e-05,1.9620301827671938e-08,1.9620301827671938e-08,3.7930672439183266e-08,8.709841840031686e-06,1.9640322875587327e-11,0.002576538317753144,1.3970076105977021e-05
three_point_1d,1,500,27,BB,1.0,3.0,3.0,0.01,9.303668946358812e-14,1.0,0.20800677600004747,36.0,5.2048972675320275,0.9689533851045801,1.2324708687556267,1.2324708687556267,2.505808819250415,0.07079277956473266,0.0011786261210641235,0.003885751374158006,0.1061563470155343
three_point_1d,1,500,28,Ordinary,inf,3.0,3.0,0.01,1.8597364759287416e-08,1.0,0.23011784300001636,37.0,0.0,0.0,0.0,0.0,0.0,0.0,0.0,0.0009492857946037135,0.0
three_point_1d,1,500,28,RR-balanced,59.761699465479715,3.0,3.0,0.01,2.1125461380222532e-09,1.0,0.15872819700007312,26.0,0.5116812505120791,0.1353483011493459,0.027110507438010245,0.027110507438010245,0.05076312215347428,0.01007602323870626,2.467777751371662e-05,0.0011199880915361369,0.04049719919117316
three_point_1d,1,500,28,RR-tiny,125000000.0,3.0,3.0,0.01,8.179337207536719e-10,1.0,0.021743593000110195,8.0,0.00028188313079313687,9.110055718909043e-05,3.081095201196149e-08,3.081095201196149e-08,5.6750665410908566e-08,1.0653700334710806e-05,2.8635023888497676e-11,0.0009494372118447258,3.759407351832984e-05
three_point_1d,1,500,28,BB,1.0,4.0,4.0,0.01,8.442071930403472e-09,1.0,0.15167718600014268,78.0,4.193288019919599,0.9213278999063286,3.3366432411835376,3.3366432411835376,6.107662162551012,0.1105229583620617,0.0033393596027068,0.0038084664894909147,0.23412112950265768
three_point_1d,1,500,29,Ordinary,inf,4.0,4.0,0.01,1.155211970527148e-08,1.0,0.23875178000025699,50.0,0.0,0.0,0.0,0.0,0.0,0.0,0.0,0.0024989708304192066,0.0
three_point_1d,1,500,29,RR-balanced,59.761699465479715,4.0,4.0,0.01,1.1255895104866909e-08,1.0,0.166885615999945,35.0,0.4461697037371224,0.12855783139464963,0.027134941735312168,0.027134941735312168,0.048942600197900865,0.009893694981946923,2.6021635293864367e-05,0.002662856788857829,0.03212208535616141
three_point_1d,1,500,29,RR-tiny,125000000.0,4.0,4.0,0.01,1.6378518541415588e-09,1.0,0.02468392200012204,19.0,0.0002679934736355971,8.851967421980524e-05,3.332752385176718e-08,3.332752385176718e-08,6.44108695217737e-08,1.1349966477639809e-05,3.295996842203995e-11,0.0024990580037688743,2.6223806425068622e-05
three_point_1d,1,500,29,BB,1.0,4.0,4.0,0.01,9.167125059050818e-09,1.0,0.16529337599990868,34.0,6.124871744563385,1.0116495139493222,1.7701132073761983,1.7701132073761983,3.3915731402636093,0.08235985842949961,0.001762400679075655,0.0016827712674703553,0.14294582990356575
three_point_1d,1,500,30,Ordinary,inf,3.0,3.0,0.01,1.087006928912615e-09,1.0,0.2375279349998891,40.0,0.0,0.0,0.0,0.0,0.0,0.0,0.0,0.0013880405692762257,0.0
three_point_1d,1,500,30,RR-balanced,59.761699465479715,3.0,3.0,0.01,4.185103374965138e-10,1.0,0.1571117519999916,26.0,0.5432008028934241,0.13034551675809478,0.021895929467973474,0.021895929467973474,0.04045633539324717,0.008995147068641754,1.9398655967749828e-05,0.0014977725873796671,0.02490587846562423
three_point_1d,1,500,30,RR-tiny,125000000.0,3.0,3.0,0.01,1.0211165246687415e-11,1.0,0.022165007000012338,9.0,0.0002611339096869614,9.404660219250195e-05,1.546004568808712e-08,1.546004568808712e-08,2.9066453764536808e-08,7.62449391953811e-06,1.548340945233995e-11,0.0013879478871015043,1.2590182271069302e-05
three_point_1d,1,500,30,BB,1.0,3.0,3.0,0.01,3.81396492166175e-09,1.0,0.1339258760001485,25.0,5.370853676555815,0.9964387638709913,2.9343824611632954,2.9343824611632954,6.137146833668423,0.11078941135025877,0.0028356885029216464,0.004458102095880694,0.16137033410502236
three_point_1d,1,500,31,Ordinary,inf,3.0,3.0,0.01,5.351246112894614e-09,1.0,0.19789015699984702,31.0,0.0,0.0,0.0,0.0,0.0,0.0,0.0,0.003421248871755235,0.0
three_point_1d,1,500,31,RR-balanced,59.761699465479715,3.0,3.0,0.01,1.1567172553128557e-08,1.0,0.13318349800010765,23.0,0.4299557165031498,0.13081232012334718,0.02316634220733249,0.02316634220733249,0.04213315759027598,0.009179668576836091,2.137909394056642e-05,0.0033370810125083463,0.025562336353991803
three_point_1d,1,500,31,RR-tiny,125000000.0,3.0,3.0,0.01,2.326108483607925e-08,1.0,0.029260945999794785,7.0,0.00025659416501500054,8.885785114997001e-05,1.8541868485044688e-08,1.8541868485044688e-08,3.065942568505553e-08,7.8306354384629e-06,1.6848953152278834e-11,0.003421158624718504,1.9481074867063526e-05
three_point_1d,1,500,31,BB,1.0,3.0,3.0,0.01,5.355824672648168e-10,1.0,0.2149273519999042,35.0,6.367279921270561,0.9997263467614224,1.248924818184605,1.248924818184605,2.089547576192883,0.06464592139018335,0.0010860734315168952,0.0039408464334237175,0.21103789444774926
three_point_1d,1,500,32,Ordinary,inf,3.0,3.0,0.01,1.2718766040364926e-09,1.0,0.21220517100005054,36.0,0.0,0.0,0.0,0.0,0.0,0.0,0.0,0.004706188121240408,0.0
three_point_1d,1,500,32,RR-balanced,59.761699465479715,3.0,3.0,0.01,8.594013500839992e-09,1.0,0.16340011300007973,26.0,0.4039369418273311,0.135188738998956,0.07125309357900278,0.07125309357900278,0.12429300745373756,0.015766610761589667,6.807480334914567e-05,0.004389899291395191,0.0430034811829726
three_point_1d,1,500,32,RR-tiny,125000000.0,3.0,3.0,0.01,7.655429179465045e-09,1.0,0.02265787000033015,9.0,0.0003048037585716701,8.820532640450115e-05,8.138158591464162e-09,8.138158591464162e-09,1.4230086467884736e-08,5.334807675612071e-06,7.456491219013538e-12,0.004706408128736232,1.3264183276356999e-05
three_point_1d,1,500,32,BB,1.0,3.0,3.0,0.01,5.81176440306308e-10,1.0,0.2009564870002123,34.0,5.367723308256235,0.9662207992732929,1.693302075581073,1.693302075581073,2.943617969655593,0.07672832553438909,0.0015828856751174847,0.006736287067620587,0.1888363653065815
three_point_1d,1,500,33,Ordinary,inf,3.0,3.0,0.01,9.24808229996188e-09,1.0,0.25601604500002395,39.0,0.0,0.0,0.0,0.0,0.0,0.0,0.0,0.0044514457500357965,0.0
three_point_1d,1,500,33,RR-balanced,59.761699465479715,3.0,3.0,0.01,5.313649520388708e-10,1.0,0.15740908900011163,28.0,0.5068844813131053,0.12821026426963605,0.018429479046517372,0.018429479046517372,0.03593544443313437,0.008477670013999645,1.8357882639169327e-05,0.004604613281378559,0.012387338300527483
three_point_1d,1,500,33,RR-tiny,125000000.0,3.0,3.0,0.01,9.96365656646958e-10,1.0,0.023175229999878866,9.0,0.00022052468061373176,8.282506840010361e-05,2.1257847038214095e-08,2.1257847038214095e-08,4.185991654695002e-08,9.149854266265667e-06,2.100978140517224e-11,0.004451470581916815,1.7473428099323643e-05
three_point_1d,1,500,33,BB,1.0,3.0,3.0,0.01,1.0196714583798894e-09,1.0,0.2558457030002046,35.0,5.45450357734777,0.9806907885455083,2.5243856311078616,2.5243856311078616,4.9089095525963,0.0990849085642844,0.002375055796344228,0.007544093426965409,0.3034448035600797
three_point_1d,1,500,35,Ordinary,inf,4.0,4.0,0.01,6.81594292117893e-09,1.0,0.2251129649998802,53.0,0.0,0.0,0.0,0.0,0.0,0.0,0.0,0.0013770873943754318,0.0
three_point_1d,1,500,35,RR-balanced,59.761699465479715,4.0,4.0,0.01,2.183542235911773e-11,1.0,0.20595976300000984,50.0,0.4747445544884943,0.12632478175393397,0.05413041276278818,0.05413041276278818,0.10229439152728989,0.014303453535932494,5.458587146261566e-05,0.001002588841455246,0.057131126511461634
three_point_1d,1,500,35,RR-tiny,125000000.0,4.0,4.0,0.01,3.7306098876754845e-08,1.0,0.02331767500004389,12.0,0.00026666394444729846,8.697427815473642e-05,2.8113390726502985e-08,2.8113390726502985e-08,5.3793646765471296e-08,1.0372429490285416e-05,2.8656205110007798e-11,0.0013770725030018945,4.582332628685478e-05
three_point_1d,1,500,35,BB,1.0,4.0,4.0,0.01,1.0180743137411241e-08,1.0,0.2070399799997631,95.0,6.739071961129924,1.0530319226901126,5.70086681065095,5.70086681065095,10.967256527806825,0.14810304877217637,0.005818146018790082,0.007642944908351351,0.3272246739877783
three_point_1d,1,500,36,Ordinary,inf,3.0,3.0,0.01,1.8675633928211255e-08,1.0,0.1936190950002583,34.0,0.0,0.0,0.0,0.0,0.0,0.0,0.0,0.0005718971848911546,0.0
three_point_1d,1,500,36,RR-balanced,59.761699465479715,3.0,3.0,0.01,6.099276639304207e-11,1.0,0.16228785900011644,27.0,0.47419547979002385,0.12451589754867813,0.04029944873900604,0.04029944873900604,0.07322448813453764,0.012101610482455435,3.9802324197086754e-05,0.0008136161088984645,0.026812429762991273
three_point_1d,1,500,36,RR-tiny,125000000.0,3.0,3.0,0.01,3.696839501188265e-09,1.0,0.02334113899996737,8.0,0.0002563157777237812,8.888001395213868e-05,1.893454282253515e-08,1.893454282253515e-08,3.635644881190261e-08,8.527185797424917e-06,1.7765104595474846e-11,0.0005719761337142148,3.069565874678078e-05
three_point_1d,1,500,36,BB,1.0,3.0,3.0,0.01,3.8418601633338767e-10,1.0,0.19492626300007032,30.0,5.1429376732556955,0.9384817950277355,2.2869614634589652,2.2869614634589652,3.982602898575031,0.08924800164233404,0.0023137841461457597,0.0031861708176764017,0.1623143760888227
three_point_1d,1,500,34,Ordinary,inf,5.0,5.0,0.01,1.0805172978578526e-08,1.0,0.29182821099993816,94.0,0.0,0.0,0.0,0.0,0.0,0.0,0.0,0.0019476296533540635,0.0
three_point_1d,1,500,34,RR-balanced,59.761699465479715,5.0,5.0,0.01,3.4802123405341945e-09,1.0,0.27325056599988784,81.0,0.4592544410289785,0.12176324020262058,0.03913336034361237,0.03913336034361237,0.07697647766335775,0.012407778017304931,3.818784414250287e-05,0.00182868533726462,0.05450752812078643
three_point_1d,1,500,34,RR-tiny,125000000.0,5.0,5.0,0.01,1.921479020339234e-08,1.0,0.028103083000132756,17.0,0.0003511274819010257,8.846116360169975e-05,3.476543497527018e-08,3.476543497527018e-08,6.862075205538713e-08,1.1715011912532325e-05,3.511790435431475e-11,0.0019476938677384923,3.47552616068508e-05
three_point_1d,1,500,34,BB,1.0,6.0,6.0,0.01,6.4240472941179405e-09,1.0,0.35187877699991077,188.0,4.8790483184093505,0.9711809926643316,1.7526654575685825,1.7526654575685825,2.628475426758992,0.07250483331142818,0.0015386296412831,0.0037326323663704405,0.39910228944489545
three_point_1d,1,500,37,Ordinary,inf,4.0,4.0,0.01,5.788196588696337e-09,1.0,0.2513251539999146,41.0,0.0,0.0,0.0,0.0,0.0,0.0,0.0,0.0023119284880714097,0.0
three_point_1d,1,500,37,RR-balanced,59.761699465479715,4.0,4.0,0.01,1.054712472914332e-07,1.0,0.16395071500005542,34.0,0.48471352795832345,0.12875402100164957,0.04415001642087191,0.04415001642087191,0.08641354460487463,0.013146371712748323,2.9954596660613e-05,0.002373242004908741,0.02745500113752763
three_point_1d,1,500,37,RR-tiny,125000000.0,4.0,4.0,0.01,9.573133397111633e-10,1.0,0.023697517000073276,13.0,0.0002995765445208409,9.006985853938028e-05,4.75126853416441e-08,4.75126853416441e-08,9.196561232225251e-08,1.3562124636077676e-05,4.5740671120882916e-11,0.002312364190077078,2.1490403308648352e-05
three_point_1d,1,500,37,BB,1.0,5.0,5.0,0.01,4.133019038121688e-09,1.0,0.2051756830001068,46.0,6.6291635448159125,1.0758589628216464,5.257015488790785,5.257015488790785,8.516278591813949,0.13050883948464143,0.005127498621880141,0.005850449773307632,0.2511032664559616
three_point_1d,1,500,38,Ordinary,inf,3.0,3.0,0.01,9.792167077193881e-11,1.0,0.19864813999993203,39.0,0.0,0.0,0.0,0.0,0.0,0.0,0.0,0.001834957281238852,0.0
three_point_1d,1,500,38,RR-balanced,59.761699465479715,3.0,3.0,0.01,6.2402540912387394e-09,1.0,0.09191939099991941,21.0,0.46142360438766006,0.12770407241476797,0.01038396924832341,0.01038396924832341,0.020454515443439146,0.006396016798514392,1.0371506324553027e-05,0.0016292899891886463,0.009493394210714198
three_point_1d,1,500,38,RR-tiny,125000000.0,3.0,3.0,0.01,8.142857499393585e-10,1.0,0.021695521000083318,9.0,0.00029669875307714033,8.855963583662665e-05,2.0112338461331092e-08,2.0112338461331092e-08,3.529291075338178e-08,8.401536853859749e-06,1.973743886424659e-11,0.0018350240684341483,1.9788057810540752e-05
three_point_1d,1,500,38,BB,1.0,4.0,4.0,0.01,2.3881263633285243e-09,1.0,0.19555826500004514,55.0,7.260272915031132,1.0129794104384768,2.4491873926594963,2.4491873926594963,3.561446470981105,0.0843972330231401,0.0021012898023680024,0.0026753556718795172,0.22831957082923732
three_point_1d,1,500,40,Ordinary,inf,4.0,4.0,0.01,1.8662447143213967e-09,1.0,0.22417867700005445,49.0,0.0,0.0,0.0,0.0,0.0,0.0,0.0,0.0024219749540158107,0.0
three_point_1d,1,500,40,RR-balanced,59.761699465479715,4.0,4.0,0.01,3.4307855667492504e-08,1.0,0.17240662200015322,33.0,0.3819702517390384,0.1291627171281735,0.039177433504391956,0.039177433504391956,0.07544982034947476,0.012284121486657053,3.921305274881602e-05,0.002350274182946142,0.03840632957228634
three_point_1d,1,500,40,RR-tiny,125000000.0,4.0,4.0,0.01,1.323600962166438e-08,1.0,0.03122514599999704,9.0,0.0003340154431001885,8.950401490234967e-05,1.4911620382918045e-08,1.4911620382918045e-08,2.9618901967873847e-08,7.696609898893649e-06,1.4622184055540335e-11,0.002422065639140452,1.479621292074998e-05
three_point_1d,1,500,40,BB,1.0,4.0,4.0,0.01,5.858298290917219e-10,1.0,0.22963656800015997,35.0,5.10569080542291,1.0183135900453406,1.322813520673435,1.322813520673435,2.484068173588217,0.07048500796039137,0.001213781960475051,0.0031219124498725057,0.23748722933564337
three_point_1d,1,500,39,Ordinary,inf,5.0,5.0,0.01,2.0159428126831358e-08,1.0,0.26305750200003786,141.0,0.0,0.0,0.0,0.0,0.0,0.0,0.0,0.004848411700222757,0.0
three_point_1d,1,500,39,RR-balanced,59.761699465479715,5.0,5.0,0.01,7.210225305698259e-09,1.0,0.21322553799996058,84.0,0.40954491033088214,0.1307156036441765,0.05372451705079584,0.05372451705079584,0.09901346245142141,0.014072203981709575,4.323605136969419e-05,0.005072687922869442,0.05096093881896334
three_point_1d,1,500,39,RR-tiny,125000000.0,5.0,5.0,0.01,1.411368799608681e-10,1.0,0.0259451120000449,9.0,0.000349117674187438,8.688578746963466e-05,2.4242808649432845e-08,2.4242808649432845e-08,4.7788827501876563e-08,9.77638251112103e-06,2.3074599213900848e-11,0.004849019094824784,2.0886096717915276e-05
three_point_1d,1,500,39,BB,1.0,4.0,4.0,0.01,5.51569856455103e-09,1.0,0.2415681710001536,74.0,5.393057200827608,1.0374898025587138,3.0318829315172025,3.0318829315172025,6.149602141513752,0.11090177763691393,0.0029519907358329365,0.005417642722188573,0.2259762288286857
three_point_1d,1,500,41,Ordinary,inf,4.0,4.0,0.01,8.714488020089561e-09,1.0,0.23966286199993192,45.0,0.0,0.0,0.0,0.0,0.0,0.0,0.0,0.0017173587671599757,0.0
three_point_1d,1,500,41,RR-balanced,59.761699465479715,4.0,4.0,0.01,3.4383591529518753e-09,1.0,0.1632799540002452,35.0,0.5668341577731522,0.13401657970676206,0.037867613498974606,0.037867613498974606,0.07310634202315576,0.01209184369921773,3.6773179915150285e-05,0.0017190289091408538,0.01900228551854858
three_point_1d,1,500,41,RR-tiny,125000000.0,4.0,4.0,0.01,1.2824952211332175e-08,1.0,0.026910796000038317,14.0,0.00026445075930825457,8.812178804495127e-05,1.0745452527771704e-08,1.0745452527771704e-08,2.0932836755246472e-08,6.470368885194487e-06,1.0680908691536983e-11,0.0017175330087409427,9.817506121215375e-06
three_point_1d,1,500,41,BB,1.0,4.0,4.0,0.01,3.7248988338234312e-09,1.0,0.19652932799976952,42.0,8.210892795012057,0.9567046743398601,3.0952313910431712,3.0952313910431712,5.865520688281663,0.10830993203101609,0.0031063401504057096,0.005091165589103083,0.1786983530176273
three_point_1d,1,500,42,Ordinary,inf,5.0,5.0,0.01,5.520436330286316e-09,1.0,0.24143033299992567,97.0,0.0,0.0,0.0,0.0,0.0,0.0,0.0,0.005756871262630457,0.0
three_point_1d,1,500,42,RR-balanced,59.761699465479715,5.0,5.0,0.01,6.45803364118791e-08,1.0,0.20814123900004233,89.0,0.43074773435268643,0.13532554243373604,0.1326069595043009,0.1326069595043009,0.2610151148920915,0.022847980868868547,0.00013105219975860418,0.00718056830307723,0.0395465253313788
three_point_1d,1,500,42,RR-tiny,125000000.0,5.0,5.0,0.01,5.204796016400337e-08,1.0,0.023777697000014086,24.0,0.00026757140826338954,9.365984194592832e-05,2.6257794161210768e-08,2.6257794161210768e-08,4.7182372195702983e-08,9.7141517587181e-06,2.7448236087279564e-11,0.0057571020478732055,3.65072751092602e-05
three_point_1d,1,500,42,BB,1.0,5.0,5.0,0.01,5.4490362444425955e-08,1.0,0.2828456990000632,84.0,6.031619252049135,1.0220197043884007,2.5086140191374398,2.5086140191374398,4.542254106683496,0.09531268652895579,0.0026766228319578074,0.0031951765209398786,0.23335236106607568
three_point_1d,1,500,43,Ordinary,inf,4.0,4.0,0.01,1.1505015162782684e-08,1.0,0.2465149229999497,59.0,0.0,0.0,0.0,0.0,0.0,0.0,0.0,0.001842313444672816,0.0
three_point_1d,1,500,43,RR-balanced,59.761699465479715,5.0,5.0,0.01,8.38395197710895e-09,1.0,0.08504736999998386,9.0,0.4573731315489953,0.1294109213232015,0.012453525585897296,0.012453525585897296,0.02443637728705077,0.006990905132677853,1.2570232159636059e-05,0.0018858744449790658,0.018349772158753098
three_point_1d,1,500,43,RR-tiny,125000000.0,4.0,4.0,0.01,1.390414006152696e-09,1.0,0.020633331000226462,17.0,0.00034057421821764855,8.984157776850701e-05,4.8031779442681e-08,4.8031779442681e-08,9.574649935251911e-08,1.3838099533716263e-05,4.392939617385566e-11,0.0018426136676972064,3.7352935837700984e-05
three_point_1d,1,500,43,BB,1.0,5.0,5.0,0.01,5.835503191775615e-09,1.0,0.16328645299995515,69.0,5.070908737208179,0.9502192293216959,4.019235637317024,4.019235637317024,7.293400995916248,0.12077583364163749,0.004024325036162514,0.008364936311090601,0.3301410209402056
three_point_1d,1,500,45,Ordinary,inf,3.0,3.0,0.01,8.995739264605618e-09,1.0,0.2636163240001679,40.0,0.0,0.0,0.0,0.0,0.0,0.0,0.0,0.0016841545525227417,0.0
three_point_1d,1,500,45,RR-balanced,59.761699465479715,3.0,3.0,0.01,2.7852847139797632e-08,1.0,0.18431092199989507,27.0,0.42689685538989397,0.13076365049127867,0.058863160206101384,0.058863160206101384,0.11425627918713228,0.0151166318462237,5.753251233830759e-05,0.001292537547098231,0.027469356150161738
three_point_1d,1,500,45,RR-tiny,125000000.0,3.0,3.0,0.01,2.1016661744255316e-09,1.0,0.026960606000102416,8.0,0.00027978166089392964,9.303888363569346e-05,1.2455757314455695e-08,1.2455757314455695e-08,2.426074414033061e-08,6.965736736387704e-06,1.2583645937312115e-11,0.001684311321223779,2.55666281140848e-05
three_point_1d,1,500,45,BB,1.0,3.0,3.0,0.01,5.815303794065585e-11,1.0,0.2072769880001033,35.0,5.371319317184943,0.9843886525470815,3.1427748408113985,3.1427748408113985,6.222360396524205,0.11155590882175812,0.0031057264817854363,0.005938060487904926,0.23015493037481377
three_point_1d,1,500,44,Ordinary,inf,5.0,5.0,0.01,1.8772710275172244e-08,1.0,0.3862589130001197,70.0,0.0,0.0,0.0,0.0,0.0,0.0,0.0,0.0030777326185896458,0.0
three_point_1d,1,500,44,RR-balanced,59.761699465479715,5.0,5.0,0.01,1.5820962318002785e-09,1.0,0.3164431179998246,60.0,0.5070485369875439,0.12903896959360509,0.09474077012941962,0.09474077012941962,0.17631514667694984,0.018778452900968697,8.932164226988685e-05,0.003594283228917983,0.07877725072057604
three_point_1d,1,500,44,RR-tiny,125000000.0,5.0,5.0,0.01,2.294932910373859e-08,1.0,0.026606016999949134,21.0,0.0002825509517595526,9.157743718363269e-05,6.152117748570163e-08,6.152117748570163e-08,1.09861213860984e-07,1.482303706134367e-05,5.937706771824944e-11,0.003077840367002225,0.00010393066673884606
three_point_1d,1,500,44,BB,1.0,5.0,5.0,0.01,4.596033331694116e-09,1.0,0.1823925539999891,42.0,6.258750962568116,0.9556729343756882,5.436030143424205,5.436030143424205,10.14773343701124,0.1424621594460174,0.005635414107805368,0.011858310981270067,0.2583036823276548
three_point_1d,1,500,47,Ordinary,inf,4.0,4.0,0.01,2.8677495933493447e-09,1.0,0.1550694160000603,44.0,0.0,0.0,0.0,0.0,0.0,0.0,0.0,0.004152982417155971,0.0
three_point_1d,1,500,47,RR-balanced,59.761699465479715,4.0,4.0,0.01,6.867527302389931e-08,1.0,0.08659335799984547,27.0,0.37639567557021714,0.13029911610823453,0.039448689224855116,0.039448689224855116,0.07394728044208643,0.012161190767526545,3.6381637213911075e-05,0.00406997861773098,0.03755198062642367
three_point_1d,1,500,47,RR-tiny,125000000.0,4.0,4.0,0.01,5.3257218857183375e-08,1.0,0.01892097199993259,16.0,0.000276989245313608,8.977529602256185e-05,2.3419488570652902e-08,2.3419488570652902e-08,3.664316867202782e-08,8.560743971411342e-06,2.2362041626698492e-11,0.0041533831629825355,2.513706127526076e-05
three_point_1d,1,500,47,BB,1.0,4.0,4.0,0.01,5.748911569014581e-09,1.0,0.1392879229999835,39.0,6.002318930000446,1.033241380744451,1.8815427799240751,1.8815427799240751,3.3607892632008447,0.08198523358752897,0.0017368444598787126,0.005872163808887856,0.2661582604965089
three_point_1d,1,500,46,Ordinary,inf,5.0,5.0,0.01,8.043002930335774e-09,1.0,0.2964792799998577,68.0,0.0,0.0,0.0,0.0,0.0,0.0,0.0,0.0033077525169865145,0.0
three_point_1d,1,500,46,RR-balanced,59.761699465479715,5.0,5.0,0.01,2.164409829141789e-08,1.0,0.22764504900010252,57.0,0.45966651896613575,0.13843338592845456,0.09849262205307241,0.09849262205307241,0.19452245923879666,0.019724221619054915,9.765908543693253e-05,0.0031478772091698736,0.06424674155192629
three_point_1d,1,500,46,RR-tiny,125000000.0,5.0,5.0,0.01,1.0319777477008074e-08,1.0,0.024182717000030607,28.0,0.00025578803223036406,8.50425936844103e-05,4.621347216016147e-08,4.621347216016147e-08,8.62408493108485e-08,1.313322879651828e-05,4.4905744340685685e-11,0.0033079866005758605,6.92027021161024e-05
three_point_1d,1,500,46,BB,1.0,5.0,5.0,0.01,8.627447423137369e-09,1.0,0.1845479809999233,180.0,6.348468482197683,1.0463718469735486,2.4546357632839317,2.4546357632839317,4.985310706815553,0.09985299902171745,0.0023651657531808686,0.007002350675236749,0.32137185953292435
three_point_1d,1,500,48,Ordinary,inf,4.0,4.0,0.01,4.761173011402775e-08,1.0,0.23909990400011338,63.0,0.0,0.0,0.0,0.0,0.0,0.0,0.0,0.0033426217658596843,0.0
three_point_1d,1,500,48,RR-balanced,59.761699465479715,4.0,4.0,0.01,5.384833023924784e-09,1.0,0.17960432399991078,41.0,0.5340846567534852,0.12473197165783342,0.022799750240892536,0.022799750240892536,0.04122741472369877,0.00908046416475488,2.1976223199934014e-05,0.0035358898882442277,0.0318838222149485
three_point_1d,1,500,48,RR-tiny,125000000.0,4.0,4.0,0.01,1.5828092170266927e-08,1.0,0.02655277799999567,13.0,0.00026581443213613554,8.798765708269238e-05,3.374884727236349e-08,3.374884727236349e-08,6.707796519610061e-08,1.1582570111689427e-05,3.432761715922297e-11,0.0033425791418047615,1.9094426548395177e-05
three_point_1d,1,500,48,BB,1.0,4.0,4.0,0.01,1.2869789678404686e-09,1.0,0.15342600000008133,31.0,4.127668825314658,0.9517535707314154,7.97479050304014,7.97479050304014,13.68001237740014,0.16540865985431438,0.0073195453984118385,0.012649634085094095,0.38582194547153703
three_point_1d,1,500,49,Ordinary,inf,3.0,3.0,0.01,1.7395440643497295e-09,1.0,0.23231611500000326,38.0,0.0,0.0,0.0,0.0,0.0,0.0,0.0,0.0025449135781840737,0.0
three_point_1d,1,500,49,RR-balanced,59.761699465479715,3.0,3.0,0.01,1.2711274255394756e-09,1.0,0.1317612969999118,24.0,0.42632315861276693,0.1320889102053387,0.01241417136839118,0.01241417136839118,0.02355230034190935,0.006863279149489601,1.239482099302512e-05,0.002572251467098521,0.012076889673567771
three_point_1d,1,500,49,RR-tiny,125000000.0,3.0,3.0,0.01,4.409827836227009e-09,1.0,0.023222171000270464,9.0,0.0002658747787733784,9.001635030249803e-05,1.5970954336808063e-08,1.5970954336808063e-08,2.9607956178769584e-08,7.6951876102886e-06,1.4997668835096655e-11,0.002544791198709945,1.925356434112418e-05
three_point_1d,1,500,49,BB,1.0,3.0,3.0,0.01,2.3289570272311266e-10,1.0,0.18756913199990777,32.0,4.942234602078046,0.9825652195551465,2.9890829536900583,2.9890829536900583,5.7676226916710345,0.10740225967521386,0.0029834610960711907,0.004200203220127489,0.21956327270103085
three_point_1d,1,500,50,Ordinary,inf,4.0,4.0,0.01,8.923161987084427e-09,1.0,0.21519912199983082,66.0,0.0,0.0,0.0,0.0,0.0,0.0,0.0,0.002982390136070506,0.0
three_point_1d,1,500,50,RR-balanced,59.761699465479715,4.0,4.0,0.01,1.5586334667361257e-08,1.0,0.15718954800036045,49.0,0.3845241159643793,0.1197362575989833,0.06978507350663676,0.06978507350663676,0.13524409597609707,0.0164465252242592,6.767841933134742e-05,0.0029448336287120932,0.050367570138168116
three_point_1d,1,500,50,RR-tiny,125000000.0,4.0,4.0,0.01,5.699885008425554e-12,1.0,0.019520604999797797,7.0,0.0002515718218831786,8.936316467385531e-05,2.1942469174973667e-08,2.1942469174973667e-08,4.383510541276959e-08,9.36323719797481e-06,2.1501126049043358e-11,0.0029823692975868704,2.0545023559884533e-05
three_point_1d,1,500,50,BB,1.0,4.0,4.0,0.01,3.5271248144397305e-09,1.0,0.1433764630000951,58.0,8.600792203742245,1.0624516091469804,3.6835354664713122,3.6835354664713122,7.449477726195343,0.12206127744862695,0.003659657741786655,0.0012615164504381866,0.22004982932585396
three_point_1d,1,500,51,Ordinary,inf,5.0,5.0,0.01,9.382112864386727e-09,1.0,0.29380779600001006,121.0,0.0,0.0,0.0,0.0,0.0,0.0,0.0,0.003009158056763145,0.0
three_point_1d,1,500,51,RR-balanced,59.761699465479715,5.0,5.0,0.01,1.275577421466778e-10,1.0,0.16059736399984104,58.0,0.3579159288152165,0.13377508683391337,0.05572250169598192,0.05572250169598192,0.10900778719013013,0.014765350465879916,5.569279924078e-05,0.003075975187300624,0.050666635048183944
three_point_1d,1,500,51,RR-tiny,125000000.0,5.0,5.0,0.01,9.26420651303772e-09,1.0,0.022416687000031743,14.0,0.0002877434626755715,8.624875108116205e-05,2.1688947526854463e-08,2.1688947526854463e-08,4.1957443450762614e-08,9.160506912912911e-06,2.0965477271325787e-11,0.0030089786678227266,1.8974281567220225e-05
three_point_1d,1,500,51,BB,1.0,5.0,5.0,0.01,5.671170200116649e-09,1.0,0.20576099399977466,50.0,5.753485380014792,1.0205197586323929,3.4959676285086516,3.4959676285086516,5.395818220508648,0.10388280146885381,0.0032275800514892238,0.006878756411650952,0.24068925745521372
three_point_1d,1,500,52,Ordinary,inf,3.0,3.0,0.01,1.3145031951822261e-08,1.0,0.2355436870000176,39.0,0.0,0.0,0.0,0.0,0.0,0.0,0.0,0.002569213807457672,0.0
three_point_1d,1,500,52,RR-balanced,59.761699465479715,3.0,3.0,0.01,3.94607679865544e-10,1.0,0.1184956140000395,25.0,0.5055167279917614,0.13264776920314741,0.02353829550975206,0.02353829550975206,0.045812106155102575,0.009572053714339737,2.302754997547023e-05,0.002139538269079388,0.02024993051528411
three_point_1d,1,500,52,RR-tiny,125000000.0,3.0,3.0,0.01,7.111881084043148e-09,1.0,0.02159685099991293,10.0,0.0003118068615406422,9.114674965600756e-05,5.323045115801506e-09,5.323045115801506e-09,8.780762082718119e-09,4.190647225123613e-06,4.561496253850772e-12,0.0025691569934323433,1.0630460322352633e-05
three_point_1d,1,500,52,BB,1.0,4.0,4.0,0.01,2.0112262966165417e-09,1.0,0.19185556699994777,78.0,5.9882779132918795,0.9577667315073058,1.7314851827420625,1.7314851827420625,3.160422234670886,0.07950373871297986,0.0016049404835014173,0.0041736991549539615,0.12056617235098072
three_point_1d,1,500,54,Ordinary,inf,5.0,5.0,0.01,1.3092174233619858e-08,1.0,0.199904141999923,107.0,0.0,0.0,0.0,0.0,0.0,0.0,0.0,0.001509278552030634,0.0
three_point_1d,1,500,54,RR-balanced,59.761699465479715,6.0,6.0,0.01,6.614449210573525e-09,1.0,0.18495650099998784,127.0,0.5417247020913916,0.12910980885689924,0.11719390345297143,0.11719390345297143,0.20714142131323293,0.02035393924100359,0.00012943947735208697,0.0018160167584906916,0.08682912977246555
three_point_1d,1,500,54,RR-tiny,125000000.0,5.0,5.0,0.01,8.752970348524514e-09,1.0,0.025041030000011233,38.0,0.00030495874784697286,9.047785796222928e-05,5.157539817446377e-08,5.157539817446377e-08,9.377116584745971e-08,1.3694609585341212e-05,5.370300732136055e-11,0.0015088502332297653,7.618371110502432e-05
three_point_1d,1,500,54,BB,1.0,4.0,4.0,0.01,4.707050305086113e-10,1.0,0.11986246300011771,33.0,6.445521244505576,1.043988648245674,0.7382725502554877,0.7382725502554877,1.4426780020521743,0.05371550990267475,0.000707220736230383,0.0016347407316016456,0.19243550352847813
three_point_1d,1,500,53,Ordinary,inf,4.0,4.0,0.01,1.793757964385634e-08,1.0,0.21948841299990818,40.0,0.0,0.0,0.0,0.0,0.0,0.0,0.0,0.001397299664473105,0.0
three_point_1d,1,500,53,RR-balanced,59.761699465479715,4.0,4.0,0.01,3.530731262912923e-11,1.0,0.1438169849998303,29.0,0.3959027306917642,0.1262363596237832,0.039857429400854016,0.039857429400854016,0.07818297423127687,0.012504637078402306,3.932530983926364e-05,0.0011464972064676405,0.02201268135980433
three_point_1d,1,500,53,RR-tiny,125000000.0,4.0,4.0,0.01,2.8108733118870077e-09,1.0,0.023892909999858603,11.0,0.0002632283910115607,8.837653568332597e-05,3.7216523196548223e-09,3.7216523196548223e-09,7.3266281603265854e-09,3.827957199428067e-06,3.4209284430284293e-12,0.0013972014003098506,7.849738244777036e-06
three_point_1d,1,500,53,BB,1.0,4.0,4.0,0.01,8.776797510989809e-09,1.0,0.20621697100023084,39.0,5.70095155937339,0.9920941075674327,1.3779408739862902,1.3779408739862902,2.670296095113657,0.07307935543111552,0.0013344281493457154,0.00393725608931914,0.18846974718549359
three_point_1d,1,500,55,Ordinary,inf,4.0,4.0,0.01,2.4045261337590773e-09,1.0,0.2413700729998709,51.0,0.0,0.0,0.0,0.0,0.0,0.0,0.0,0.00607055069517708,0.0
three_point_1d,1,500,55,RR-balanced,59.761699465479715,4.0,4.0,0.01,3.3570957125306222e-09,1.0,0.15086943000005704,35.0,0.4183858278480459,0.12707972009092353,0.025368158887658865,0.025368158887658865,0.04121217954703568,0.009078786212598652,2.2809291760164834e-05,0.0059723219553597315,0.03616310055647818
three_point_1d,1,500,55,RR-tiny,125000000.0,4.0,4.0,0.01,1.2734146626058873e-08,1.0,0.02174890000014784,17.0,0.0002913039708285492,8.95521566479845e-05,2.9791863198624924e-08,2.9791863198624924e-08,5.8132710090184937e-08,1.0782644396453491e-05,2.957153308510681e-11,0.0060707091068028735,2.4536909690307176e-05
three_point_1d,1,500,55,BB,1.0,4.0,4.0,0.01,2.4487284644436613e-08,1.0,0.2354553540001234,46.0,5.605030817609256,1.0010956541787928,1.3643988193960013,1.3643988193960013,2.6082651095058322,0.07222555101217065,0.0013044486676231592,0.0032538458613222705,0.2693769089588408
three_point_1d,1,500,56,Ordinary,inf,3.0,3.0,0.01,6.17771411803858e-09,1.0,0.18828701200004616,42.0,0.0,0.0,0.0,0.0,0.0,0.0,0.0,0.0013304032258934573,0.0
three_point_1d,1,500,56,RR-balanced,59.761699465479715,3.0,3.0,0.01,2.1720730991603432e-08,1.0,0.13176050500010206,25.0,0.40527969890267257,0.12840324542671486,0.031256909220701345,0.031256909220701345,0.06192094778226004,0.011128427362593516,3.144818910708557e-05,0.0015808035985202529,0.02353228396707085
three_point_1d,1,500,56,RR-tiny,125000000.0,3.0,3.0,0.01,2.8240298988180257e-11,1.0,0.020090363000008438,9.0,0.0003183519767634424,9.559951823268634e-05,1.358239387627691e-08,1.358239387627691e-08,2.6283524783598706e-08,7.250313756465813e-06,1.366206493412767e-11,0.001330163793002058,2.1167467338409442e-05
three_point_1d,1,500,56,BB,1.0,4.0,4.0,0.01,1.0311282938602062e-09,1.0,0.22445369199999732,64.0,3.9549695862139993,0.9441682917248075,6.631568661748588,6.631568661748588,11.953462808703115,0.15461864576242487,0.006343411538383804,0.00970734215487444,0.642998709461458
three_point_1d,1,500,57,Ordinary,inf,5.0,6.0,0.01,1.5252058283010683e-08,1.0,0.2040674229999695,169.0,0.0,0.0,0.0,0.0,0.0,0.0,0.0,0.003777508938549465,0.0
three_point_1d,1,500,57,RR-balanced,59.761699465479715,5.0,5.0,0.01,4.523246444065876e-09,1.0,0.18128616199987846,101.0,0.5210375263139473,0.13397863202533428,0.06511463676929452,0.06511463676929452,0.1273476192124039,0.01595917411474691,6.19752364478932e-05,0.0035499925474513448,0.12575693436874705
three_point_1d,1,500,57,RR-tiny,125000000.0,5.0,5.0,0.01,1.1486125384152501e-09,1.0,0.020238685999856898,13.0,0.0003228144976471503,9.023234011882307e-05,1.7030743038048968e-08,1.7030743038048968e-08,3.385358392698296e-08,8.228436537639817e-06,1.6867553622650595e-11,0.003777441552053653,3.37831993161776e-05
three_point_1d,1,500,57,BB,1.0,4.0,4.0,0.01,8.141813445661228e-09,1.0,0.18145142600019426,52.0,6.480773516696618,0.999982426614659,2.2246697961190876,2.2246697961190876,4.237829100039551,0.09206333798032257,0.0023182437960473025,0.005794267579000294,0.4258533530277605
three_point_1d,1,500,58,Ordinary,inf,5.0,5.0,0.01,1.3027300349577331e-08,1.0,0.35640590499997415,65.0,0.0,0.0,0.0,0.0,0.0,0.0,0.0,0.0017419348267409226,0.0
three_point_1d,1,500,58,RR-balanced,59.761699465479715,5.0,5.0,0.01,2.4945569387924138e-08,1.0,0.1699332250000225,51.0,0.5456667210067321,0.12457410213834802,0.03985083532325007,0.03985083532325007,0.07889347626358179,0.012561327657821985,3.352576374441504e-05,0.0020383284289678624,0.027290284760170057
three_point_1d,1,500,58,RR-tiny,125000000.0,5.0,5.0,0.01,4.901686390113014e-09,1.0,0.027532093000218083,26.0,0.0002706004968768827,8.715141035155098e-05,3.4031927498290315e-08,3.4031927498290315e-08,6.217723831773953e-08,1.1151433837649716e-05,2.7305447303642444e-11,0.0017419329667305574,4.149166195810383e-05
three_point_1d,1,500,58,BB,1.0,4.0,4.0,0.01,1.6288577153744654e-09,1.0,0.33973837899998216,52.0,7.4879970551662005,0.9822329844565189,6.489434041361619,6.489434041361619,13.166784984994708,0.16227621504702844,0.00594281317645718,0.00909221498716271,0.4089004342230012
three_point_1d,1,500,59,Ordinary,inf,4.0,4.0,0.01,1.3033796264494413e-08,1.0,0.2601774629999909,56.0,0.0,0.0,0.0,0.0,0.0,0.0,0.0,0.0011067945808239887,0.0
three_point_1d,1,500,59,RR-balanced,59.761699465479715,4.0,4.0,0.01,4.130617625719424e-09,1.0,0.15845049399990785,40.0,0.4147523360270746,0.13276679229364594,0.004357465007160499,0.004357465007160499,0.008272552819523231,0.004067567533434013,4.517840074631052e-06,0.0012188355965233894,0.008021623408142244
three_point_1d,1,500,59,RR-tiny,125000000.0,4.0,4.0,0.01,2.4159583222882475e-09,1.0,0.03144464600018182,12.0,0.00030160359990771823,9.172330585666447e-05,1.2225200407556258e-08,1.2225200407556258e-08,2.099868331895234e-08,6.4805375269266574e-06,1.4387034720633766e-11,0.0011066915829820697,1.767460767249525e-05
three_point_1d,1,500,59,BB,1.0,4.0,4.0,0.01,3.666516157352362e-08,1.0,0.267078427999877,49.0,4.023954141219623,0.9329122632870778,4.969326380499297,4.969326380499297,7.694768418870803,0.1240545720146646,0.005097700464627265,0.007772673276904999,0.2038632304965132
three_point_1d,1,500,61,Ordinary,inf,4.0,4.0,0.01,5.184718654405174e-09,1.0,0.2781227600000875,62.0,0.0,0.0,0.0,0.0,0.0,0.0,0.0,0.0020911754416886056,0.0
three_point_1d,1,500,61,RR-balanced,59.761699465479715,4.0,4.0,0.01,9.233194209201656e-10,1.0,0.16128558400009751,36.0,0.4858162094300644,0.13364813030284173,0.01158721741194313,0.01158721741194313,0.02220193768480569,0.006663623291394208,1.0803636754341986e-05,0.0020522458603988263,0.02169989092942283
three_point_1d,1,500,61,RR-tiny,125000000.0,4.0,4.0,0.01,3.952145277708041e-10,1.0,0.024161810999885347,16.0,0.00028848846028139974,8.82593325814976e-05,9.479663276579231e-09,9.479663276579231e-09,1.6086636182079318e-08,5.672148831277141e-06,8.758132861519415e-12,0.00209130004734731,1.794651429557191e-05
three_point_1d,1,500,61,BB,1.0,4.0,4.0,0.01,5.856511942070597e-09,1.0,0.13820238299990706,45.0,5.456770794488078,0.9843110524241881,2.7977449719737706,2.7977449719737706,5.646078925712699,0.10626456536129716,0.002656065646125656,0.003634442514772285,0.26156441924033286
three_point_1d,1,500,60,Ordinary,inf,3.0,3.0,0.01,6.145062236839749e-11,1.0,0.2539107130000957,35.0,0.0,0.0,0.0,0.0,0.0,0.0,0.0,0.002517906613209644,0.0
three_point_1d,1,500,60,RR-balanced,59.761699465479715,3.0,3.0,0.01,5.870193220403053e-11,1.0,0.19961556599992036,27.0,0.46406535274561733,0.12607158544587227,0.007688399727612705,0.007688399727612705,0.014215439783909763,0.005332061474497413,7.358091263255018e-06,0.0026917781943520533,0.010986640281124326
three_point_1d,1,500,60,RR-tiny,125000000.0,3.0,3.0,0.01,7.594849193992559e-10,1.0,0.03557664000004479,9.0,0.00026114237748808833,8.21650719301711e-05,6.981281330808997e-09,6.981281330808997e-09,1.3324665310004153e-08,5.16229896654662e-06,6.9710903855253876e-12,0.002518156480051704,5.456986992871245e-06
three_point_1d,1,500,60,BB,1.0,4.0,4.0,0.01,2.136284282805434e-08,1.0,0.26832695899997816,53.0,5.916596998705348,1.0379176818030027,4.528853555211072,4.528853555211072,8.29020825162706,0.12876496613308341,0.004139521046829401,0.00560743658779988,0.31794302689153137
three_point_1d,1,500,62,Ordinary,inf,4.0,5.0,0.01,2.2533619414843997e-10,1.0,0.2371840880000491,82.0,0.0,0.0,0.0,0.0,0.0,0.0,0.0,0.0018092267365709786,0.0
three_point_1d,1,500,62,RR-balanced,59.761699465479715,3.0,3.0,0.01,7.1273758006640264e-09,1.0,0.17304747599996517,37.0,0.39605085652570193,0.1259442382002347,0.07206990197209961,0.07206990197209961,0.13822534871146622,0.016626806591252947,7.234737373135996e-05,0.0017056450308546827,0.07496412771807273
three_point_1d,1,500,62,RR-tiny,125000000.0,4.0,4.0,0.01,5.85245851780769e-10,1.0,0.02626747699991938,18.0,0.0002688378224422472,8.837196175575697e-05,4.2954980017384514e-08,4.2954980017384514e-08,8.266662270144692e-08,1.2858197595421134e-05,4.182761859199239e-11,0.0018095136882070137,0.00017894760935795715
three_point_1d,1,500,62,BB,1.0,4.0,4.0,0.01,6.880212621851456e-09,1.0,0.23442546799969932,45.0,4.339883646083586,0.9057593578175854,3.6094880604887294,3.6094880604887294,6.105578783591756,0.11050410656253239,0.0033029281007612003,0.0031188962186504575,0.6068298480878607
three_point_1d,1,500,64,Ordinary,inf,5.0,5.0,0.01,7.336940388569246e-08,1.0,0.14271253300012177,120.0,0.0,0.0,0.0,0.0,0.0,0.0,0.0,0.002741052657451887,0.0
three_point_1d,1,500,64,RR-balanced,59.761699465479715,5.0,5.0,0.01,2.5588094532125183e-08,1.0,0.14059881800017138,57.0,0.5698115820614946,0.1318217159875034,0.01735621870034265,0.01735621870034265,0.030544906569254685,0.007815997258092493,1.443477018461636e-05,0.002710530620616557,0.0573821092885824
three_point_1d,1,500,64,RR-tiny,125000000.0,5.0,5.0,0.01,2.7927456569543097e-08,1.0,0.01857923700003994,19.0,0.0002686504101994114,9.124656623385546e-05,3.5659013519762084e-08,3.5659013519762084e-08,6.756209670660826e-08,1.1624293243600513e-05,3.261161839882556e-11,0.0027412326005584564,8.015497291904148e-05
three_point_1d,1,500,64,BB,1.0,6.0,6.0,0.01,2.7077005748665783e-08,1.0,0.21391717000005883,349.0,4.530221784368219,0.9466738939757436,3.755720535894625,3.755720535894625,6.373993341908186,0.11290698244048669,0.0032381054248969794,0.008749070147757523,0.3774467493696281
three_point_1d,1,500,63,Ordinary,inf,4.0,4.0,0.01,1.085431078351462e-09,1.0,0.29827718299998196,83.0,0.0,0.0,0.0,0.0,0.0,0.0,0.0,0.0012899838959886745,0.0
three_point_1d,1,500,63,RR-balanced,59.761699465479715,4.0,4.0,0.01,2.9961938485811856e-08,1.0,0.1116991159999543,44.0,0.5107818407246076,0.13159134293066385,0.04362615328022912,0.04362615328022912,0.08356782271120856,0.012928095196989273,4.4512475025271244e-05,0.0012360962514138304,0.060871077930854
three_point_1d,1,500,63,RR-tiny,125000000.0,4.0,4.0,0.01,2.4347659444146075e-09,1.0,0.024587646000099994,10.0,0.000328178085354236,9.02053276084798e-05,6.258915163925849e-09,6.258915163925849e-09,1.2365225238822487e-08,4.972971996467e-06,6.318023162954997e-12,0.0012900040285238534,1.0014893332006599e-05
three_point_1d,1,500,63,BB,1.0,5.0,5.0,0.01,3.257889513719192e-09,1.0,0.2739095679999082,235.0,5.427757314566923,0.9375641691756323,1.625770941220253,1.625770941220253,2.546435082448169,0.07136434799601506,0.0012953138322409638,0.002532583218283556,0.33461615033098924
three_point_1d,1,500,65,Ordinary,inf,3.0,3.0,0.01,2.5623947408348613e-13,1.0,0.24380800499989164,40.0,0.0,0.0,0.0,0.0,0.0,0.0,0.0,0.0031418046856443163,0.0
three_point_1d,1,500,65,RR-balanced,59.761699465479715,3.0,3.0,0.01,9.494982577962219e-11,1.0,0.16136264500005382,30.0,0.4301143215747245,0.12774548746651757,0.031076659161954012,0.031076659161954012,0.053282364195475856,0.01032301934469522,2.8021669122215946e-05,0.002736560747363834,0.03923996280750956
three_point_1d,1,500,65,RR-tiny,125000000.0,3.0,3.0,0.01,3.632543821296963e-09,1.0,0.021895251000159988,8.0,0.0002684277086841824,8.621343596477128e-05,9.578570825397037e-09,9.578570825397037e-09,1.7050059104924128e-08,5.839530649790979e-06,8.650838386753676e-12,0.0031419376863161576,1.6979658676614873e-05
three_point_1d,1,500,65,BB,1.0,3.0,3.0,0.01,3.020510508378038e-10,1.0,0.20029217599994809,40.0,4.012345758642215,0.9324355775632424,2.04362101837296,2.04362101837296,3.7100774408997395,0.08614032088284486,0.0020624300709291775,0.006357946870897954,0.12077310157445302
three_point_1d,1,500,66,Ordinary,inf,3.0,3.0,0.01,5.864606356098534e-09,1.0,0.16517039199993633,35.0,0.0,0.0,0.0,0.0,0.0,0.0,0.0,0.0010436706515620754,0.0
three_point_1d,1,500,66,RR-balanced,59.761699465479715,3.0,3.0,0.01,2.2328319193576363e-09,1.0,0.07767456300007325,19.0,0.4016973874834533,0.12758221865744765,0.013608797570896058,0.013608797570896058,0.02666401005099933,0.007302603652259833,1.3220847122833353e-05,0.0009657215246833392,0.014687845340894574
three_point_1d,1,500,66,RR-tiny,125000000.0,3.0,3.0,0.01,3.861569064511627e-09,1.0,0.021904394999864962,9.0,0.0002530634723714176,8.752838638922337e-05,9.209315976477228e-09,9.209315976477228e-09,1.6737359029720492e-08,5.7857340121579205e-06,9.001099445587568e-12,0.001043673971997428,1.117922140489197e-05
three_point_1d,1,500,66,BB,1.0,3.0,3.0,0.01,2.479405569744131e-10,1.0,0.15952985400008401,32.0,5.576826925361647,0.9795188600225696,2.112536550289633,2.112536550289633,3.7062270836825277,0.08609561061613452,0.0019000907812052128,0.00478822037414898,0.2932314121398636
three_point_1d,1,500,67,Ordinary,inf,3.0,3.0,0.01,6.390432627512155e-10,1.0,0.11160265999978947,34.0,0.0,0.0,0.0,0.0,0.0,0.0,0.0,0.0036057967364085623,0.0
three_point_1d,1,500,67,RR-balanced,59.761699465479715,3.0,3.0,0.01,3.3888281070204584e-09,1.0,0.10051386700024523,36.0,0.5745138948083075,0.12899825143343613,0.023744596842107057,0.023744596842107057,0.045484744751167955,0.009537792695500145,2.3587279992851942e-05,0.0036917824192806963,0.02520278264317714
three_point_1d,1,500,67,RR-tiny,125000000.0,3.0,3.0,0.01,2.0359802954672546e-08,1.0,0.01915179000002354,9.0,0.0003168844266641102,9.417998759500291e-05,5.46333467354998e-09,5.46333467354998e-09,9.641138038385147e-09,4.3911588535112565e-06,4.972366007934565e-12,0.0036056729844968502,2.0736681407818685e-05
three_point_1d,1,500,67,BB,1.0,3.0,3.0,0.01,1.3795276032624315e-10,1.0,0.13348519300006956,36.0,4.763797279512019,0.9451194068304688,2.8548498758138976,2.8548498758138976,5.535330783306087,0.10521721136112748,0.0028789914657352386,0.005836059558778939,0.18571850369737605
three_point_1d,1,500,71,Ordinary,inf,4.0,4.0,0.01,1.6696890536849196e-09,1.0,0.1921228149997205,59.0,0.0,0.0,0.0,0.0,0.0,0.0,0.0,0.00040232676326200785,0.0
three_point_1d,1,500,71,RR-balanced,59.761699465479715,4.0,4.0,0.01,1.8396576262347253e-08,1.0,0.1309165039999698,49.0,0.41150616491464165,0.1300638313401495,0.058976218159841665,0.058976218159841665,0.10809915270838524,0.014703683396236825,6.039857651310046e-05,0.00028427522877810216,0.04980040218123231
three_point_1d,1,500,71,RR-tiny,125000000.0,4.0,4.0,0.01,9.775802167766301e-09,1.0,0.01887398100006976,12.0,0.00026916460852932644,9.113577550436031e-05,4.452908797247801e-08,4.452908797247801e-08,8.712980885530144e-08,1.320074307418347e-05,4.453722461780022e-11,0.0004021609483666583,1.9310741267884226e-05
three_point_1d,1,500,71,BB,1.0,3.0,3.0,0.01,2.5688482452324024e-09,1.0,0.11216477600032704,29.0,6.434069449287644,1.0391217202126666,1.3269812778387404,1.3269812778387404,2.4798366038350914,0.07042494733878175,0.0012681487067427526,0.0013334700030012015,0.23854803374471775
three_point_1d,1,500,70,Ordinary,inf,3.0,3.0,0.01,9.897438424388838e-11,1.0,0.22723390900000595,42.0,0.0,0.0,0.0,0.0,0.0,0.0,0.0,0.0018067652508778295,0.0
three_point_1d,1,500,70,RR-balanced,59.761699465479715,3.0,3.0,0.01,4.548517118507789e-11,1.0,0.14513040400015598,30.0,0.48906366701105686,0.1263858685356653,0.02713173382289824,0.02713173382289824,0.04808131559498151,0.00980625469738386,2.5322629602395954e-05,0.0019835408286745706,0.02797553622345332
three_point_1d,1,500,70,RR-tiny,125000000.0,3.0,3.0,0.01,1.0056901977861799e-09,1.0,0.021189999999933207,9.0,0.00027986671089608173,8.568974273771513e-05,1.7860656953416765e-08,1.7860656953416765e-08,3.449710947421766e-08,8.306275877216897e-06,1.7773320488103502e-11,0.0018070098070121364,1.5942100797282732e-05
three_point_1d,1,500,70,BB,1.0,3.0,3.0,0.01,5.6202598130994375e-11,1.0,0.1680876340001305,34.0,4.439858210994061,0.980941499137501,4.110840270245717,4.110840270245717,8.181236427759044,0.127915881951844,0.004096548136320087,0.007535689332781216,0.29581027727836473
three_point_1d,1,500,69,Ordinary,inf,5.0,5.0,0.01,4.34456204345679e-09,1.0,0.2615247129999716,69.0,0.0,0.0,0.0,0.0,0.0,0.0,0.0,0.0011611838481822988,0.0
three_point_1d,1,500,69,RR-balanced,59.761699465479715,5.0,5.0,0.01,6.525998852424664e-09,1.0,0.16682532400000127,69.0,0.43107382848233633,0.13106226037583607,0.10405450115536041,0.10405450115536041,0.19696380056371998,0.019847609456240315,9.506272632954166e-05,0.00116414223318577,0.08399069578788991
three_point_1d,1,500,69,RR-tiny,125000000.0,5.0,5.0,0.01,1.1413440192953317e-08,1.0,0.023872609999898486,18.0,0.0003288354954682493,8.992391186269066e-05,3.499690137687139e-08,3.499690137687139e-08,6.899003357853176e-08,1.174649169569636e-05,3.608689227868127e-11,0.0011613448564724797,2.5957850112274814e-05
three_point_1d,1,500,69,BB,1.0,4.0,4.0,0.01,1.6480905751237174e-08,1.0,0.2183377979999932,46.0,3.7326924133754362,0.8938529074040383,1.8773282069469133,1.8773282069469133,3.5157198053489234,0.08385367976837896,0.0018289210088935114,0.005123880135152094,0.2930682026119343
three_point_1d,1,500,68,Ordinary,inf,4.0,4.0,0.01,1.450955333659465e-08,1.0,0.2909331360001488,91.0,0.0,0.0,0.0,0.0,0.0,0.0,0.0,0.0010575433535695614,0.0
three_point_1d,1,500,68,RR-balanced,59.761699465479715,4.0,4.0,0.01,7.0227250681398345e-09,1.0,0.2211700860000292,115.0,0.5063384291022106,0.12918327992696033,0.08015092072218977,0.08015092072218977,0.14103603758059652,0.016795001493337028,7.06073890138451e-05,0.001360652546478568,0.10500719500314461
three_point_1d,1,500,68,RR-tiny,125000000.0,4.0,4.0,0.01,1.9532231387842103e-09,1.0,0.032965917000183254,17.0,0.0002766337050268408,9.391411422300148e-05,1.5619889381923713e-08,1.5619889381923713e-08,2.9187649271602822e-08,7.640372932207278e-06,1.541671553817939e-11,0.0010573936399791433,3.6060068182250126e-05
three_point_1d,1,500,68,BB,1.0,4.0,4.0,0.01,3.981278950959677e-08,1.0,0.19421855499967933,41.0,7.240983915629332,1.0024846011519564,3.2302267947161454,3.2302267947161454,6.017931642964138,0.1097080821358585,0.003264019895278478,0.005965264639971794,0.19839249574496415
three_point_1d,1,500,72,Ordinary,inf,3.0,3.0,0.01,5.580469419896872e-11,1.0,0.15455191599994578,38.0,0.0,0.0,0.0,0.0,0.0,0.0,0.0,0.004111467391628545,0.0
three_point_1d,1,500,72,RR-balanced,59.761699465479715,3.0,3.0,0.01,2.403262033823239e-10,1.0,0.11069933000021592,28.0,0.4687559593943573,0.13092538897324218,0.03407644395565512,0.03407644395565512,0.05341366629760978,0.01033573086894292,2.9439177395265605e-05,0.0045240729722765185,0.03967713968708509
three_point_1d,1,500,72,RR-tiny,125000000.0,3.0,3.0,0.01,7.560660764127647e-09,1.0,0.018052472999897873,8.0,0.0002977702860600395,8.489445022529313e-05,2.826573108904995e-08,2.826573108904995e-08,5.377332493018245e-08,1.0370470088687634e-05,2.7270104912165622e-11,0.004111170166685541,1.8831410803755183e-05
three_point_1d,1,500,72,BB,1.0,3.0,3.0,0.01,2.6323876411993297e-09,1.0,0.12913102300012724,30.0,6.223384246322108,0.997155612874364,0.9286082996793539,0.9286082996793539,1.7436538251734168,0.059053430470607154,0.0009039143695200936,0.00315500263422712,0.12941124273375912
three_point_1d,1,500,73,Ordinary,inf,4.0,4.0,0.01,1.9051427102567686e-13,1.0,0.2420049680001739,57.0,0.0,0.0,0.0,0.0,0.0,0.0,0.0,0.0013822752819452693,0.0
three_point_1d,1,500,73,RR-balanced,59.761699465479715,4.0,4.0,0.01,4.2305696945632576e-08,1.0,0.2446259559999362,48.0,0.3620161329718865,0.12965225381786422,0.060415231456772744,0.060415231456772744,0.11269386116375875,0.015012918514649892,6.0059652054126e-05,0.0018923009652814277,0.05134471467695408
three_point_1d,1,500,73,RR-tiny,125000000.0,4.0,4.0,0.01,6.5029475138089765e-09,1.0,0.024461637000058545,21.0,0.0002936801678526946,9.110145284135272e-05,6.785967343603261e-09,6.785967343603261e-09,1.2201656206762521e-08,4.939970891971434e-06,6.394227833128042e-12,0.0013823488603876216,3.1063042422016736e-05
three_point_1d,1,500,73,BB,1.0,3.0,3.0,0.01,8.932343753542682e-11,1.0,0.1747457830001622,35.0,7.1054658619511315,1.0616825938741248,3.9896175098035656,3.9896175098035656,7.269765318378312,0.1205799761019906,0.003966085606720888,0.002476270504109995,0.5247825612462138
three_point_1d,1,500,74,Ordinary,inf,4.0,4.0,0.01,2.0223082097814427e-08,1.0,0.24431598800015308,63.0,0.0,0.0,0.0,0.0,0.0,0.0,0.0,0.006506364488079838,0.0
three_point_1d,1,500,74,RR-balanced,59.761699465479715,4.0,4.0,0.01,2.114006969478055e-09,1.0,0.1997746439999446,61.0,0.6593785746605687,0.1358285134261273,0.0264457224348007,0.0264457224348007,0.05170532448060136,0.010169102662536292,2.576261348582935e-05,0.00642890715602198,0.03871201337655802
three_point_1d,1,500,74,RR-tiny,125000000.0,4.0,4.0,0.01,3.9026522014040665e-09,1.0,0.023151031999759653,28.0,0.0002737925208710079,8.767749582997127e-05,1.2497821444412693e-08,1.2497821444412693e-08,2.2550549249774587e-08,6.71573514215303e-06,1.1736935854297439e-11,0.006506205183630993,5.4746682277770346e-05
three_point_1d,1,500,74,BB,1.0,4.0,4.0,0.01,2.941464849470776e-10,1.0,0.22764476699990155,59.0,6.039449438041683,0.9694704680397768,2.976596563939438,2.976596563939438,5.53523559047055,0.10521630663039404,0.0029425090049593613,0.002569548457207469,0.39157844910478357
three_point_1d,1,500,75,Ordinary,inf,4.0,4.0,0.01,7.0371612981290355e-09,1.0,0.25395807299992157,80.0,0.0,0.0,0.0,0.0,0.0,0.0,0.0,0.002799295343700651,0.0
three_point_1d,1,500,75,RR-balanced,59.761699465479715,4.0,4.0,0.01,4.752807036823015e-10,1.0,0.243510324999761,50.0,0.3852667266297176,0.12507166132094186,0.058429875278079635,0.058429875278079635,0.10611154522663192,0.014567878721806543,5.930216500901857e-05,0.0033719379812352486,0.04411497290032594
three_point_1d,1,500,75,RR-tiny,125000000.0,4.0,4.0,0.01,4.457514357625314e-10,1.0,0.024772245000121984,12.0,0.0002735846272854392,9.150278186375139e-05,1.844136932049878e-08,1.844136932049878e-08,3.54175687462992e-08,8.416361297651047e-06,1.8217905161512474e-11,0.002799456011492057,1.574843708053719e-05
three_point_1d,1,500,75,BB,1.0,4.0,4.0,0.01,7.58050866522808e-09,1.0,0.2502366769999753,53.0,6.177808229642672,1.0546291636228309,3.5076873624611835,3.5076873624611835,5.692024114568811,0.10669605535884456,0.0032767336711115942,0.007727152742024359,0.5737005905133379
three_point_1d,1,500,76,Ordinary,inf,3.0,3.0,0.01,3.6899308053506275e-09,1.0,0.1620299389999218,43.0,0.0,0.0,0.0,0.0,0.0,0.0,0.0,0.0030893020107382314,0.0
three_point_1d,1,500,76,RR-balanced,59.761699465479715,4.0,4.0,0.01,3.330161701953216e-09,1.0,0.17218026000000464,67.0,0.3955483993739146,0.1252463033134491,0.04666177687363415,0.04666177687363415,0.08556919588989394,0.013081987302385975,4.25873287995775e-05,0.003465516718035244,0.026968625611899086
three_point_1d,1,500,76,RR-tiny,125000000.0,3.0,3.0,0.01,1.8849256377961865e-08,1.0,0.02063488400017377,10.0,0.000251767460207164,8.295785602211474e-05,4.631374395103194e-08,4.631374395103194e-08,9.212447894298885e-08,1.3573833573680564e-05,4.6369115631392445e-11,0.003089459709205994,3.9680459710351274e-05
three_point_1d,1,500,76,BB,1.0,5.0,5.0,0.01,1.1445918435271096e-08,1.0,0.2106307179999476,99.0,5.187663608646146,0.9964836555031068,2.379655808320649,2.379655808320649,4.4834010492052405,0.09469319985305429,0.0022371792059483167,0.00536495404942154,0.44082354862901957
three_point_1d,1,500,77,Ordinary,inf,3.0,3.0,0.01,4.731030678328807e-09,1.0,0.2011671519999254,36.0,0.0,0.0,0.0,0.0,0.0,0.0,0.0,0.0019174832625286696,0.0
three_point_1d,1,500,77,RR-balanced,59.761699465479715,3.0,3.0,0.01,1.1558443091530535e-10,1.0,0.1322454450000805,27.0,0.43715903307580195,0.13168132359444823,0.0489240916892868,0.0489240916892868,0.09637955545396956,0.013883771494372093,4.868177398445225e-05,0.0021265034668909413,0.03464284162486319
three_point_1d,1,500,77,RR-tiny,125000000.0,3.0,3.0,0.01,4.395191322004166e-09,1.0,0.021103528999901755,8.0,0.0002665267122878845,8.9678312634237e-05,2.6411726139485836e-09,2.6411726139485836e-09,5.0384886334977505e-09,3.1744255018814823e-06,2.6363249595747326e-12,0.0019174281453862576,5.263375619532455e-06
three_point_1d,1,500,77,BB,1.0,4.0,4.0,0.01,1.3708496560127514e-08,1.0,0.195079351999766,94.0,5.216846018751729,0.9759794181612792,3.084245069767121,3.084245069767121,5.821026504049039,0.10789834571529851,0.003068605680367046,0.005917639275665741,0.27390907681619403
three_point_1d,1,500,78,Ordinary,inf,5.0,5.0,0.01,8.200950585290911e-09,1.0,0.2082976830001826,66.0,0.0,0.0,0.0,0.0,0.0,0.0,0.0,0.0022115481007166623,0.0
three_point_1d,1,500,78,RR-balanced,59.761699465479715,5.0,5.0,0.01,1.3727923686701615e-08,1.0,0.16331471500029693,70.0,0.3778811239803024,0.127763347521826,0.045622383505588004,0.045622383505588004,0.08321725781812883,0.012900950183465466,3.3725520835455134e-05,0.0020959710709778532,0.03899703878182804
three_point_1d,1,500,78,RR-tiny,125000000.0,5.0,5.0,0.01,6.961179410680529e-09,1.0,0.022771561000126894,33.0,0.0002232925231506755,8.538198503293891e-05,2.8164777177153155e-08,2.8164777177153155e-08,4.394994843063844e-08,9.375494486227214e-06,2.4258568618404856e-11,0.002211395759886628,6.912382263696848e-05
three_point_1d,1,500,78,BB,1.0,4.0,4.0,0.01,3.30746208199173e-09,1.0,0.16335547499988934,38.0,5.932913862770592,1.0012596347904588,1.9238238190221182,1.9238238190221182,3.984523994544008,0.08926952441392312,0.0018635778619373615,0.0007430771598252015,0.2657697354514918
three_point_1d,1,500,80,Ordinary,inf,5.0,5.0,0.01,1.1110930397961738e-08,1.0,0.19021508600030756,108.0,0.0,0.0,0.0,0.0,0.0,0.0,0.0,0.0021391966641733096,0.0
three_point_1d,1,500,80,RR-balanced,59.761699465479715,5.0,5.0,0.01,3.19587763808471e-07,1.0,0.1588446009998279,96.0,0.37328802538803774,0.12689398870534363,0.08475774680528048,0.08475774680528048,0.1633306557098143,0.018073774133247008,8.497021715934213e-05,0.0026965965995967853,0.1068394160907802
three_point_1d,1,500,80,RR-tiny,125000000.0,5.0,5.0,0.01,2.1707386999025857e-08,1.0,0.022515916000202196,26.0,0.0002772078583209714,8.533710623952331e-05,1.3724275049753487e-08,1.3724275049753487e-08,2.5536206987277023e-08,7.14649662244054e-06,1.3589676007807634e-11,0.002139183355794384,4.1991296904772176e-05
three_point_1d,1,500,80,BB,1.0,3.0,3.0,0.01,7.505307486610491e-11,1.0,0.11459037999998145,30.0,4.828560089884103,0.9830683914319156,0.8208370861348158,0.8208370861348158,1.6867446909193682,0.05808174740689829,0.000767825765996987,0.004019880199927657,0.22180961811823033
three_point_1d,1,500,79,Ordinary,inf,3.0,3.0,0.01,1.4856271768337592e-10,1.0,0.20288610300008258,34.0,0.0,0.0,0.0,0.0,0.0,0.0,0.0,0.0030428662998463313,0.0
three_point_1d,1,500,79,RR-balanced,59.761699465479715,3.0,3.0,0.01,6.109957428890311e-09,1.0,0.1556280060001427,28.0,0.3884818729825307,0.13271935701526813,0.03623940122429303,0.03623940122429303,0.06657986262236773,0.011539485484402477,3.442845899043401e-05,0.003174910174255573,0.02314281933799944
three_point_1d,1,500,79,RR-tiny,125000000.0,3.0,3.0,0.01,2.6799851227110594e-10,1.0,0.02460493399985353,10.0,0.00034063180826438,9.153002419941656e-05,4.415710463945288e-09,4.415710463945288e-09,8.25403274101955e-09,4.063011873233833e-06,4.370233469636462e-12,0.003042885222979971,6.295821443523892e-06
three_point_1d,1,500,79,BB,1.0,3.0,3.0,0.01,8.405098839148195e-10,1.0,0.22396901999991314,36.0,5.900325336565783,1.0421180593559152,4.6336009092099175,4.6336009092099175,8.536920607721619,0.13066690941261005,0.004574454696419131,0.0074775122851750316,0.2975159927238996
three_point_1d,1,500,81,Ordinary,inf,5.0,5.0,0.01,1.7065524549053634e-09,1.0,0.18958609800006343,51.0,0.0,0.0,0.0,0.0,0.0,0.0,0.0,0.0018817864211790314,0.0
three_point_1d,1,500,81,RR-balanced,59.761699465479715,5.0,5.0,0.01,7.10470771103644e-09,1.0,0.10615177900012895,38.0,0.5415998706860337,0.13358905640340263,0.07989444534609902,0.07989444534609902,0.15752764562807126,0.017749796935631196,7.847249118986881e-05,0.0017170501366503203,0.040209612187800274
three_point_1d,1,500,81,RR-tiny,125000000.0,5.0,5.0,0.01,1.5318420309995417e-08,1.0,0.023426617999803057,27.0,0.00029863907216409746,9.38215891981577e-05,5.355491339287255e-08,5.355491339287255e-08,9.792250100115073e-08,1.3994463262387075e-05,4.685407368709392e-11,0.0018820487947406462,5.005315323984822e-05
three_point_1d,1,500,81,BB,1.0,4.0,4.0,0.01,1.0619249701804279e-08,1.0,0.12288319100002809,33.0,4.642749082441839,0.98029413949108,1.3969783193822423,1.3969783193822423,2.8276662871047877,0.07520194528208413,0.0013601237729712874,0.0011523301983539318,0.15595399065130694
three_point_1d,1,500,83,Ordinary,inf,4.0,4.0,0.01,2.7679885272746674e-08,1.0,0.18153271699998186,72.0,0.0,0.0,0.0,0.0,0.0,0.0,0.0,0.0014077249025939913,0.0
three_point_1d,1,500,83,RR-balanced,59.761699465479715,4.0,4.0,0.01,6.3343481571109805e-09,1.0,0.13480559099980383,57.0,0.6242303815716588,0.13398904540758,0.0283975020051912,0.0283975020051912,0.051885405635358414,0.010186795927607307,2.7685308674252215e-05,0.001306389174471921,0.057157194966494136
three_point_1d,1,500,83,RR-tiny,125000000.0,4.0,4.0,0.01,4.012381538132104e-09,1.0,0.020540089999940392,19.0,0.0002790863024991763,9.064147683771558e-05,9.182258509099483e-09,9.182258509099483e-09,1.6346714477017962e-08,5.717816799621682e-06,7.921166415593304e-12,0.0014077192420134822,3.238113539792761e-05
three_point_1d,1,500,83,BB,1.0,4.0,4.0,0.01,3.1349129958613275e-09,1.0,0.18100551300017287,47.0,5.636303815727011,1.011590663609659,1.23435082683568,1.23435082683568,2.4129268183002917,0.06946836428620284,0.001163632880031911,0.002118094709832465,0.33073598922802927
three_point_1d,1,500,82,Ordinary,inf,5.0,5.0,0.01,3.589319064190022e-09,1.0,0.27849178799988294,70.0,0.0,0.0,0.0,0.0,0.0,0.0,0.0,0.002676734790986346,0.0
three_point_1d,1,500,82,RR-balanced,59.761699465479715,5.0,5.0,0.01,1.4989793184483347e-08,1.0,0.18794722899997396,53.0,0.4952330631533963,0.13107725499849238,0.10607727299270664,0.10607727299270664,0.20255859580539076,0.020127523235877322,0.00010219952501235595,0.0036536046885091017,0.06296664700361367
three_point_1d,1,500,82,RR-tiny,125000000.0,5.0,5.0,0.01,3.220833089123687e-08,1.0,0.02253147000010358,21.0,0.0003269526037450454,8.546995693205765e-05,2.2549329514731653e-08,2.2549329514731653e-08,4.2664244171979534e-08,9.237342060569104e-06,2.2233349058877755e-11,0.0026767238014892094,3.5491092530994446e-05
three_point_1d,1,500,82,BB,1.0,4.0,4.0,0.01,2.0947414913763396e-08,1.0,0.21220393700014029,44.0,5.960932177842035,0.9385667529408953,2.65774758165162,2.65774758165162,4.140824877216815,0.09100357000927838,0.0026369843697349135,0.006006058482657143,0.4477187124653868
three_point_1d,1,500,84,Ordinary,inf,3.0,3.0,0.01,1.7122192552676552e-10,1.0,0.26565296800004035,42.0,0.0,0.0,0.0,0.0,0.0,0.0,0.0,0.0014114141230934707,0.0
three_point_1d,1,500,84,RR-balanced,59.761699465479715,3.0,3.0,0.01,2.0996582250631945e-10,1.0,0.11574987700009842,23.0,0.5797053255844609,0.1341090314594844,0.015466874280036791,0.015466874280036791,0.027612752011967348,0.00743138641331042,1.3970767661575983e-05,0.0013550407650865302,0.01976120254705105
three_point_1d,1,500,84,RR-tiny,125000000.0,3.0,3.0,0.01,1.1503525465528242e-08,1.0,0.02492332300016642,6.0,0.00028883700398751877,8.769536944670312e-05,1.5295654520741664e-08,1.5295654520741664e-08,3.0368064196632794e-08,7.793338719269528e-06,1.4864548022306737e-11,0.0014116118696765934,1.599220922041412e-05
three_point_1d,1,500,84,BB,1.0,3.0,3.0,0.01,9.38779054493466e-10,1.0,0.16103668300002028,29.0,5.503522393383133,0.9785939138388496,4.9415065779401175,4.9415065779401175,8.610472587485747,0.13122859892177274,0.0047749340231605045,0.006133849066115275,0.28272052840565837
three_point_1d,1,500,85,Ordinary,inf,4.0,4.0,0.01,1.1396827481746641e-08,1.0,0.2738684650000778,71.0,0.0,0.0,0.0,0.0,0.0,0.0,0.0,0.005865361899145138,0.0
three_point_1d,1,500,85,RR-balanced,59.761699465479715,4.0,4.0,0.01,5.6457907238183225e-09,1.0,0.1426281439999002,61.0,0.4007916483577614,0.1213407938039172,0.035309360482870034,0.035309360482870034,0.06942037123686759,0.011783070163320558,3.398249870006991e-05,0.006625076673455166,0.027941002656182583
three_point_1d,1,500,85,RR-tiny,125000000.0,4.0,4.0,0.01,4.902888539604078e-09,1.0,0.021727089000251,23.0,0.00037401151384774955,9.174764940809991e-05,1.915486791403964e-08,1.915486791403964e-08,3.697049555668828e-08,8.598894761152538e-06,1.937329461861144e-11,0.005865178843874571,3.9729402945025455e-05
three_point_1d,1,500,85,BB,1.0,4.0,4.0,0.01,1.785849845781229e-08,1.0,0.17434627100010403,63.0,7.071286571873323,0.9386104715283535,3.0857301588771406,3.0857301588771406,6.435430924385663,0.11344982084063124,0.003018316383695186,0.009102997713349551,0.25000968075515134
three_point_1d,1,500,86,Ordinary,inf,3.0,3.0,0.01,1.3492762462874452e-10,1.0,0.16979787000013857,38.0,0.0,0.0,0.0,0.0,0.0,0.0,0.0,0.002738640603129527,0.0
three_point_1d,1,500,86,RR-balanced,59.761699465479715,3.0,3.0,0.01,3.787997471249582e-09,1.0,0.10151704800023253,24.0,0.43598889524756546,0.129979627029418,0.00585079160737223,0.00585079160737223,0.011454764846360937,0.004786390048117879,5.852391286985713e-06,0.0027752148804107268,0.00787267087850213
three_point_1d,1,500,86,RR-tiny,125000000.0,3.0,3.0,0.01,4.147781673680129e-09,1.0,0.019167842999877394,9.0,0.0002851858027528298,9.431795849027804e-05,1.0428038876852952e-08,1.0428038876852952e-08,2.062600530803791e-08,6.422772813674467e-06,1.0315688647807914e-11,0.0027385062584059988,1.1209671341719196e-05
three_point_1d,1,500,86,BB,1.0,4.0,4.0,0.01,3.774421886149071e-09,1.0,0.15444858899991232,58.0,4.626690118581046,0.9201251471975784,0.3580983999968339,0.3580983999968339,0.6450772343758202,0.035918720310607395,0.00033835151767855657,0.0023104342068966223,0.06791332455700666
three_point_1d,1,500,87,Ordinary,inf,6.0,6.0,0.01,3.241780355267565e-08,1.0,0.2301290389998485,108.0,0.0,0.0,0.0,0.0,0.0,0.0,0.0,0.001169411157192035,0.0
three_point_1d,1,500,87,RR-balanced,59.761699465479715,6.0,6.0,0.01,7.2314363386283276e-09,1.0,0.16643914099995527,134.0,0.3743240815224105,0.12978318479992662,0.03802131992051727,0.03802131992051727,0.07116125066622013,0.011929899468664447,3.8269119385236244e-05,0.0013543335853521932,0.06904545923315923
three_point_1d,1,500,87,RR-tiny,125000000.0,6.0,6.0,0.01,2.385593833587052e-08,1.0,0.02473870399990119,22.0,0.00028216500689293156,8.662504904487728e-05,1.3415501598501578e-08,1.3415501598501578e-08,2.631348180808483e-08,7.254444404375132e-06,1.2341312722008486e-11,0.0011693644580361216,1.8660108147178327e-05
three_point_1d,1,500,87,BB,1.0,3.0,3.0,0.01,1.555061857061446e-09,1.0,0.17267056700006833,32.0,4.708154760374273,0.9728751976965508,1.6204413412208396,1.6204413412208396,3.1127081096177016,0.07890130682843854,0.0016383443920821516,0.0031682247581024843,0.39684548337132197
three_point_1d,1,500,88,Ordinary,inf,4.0,4.0,0.01,7.2329351397115715e-09,1.0,0.2945269330002702,61.0,0.0,0.0,0.0,0.0,0.0,0.0,0.0,0.0026698128421944784,0.0
three_point_1d,1,500,88,RR-balanced,59.761699465479715,4.0,4.0,0.01,4.826943289515384e-10,1.0,0.21588036699995428,54.0,0.44087741052679563,0.12970570622319283,0.10648309471071116,0.10648309471071116,0.17945863815889293,0.018945112201245624,9.975599798406688e-05,0.0029124670639579125,0.07440292227729436
three_point_1d,1,500,88,RR-tiny,125000000.0,4.0,4.0,0.01,6.727129964190226e-11,1.0,0.024524030000065977,13.0,0.00027394871474151206,8.525968577083906e-05,1.8728769646259025e-08,1.8728769646259025e-08,3.437668729881959e-08,8.29176546928573e-06,2.0137361083451857e-11,0.0026700666088528575,3.171895035048723e-05
three_point_1d,1,500,88,BB,1.0,3.0,3.0,0.01,3.9691361308769046e-11,1.0,0.19756905200006258,31.0,4.37946852051485,1.0364235859395219,1.7481759555078042,1.7481759555078042,3.3196535498164246,0.0814819433962694,0.0016459048953949302,0.002492270187272625,0.32881101517250755
three_point_1d,1,500,90,Ordinary,inf,3.0,3.0,0.01,1.6248735690282956e-10,1.0,0.16462625099984507,39.0,0.0,0.0,0.0,0.0,0.0,0.0,0.0,0.0011960628098018839,0.0
three_point_1d,1,500,90,RR-balanced,59.761699465479715,3.0,3.0,0.01,1.4884848908991444e-10,1.0,0.11312390099988079,24.0,0.3807039699557193,0.12745934787618252,0.051276568505272735,0.051276568505272735,0.09986366197545857,0.01413249178138509,5.097460941235469e-05,0.0008927309750995608,0.020781885154211165
three_point_1d,1,500,90,RR-tiny,125000000.0,3.0,3.0,0.01,1.2456109033109897e-08,1.0,0.017594584000107716,8.0,0.000313431225630878,9.057744625240724e-05,3.028480932698585e-08,3.028480932698585e-08,5.3260468687185666e-08,1.032089808952551e-05,2.983568668696736e-11,0.0011959997174480353,2.0456254918145626e-05
three_point_1d,1,500,90,BB,1.0,3.0,3.0,0.01,4.918424778566077e-09,1.0,0.09658008100018378,24.0,5.617948348507734,1.0364527730879716,1.0015713972034064,1.0015713972034064,1.819182383666908,0.06031885913488265,0.0009457538188188458,0.0025336322955541524,0.19591861238228991
three_point_1d,1,500,89,Ordinary,inf,3.0,3.0,0.01,7.4118329251859905e-09,1.0,0.20634816699998737,35.0,0.0,0.0,0.0,0.0,0.0,0.0,0.0,0.0021412961622823542,0.0
three_point_1d,1,500,89,RR-balanced,59.761699465479715,3.0,3.0,0.01,4.865523539621108e-10,1.0,0.15937230700023974,29.0,0.4188762681014222,0.13179618554577316,0.020876849809383202,0.020876849809383202,0.039221556258413365,0.008856811645102696,2.0962647449917003e-05,0.0020961722831577805,0.015803222034245414
three_point_1d,1,500,89,RR-tiny,125000000.0,3.0,3.0,0.01,6.786149420179299e-11,1.0,0.01956085400001939,9.0,0.0003053968154578257,9.083025450081792e-05,2.104366103594657e-08,2.104366103594657e-08,3.7188476112480617e-08,8.624207338936212e-06,1.8922842588425695e-11,0.002141047650470632,3.267859976103366e-05
three_point_1d,1,500,89,BB,1.0,4.0,4.0,0.01,1.4459744512862471e-08,1.0,0.24410911799986934,55.0,4.667609622835767,0.978186563851584,1.261213722896855,1.261213722896855,1.8893098264001158,0.06147047789630589,0.0010202016399265413,0.0032125949327308214,0.23014983894441535
three_point_1d,1,500,91,Ordinary,inf,5.0,5.0,0.01,3.852455487951545e-08,1.0,0.23891181700014386,87.0,0.0,0.0,0.0,0.0,0.0,0.0,0.0,0.005230086388241297,0.0
three_point_1d,1,500,91,RR-balanced,59.761699465479715,5.0,5.0,0.01,5.308880246523984e-08,1.0,0.15744384100003117,54.0,0.4088486270477978,0.12673743621063108,0.04746685367081227,0.04746685367081227,0.09486251382389933,0.013774070845171325,4.72196747034685e-05,0.005437965717454851,0.037905473255792396
three_point_1d,1,500,91,RR-tiny,125000000.0,5.0,5.0,0.01,7.1453953864875075e-12,1.0,0.024610110999901735,34.0,0.00035788738337472203,9.363310464881086e-05,2.0116203813813627e-08,2.0116203813813627e-08,3.632550561330888e-08,8.523556254675496e-06,1.933612164427601e-11,0.00522996820459712,5.346148262790606e-05
three_point_1d,1,500,91,BB,1.0,4.0,4.0,0.01,5.609701592135252e-09,1.0,0.20908940500021345,56.0,4.6260991805807965,0.9524331883643974,1.2737241756967705,1.2737241756967705,2.392671484737709,0.06917617342319116,0.0012364115952661417,0.008630474441180737,0.3503685427657477
three_point_1d,1,500,93,Ordinary,inf,3.0,3.0,0.01,2.6518376383677378e-09,1.0,0.16978971800017462,40.0,0.0,0.0,0.0,0.0,0.0,0.0,0.0,0.0022300429627930395,0.0
three_point_1d,1,500,93,RR-balanced,59.761699465479715,3.0,3.0,0.01,3.3140274968701533e-09,1.0,0.09052417800012336,24.0,0.49358925470338133,0.12647562774829446,0.028125467843892693,0.028125467843892693,0.05358909114425502,0.010352689616158211,2.673434163321537e-05,0.0023249622875771985,0.03099185217884167
three_point_1d,1,500,93,RR-tiny,125000000.0,3.0,3.0,0.01,1.0216159029852179e-09,1.0,0.021165912000242315,9.0,0.00023175148892140562,8.686667935582671e-05,1.5081013771123253e-08,1.5081013771123253e-08,2.934351454796956e-08,7.660745988214145e-06,1.5044783337369822e-11,0.002229994570836745,1.3935078897656816e-05
three_point_1d,1,500,93,BB,1.0,4.0,4.0,0.01,3.918285451653958e-08,1.0,0.1791650610000488,49.0,5.34843611576509,0.9744162049673009,4.053827553823794,4.053827553823794,8.133272435068978,0.12754036565000884,0.0040424141196986115,0.0037883599118978374,0.19830595892719685
three_point_1d,1,500,92,Ordinary,inf,3.0,3.0,0.01,2.456528314098705e-10,1.0,0.20250696099992638,34.0,0.0,0.0,0.0,0.0,0.0,0.0,0.0,0.00047526563884447103,0.0
three_point_1d,1,500,92,RR-balanced,59.761699465479715,3.0,3.0,0.01,1.052868903173021e-11,1.0,0.13506988899985117,25.0,0.4089317258713574,0.1281039112251173,0.04939037110193567,0.04939037110193567,0.09497642094736661,0.013782338041665254,4.7998141070106135e-05,0.0003553855033482721,0.029665158343238802
three_point_1d,1,500,92,RR-tiny,125000000.0,3.0,3.0,0.01,4.098481332093229e-09,1.0,0.024363550000089162,10.0,0.0002470650329577939,8.679695072635851e-05,2.980800672958139e-08,2.980800672958139e-08,5.6343134219318807e-08,1.06153788645831e-05,2.8615867225502743e-11,0.00047526791494182947,2.7263827974444286e-05
three_point_1d,1,500,92,BB,1.0,3.0,3.0,0.01,9.222800301245115e-11,1.0,0.1951475959997424,33.0,5.212406238331168,0.9922496141534068,3.512561396840738,3.512561396840738,6.560223089462916,0.11454451614514695,0.0033349957418305366,0.0025792966196387743,0.2554255169523219
three_point_1d,1,500,96,Ordinary,inf,4.0,4.0,0.01,2.1834334340553596e-09,1.0,0.1987349279997943,65.0,0.0,0.0,0.0,0.0,0.0,0.0,0.0,0.00293721606175596,0.0
three_point_1d,1,500,96,RR-balanced,59.761699465479715,4.0,4.0,0.01,1.2999013865311326e-08,1.0,0.0970629779999399,34.0,0.4403211029156855,0.1308101337591057,0.03329942469645175,0.03329942469645175,0.06525928934879832,0.011424472797359038,3.3069661394692166e-05,0.0025739709886924292,0.031251449165738396
three_point_1d,1,500,96,RR-tiny,125000000.0,4.0,4.0,0.01,1.1630141294460827e-09,1.0,0.021876712999983283,20.0,0.000261357325821443,8.380355803420092e-05,1.2748841982102022e-08,1.2748841982102022e-08,2.3219318548699324e-08,6.814590016824097e-06,1.2013810795985649e-11,0.0029373651729096423,3.481047367030372e-05
three_point_1d,1,500,96,BB,1.0,3.0,3.0,0.01,1.2272340921271052e-09,1.0,0.14913252299993474,32.0,5.08400531478078,1.042847615479331,2.4553047804233756,2.4553047804233756,4.686126988484639,0.09681040221468598,0.002459556364711817,0.007156666136763868,0.38134193102982006
three_point_1d,1,500,94,Ordinary,inf,4.0,4.0,0.01,2.843023594323313e-10,1.0,0.26705625299996427,69.0,0.0,0.0,0.0,0.0,0.0,0.0,0.0,0.006106814704327473,0.0
three_point_1d,1,500,94,RR-balanced,59.761699465479715,4.0,4.0,0.01,2.2507442576369385e-08,1.0,0.18570049499999186,50.0,0.4192055475245271,0.12806546755052245,0.06069642401803321,0.06069642401803321,0.1206041712227447,0.01553088350498739,6.047913947273604e-05,0.00589032620812263,0.029656916420023827
three_point_1d,1,500,94,RR-tiny,125000000.0,4.0,4.0,0.01,2.0430748204347537e-09,1.0,0.022946014999888575,32.0,0.00026994679059044735,9.079936729728105e-05,1.558726125949761e-08,1.558726125949761e-08,2.4055591949935737e-08,6.936222595899837e-06,1.4346417008578493e-11,0.006106652118913499,3.998004834898377e-05
three_point_1d,1,500,94,BB,1.0,4.0,4.0,0.01,2.9144560098615102e-09,1.0,0.32700403999979244,71.0,7.174311458270616,1.0078354978777102,6.322015564126332,6.322015564126332,11.050352921937325,0.14866306146408612,0.006361475982070852,0.012899409832461548,0.608650074758173
three_point_1d,1,500,95,Ordinary,inf,5.0,5.0,0.01,1.3290619715888852e-09,1.0,0.2794508730000871,121.0,0.0,0.0,0.0,0.0,0.0,0.0,0.0,0.004348439877269154,0.0
three_point_1d,1,500,95,RR-balanced,59.761699465479715,4.0,4.0,0.01,2.6427808830220556e-08,1.0,0.16992177699989952,63.0,0.52933775629326,0.13285529319303882,0.023857261789089534,0.023857261789089534,0.04637547518574503,0.009630729482832027,2.3734497911558704e-05,0.0043413468163024755,0.05136040226547993
three_point_1d,1,500,95,RR-tiny,125000000.0,5.0,5.0,0.01,1.210163080855864e-10,1.0,0.024408405999793104,23.0,0.00029033996375105176,8.903230909080446e-05,4.137677933613304e-08,4.137677933613304e-08,8.030666774680126e-08,1.267333166509906e-05,4.156537877204903e-11,0.004348258729420614,2.5235247693037676e-05
three_point_1d,1,500,95,BB,1.0,5.0,5.0,0.01,2.6124233221125337e-08,1.0,0.19998268899985305,74.0,6.3042758882959244,1.0077013845904108,4.374425461940518,4.374425461940518,9.312573956781305,0.1364739825518498,0.004178769435527763,0.0035383068368345276,0.3023899988089009
three_point_1d,1,500,97,Ordinary,inf,5.0,5.0,0.01,8.857885314128566e-09,1.0,0.24291124199999103,99.0,0.0,0.0,0.0,0.0,0.0,0.0,0.0,0.0013990994471114022,0.0
three_point_1d,1,500,97,RR-balanced,59.761699465479715,5.0,5.0,0.01,3.6096622135772805e-08,1.0,0.200619197999913,53.0,0.37933453576150344,0.12664146178547225,0.03713745757841025,0.03713745757841025,0.06834506560245426,0.011691455478464114,4.002337390077101e-05,0.0015489552684278462,0.042526970138917736
three_point_1d,1,500,97,RR-tiny,125000000.0,5.0,5.0,0.01,1.6653500800600796e-10,1.0,0.03322115199989639,20.0,0.00031039455798342885,8.55793186366019e-05,3.9746282709529623e-08,3.9746282709529623e-08,7.262513281760053e-08,1.2051981813594023e-05,3.6764539872290417e-11,0.001399425262573874,4.769260754712607e-05
three_point_1d,1,500,97,BB,1.0,4.0,4.0,0.01,1.1197269778051577e-09,1.0,0.24255269300010696,40.0,6.898685770832605,0.983459197326364,3.408782912201332,3.408782912201332,6.430078181762929,0.11340262943832413,0.0034953402778200816,0.006536385966184363,0.30012167719475225
three_point_1d,1,500,99,Ordinary,inf,5.0,5.0,0.01,1.4300736372874212e-08,1.0,0.19025373400017997,48.0,0.0,0.0,0.0,0.0,0.0,0.0,0.0,0.00183178682528458,0.0
three_point_1d,1,500,99,RR-balanced,59.761699465479715,5.0,5.0,0.01,1.2834911355952272e-08,1.0,0.15934053800015135,41.0,0.4044858252477026,0.1265158519166921,0.10327296777904849,0.10327296777904849,0.1920479839512171,0.01959836646005055,9.406499669052402e-05,0.002077343468069568,0.06083169643649819
three_point_1d,1,500,99,RR-tiny,125000000.0,5.0,5.0,0.01,2.386829622835762e-09,1.0,0.02405470400003651,26.0,0.0002837283671250912,8.828813120950392e-05,5.862148100277409e-09,5.862148100277409e-09,1.1082806724597576e-08,4.708037112130187e-06,5.35206426269484e-12,0.0018317305133689907,1.050197778951732e-05
three_point_1d,1,500,99,BB,1.0,4.0,4.0,0.01,2.1417756457253745e-11,1.0,0.14132057300002998,25.0,4.773308332386432,0.9789661625753456,0.9505068282237517,0.9505068282237517,1.966258487109814,0.06270978372008333,0.0008438503320323373,0.0014387271326210033,0.12610384774984848
three_point_1d,1,500,98,Ordinary,inf,5.0,5.0,0.01,1.985141029337001e-08,1.0,0.2505976699999337,87.0,0.0,0.0,0.0,0.0,0.0,0.0,0.0,0.004104008705599407,0.0
three_point_1d,1,500,98,RR-balanced,59.761699465479715,5.0,5.0,0.01,4.489848270949892e-09,1.0,0.14907647299992277,66.0,0.3799486870101412,0.1311216616976142,0.012508642263128422,0.012508642263128422,0.020098442517708735,0.006340101342677219,1.2381223751354456e-05,0.004395835948671428,0.05101434187538602
three_point_1d,1,500,98,RR-tiny,125000000.0,5.0,5.0,0.01,7.92655563408573e-09,1.0,0.01892311400001745,20.0,0.00026882904837888244,8.974728308553313e-05,6.251184458960779e-09,6.251184458960779e-09,1.0268378726119955e-08,4.531749932668385e-06,6.37374690361226e-12,0.004103974703789087,3.066270924929453e-05
three_point_1d,1,500,98,BB,1.0,4.0,4.0,0.01,5.475398578980162e-09,1.0,0.16587834599977214,57.0,5.818852554431733,1.0207535020185414,1.140594240176597,1.140594240176597,2.0715024910659365,0.06436617886850106,0.0010616128038355055,0.005677612459320989,0.3859185779063627
three_point_1d,1,1000,0,Ordinary,inf,5.0,5.0,0.01,2.8765079207460076e-10,1.0,0.4179812839997794,69.0,0.0,0.0,0.0,0.0,0.0,0.0,0.0,0.0019716076322464793,0.0
three_point_1d,1,1000,0,RR-balanced,72.40712672397635,3.0,3.0,0.01,7.121701894874377e-09,1.0,0.23455179100005807,36.0,0.39500823777756255,0.1185339118775888,0.01648763843741108,0.01648763843741108,0.03238645075915267,0.0056909094843577215,8.190345671035174e-06,0.002069056533886649,0.01916283269652155
three_point_1d,1,1000,0,RR-tiny,1000000000.0,5.0,5.0,0.01,4.695710487112592e-11,1.0,0.07911050499978955,8.0,0.00010113139968104257,3.128357086746806e-05,0.0,-1.3642420526593924e-11,8.901291530240997e-09,2.983503231143046e-06,2.2895826450881e-12,0.001971562725769417,6.433746293459313e-06
three_point_1d,1,1000,0,BB,1.0,3.0,3.0,0.01,2.6177129353044393e-09,1.0,0.3138932950000708,32.0,8.933405885913613,1.0515491803635206,0.9276316267364564,0.9276316267364564,1.7932023000274018,0.04234621943016167,0.00045281259815890113,0.0016499503699555825,0.1023327885849933
three_point_1d,1,1000,3,Ordinary,inf,4.0,4.0,0.01,6.560503251762384e-09,1.0,0.32864474600000904,41.0,0.0,0.0,0.0,0.0,0.0,0.0,0.0,0.0031201297265619618,0.0
three_point_1d,1,1000,3,RR-balanced,72.40712672397635,4.0,4.0,0.01,1.8728018025271354e-08,1.0,0.21126376200004415,32.0,0.5110070652771654,0.11596945031253625,0.026551755176114966,0.026551755176114966,0.050476872130415844,0.007104707744194397,1.2341208539058495e-05,0.003160213854150642,0.029811975272977898
three_point_1d,1,1000,3,RR-tiny,1000000000.0,4.0,4.0,0.01,1.4400258763203055e-11,1.0,0.036843869000222185,5.0,0.00012681750094345468,3.25630569217474e-05,2.092747308779508e-09,2.092747308779508e-09,4.189685790831348e-09,2.0468721969950513e-06,1.0282705350200785e-12,0.003120218841933837,3.796568054288024e-06
three_point_1d,1,1000,3,BB,1.0,4.0,4.0,0.01,5.722470941549318e-09,1.0,0.24517274799995903,35.0,5.7761703506919195,0.9914985131019832,3.1618865631039625,3.1618865631039625,5.680774598503573,0.07537091347796956,0.0014599786257723174,0.005714614876707245,0.19596763329045225
three_point_1d,1,1000,1,Ordinary,inf,5.0,5.0,0.01,7.506470778295693e-09,1.0,0.49194236400012414,79.0,0.0,0.0,0.0,0.0,0.0,0.0,0.0,0.0010535932277254605,0.0
three_point_1d,1,1000,1,RR-balanced,72.40712672397635,5.0,5.0,0.01,1.717385078592315e-08,1.0,0.21065596599987657,88.0,0.4465685060509248,0.11334452669189703,0.04746605837044626,0.04746605837044626,0.09205058553078199,0.009594299637325384,2.2235895313890794e-05,0.0013071568542418718,0.04054206199096563
three_point_1d,1,1000,1,RR-tiny,1000000000.0,5.0,5.0,0.01,1.2013397610033394e-08,1.0,0.043371070999910444,13.0,9.423228092009239e-05,3.22906058750188e-05,6.148184183984995e-10,6.148184183984995e-10,1.177741806846623e-09,1.0852381337045908e-06,3.03891630864094e-13,0.001053578222893906,5.676247115315961e-06
three_point_1d,1,1000,1,BB,1.0,5.0,5.0,0.01,5.2726325527885365e-09,1.0,0.3727321240000947,75.0,8.160544110061364,1.019615278234614,2.066191477875691,2.066191477875691,3.939416133225266,0.06276476824800094,0.0010180302168405553,0.003036570562997743,0.2436475952398868
three_point_1d,1,1000,2,Ordinary,inf,4.0,4.0,0.01,1.5718416568333282e-08,1.0,0.3796601510000528,54.0,0.0,0.0,0.0,0.0,0.0,0.0,0.0,0.0024111778648919393,0.0
three_point_1d,1,1000,2,RR-balanced,72.40712672397635,4.0,4.0,0.01,1.3869780213227045e-08,1.0,0.25650372799964316,46.0,0.3794770957709057,0.11235267478621548,0.02343041182075467,0.02343041182075467,0.04511325495823487,0.00671664015399328,1.1531802498392044e-05,0.002664040908141443,0.027534199938004492
three_point_1d,1,1000,2,RR-tiny,1000000000.0,4.0,4.0,0.01,5.928590951498336e-11,1.0,0.03828944599990791,9.0,9.806140609824876e-05,3.117957150472714e-05,4.5656634029001e-09,4.5656634029001e-09,8.191109273197289e-09,2.8620114034009874e-06,2.201257743838507e-12,0.0024110730532332482,1.0632470208232225e-05
three_point_1d,1,1000,2,BB,1.0,5.0,5.0,0.01,1.651848924311139e-08,1.0,0.3178867300002821,71.0,7.6365011565509935,1.0037517036836405,4.90438551741272,4.90438551741272,9.48485183915069,0.09739020402047985,0.002275704498652226,0.005694853173570171,0.4463958415750299
three_point_1d,1,1000,6,Ordinary,inf,3.0,3.0,0.01,7.777893884508558e-10,1.0,0.39234823300012067,37.0,0.0,0.0,0.0,0.0,0.0,0.0,0.0,0.0012337305371260617,0.0
three_point_1d,1,1000,6,RR-balanced,72.40712672397635,3.0,3.0,0.01,5.903811217677912e-09,1.0,0.21264129599990156,22.0,0.46199179694487746,0.12149728919966225,0.033640386236129416,0.033640386236129416,0.06699154858394532,0.008184836503189621,1.663142167551352e-05,0.0011640566469159194,0.01704656504005596
three_point_1d,1,1000,6,RR-tiny,1000000000.0,3.0,3.0,0.01,1.7291275078434865e-08,1.0,0.03840818499998022,8.0,0.00012232491797514733,3.1901530426913904e-05,3.497916623018682e-09,3.497916623018682e-09,6.766685298286903e-09,2.601285316586188e-06,1.7356560334987269e-12,0.001233746182674548,5.634184616671489e-06
three_point_1d,1,1000,6,BB,1.0,3.0,3.0,0.01,6.662359552933594e-11,1.0,0.2621822510000129,30.0,6.692783125298853,1.0011643053375836,2.922753414759427,2.922753414759427,5.993872580297987,0.07742010449681651,0.0014177815293170686,0.0033023869218733832,0.20550577341035806
three_point_1d,1,1000,4,Ordinary,inf,4.0,4.0,0.01,4.139126819069361e-09,1.0,0.3717476109998188,51.0,0.0,0.0,0.0,0.0,0.0,0.0,0.0,0.0011365997337354394,0.0
three_point_1d,1,1000,4,RR-balanced,72.40712672397635,4.0,4.0,0.01,7.124450585038744e-09,1.0,0.30497809600001347,48.0,0.5080298414240181,0.11736349565541024,0.037715619026585046,0.037715619026585046,0.07128509001149422,0.00844304980510563,1.842393121266578e-05,0.0010723880519155737,0.041374830763476256
three_point_1d,1,1000,4,RR-tiny,1000000000.0,4.0,4.0,0.01,3.2850069331402665e-09,1.0,0.03911778400015464,7.0,0.00010800300297453269,3.166203861434005e-05,1.4874785847496241e-09,1.4874785847496241e-09,2.9522345065147525e-09,1.7182067705939098e-06,7.399459066547947e-13,0.0011366319176285048,2.775346337004207e-06
three_point_1d,1,1000,4,BB,1.0,4.0,4.0,0.01,1.3758840955446772e-08,1.0,0.42172095800015086,86.0,5.965100517101581,1.0144046150348487,4.218754797669135,4.218754797669135,8.399800461177636,0.09165042531913115,0.0019658078623160514,0.0015519222418262871,0.3081662854567366
three_point_1d,1,1000,5,Ordinary,inf,5.0,5.0,0.01,1.1489754703220001e-08,1.0,0.6166668400001072,80.0,0.0,0.0,0.0,0.0,0.0,0.0,0.0,0.0016133679103372616,0.0
three_point_1d,1,1000,5,RR-balanced,72.40712672397635,5.0,5.0,0.01,2.5014184945604256e-08,1.0,0.2611792909997348,83.0,0.42105668280836106,0.11906677837745896,0.015198426799088338,0.015198426799088338,0.027281739979082405,0.005223192508330744,7.071121330103598e-06,0.0015548983947874019,0.054838288080309154
three_point_1d,1,1000,5,RR-tiny,1000000000.0,5.0,5.0,0.01,1.2988388364831849e-08,1.0,0.04049744200005989,18.0,0.00010871106301979516,3.231646923227655e-05,1.5807017916813493e-09,1.5807017916813493e-09,2.963666324772078e-09,1.721530227667257e-06,7.859865958986931e-13,0.0016133864016743679,1.1455999451750849e-05
three_point_1d,1,1000,5,BB,1.0,4.0,4.0,0.01,2.8343134284014582e-08,1.0,0.381639431999929,58.0,5.554528483742394,0.9588466073212248,7.169674728650534,7.169674728650534,13.503741209423698,0.1162055988729618,0.003710581025018428,0.0060064695950226175,0.5081472955695935
three_point_1d,1,1000,7,Ordinary,inf,5.0,5.0,0.01,3.125955361227284e-08,1.0,0.5183147889999873,72.0,0.0,0.0,0.0,0.0,0.0,0.0,0.0,0.0037435716627272136,0.0
three_point_1d,1,1000,7,RR-balanced,72.40712672397635,5.0,5.0,0.01,1.0903452141164394e-08,1.0,0.28407601000003524,54.0,0.3982513221382107,0.11692319183724235,0.010536175806009851,0.010536175806009851,0.0185926480575159,0.004311919300904865,4.338611398898577e-06,0.0038287756687963447,0.03734473469463314
three_point_1d,1,1000,7,RR-tiny,1000000000.0,5.0,5.0,0.01,2.0842777725960104e-08,1.0,0.03793231800000285,7.0,9.795802785150798e-05,3.09654704879862e-05,3.0504452297464013e-09,3.0504452297464013e-09,6.028296468496678e-09,2.4552589412313883e-06,1.478473338339835e-12,0.003743598128267177,5.833081433486482e-06
three_point_1d,1,1000,7,BB,1.0,4.0,4.0,0.01,1.228333657010694e-09,1.0,0.3633775030000379,57.0,7.385312611949127,1.0169086043300164,4.189840595729038,4.189840595729038,7.463206958773069,0.08638985448982461,0.0018712205021450517,0.004439344384948645,0.4580741641622516
three_point_1d,1,1000,9,Ordinary,inf,3.0,3.0,0.01,1.7984387978842165e-08,1.0,0.39732311700004175,40.0,0.0,0.0,0.0,0.0,0.0,0.0,0.0,0.001322184421778767,0.0
three_point_1d,1,1000,9,RR-balanced,72.40712672397635,4.0,4.0,0.01,2.4448118196573887e-08,1.0,0.21009606300003725,35.0,0.4052569771270069,0.11321768632843592,0.04932357231518836,0.04932357231518836,0.09694059638399274,0.009845841578249812,2.4909565396776776e-05,0.0015070051925774764,0.025713019095273865
three_point_1d,1,1000,9,RR-tiny,1000000000.0,3.0,3.0,0.01,2.7608462183081883e-09,1.0,0.03708823699980712,9.0,0.00010884175388370387,3.177748418643736e-05,2.5988811103161424e-09,2.5988811103161424e-09,5.11894744841003e-09,2.262509104602682e-06,1.2965448772799576e-12,0.0013221289144619288,3.5584640432295616e-06
three_point_1d,1,1000,9,BB,1.0,4.0,4.0,0.01,2.8490971804018272e-09,1.0,0.32014683300008073,53.0,6.312323284404345,1.007600136551921,1.3008910663702409,1.3008910663702409,2.0650252695221267,0.04544254910898075,0.0005102381343164292,0.002352308441257077,0.20167040666081776
three_point_1d,1,1000,8,Ordinary,inf,4.0,4.0,0.01,4.156630817320206e-09,1.0,0.3580182309997326,85.0,0.0,0.0,0.0,0.0,0.0,0.0,0.0,0.002367534129512508,0.0
three_point_1d,1,1000,8,RR-balanced,72.40712672397635,4.0,4.0,0.01,8.545497642842292e-11,1.0,0.315256958999953,128.0,0.5171282322989001,0.1142503127041566,0.05197046251123538,0.05197046251123538,0.08927790157292637,0.009448698406284664,2.440904490260397e-05,0.002217447310352628,0.10668064941089057
three_point_1d,1,1000,8,RR-tiny,1000000000.0,4.0,4.0,0.01,3.566657413855978e-09,1.0,0.04032305999999153,8.0,0.00012032765962766145,3.124749181429968e-05,1.8080754671245813e-09,1.8080754671245813e-09,3.4500455739416554e-09,1.8574298301528526e-06,8.826482514385895e-13,0.002367487845339863,5.358837916899095e-06
three_point_1d,1,1000,8,BB,1.0,4.0,4.0,0.01,1.6588619367041701e-09,1.0,0.3484652100000858,49.0,10.73930615741721,1.043035975017223,3.671573919291859,3.671573919291859,7.403644391117152,0.08604443265614081,0.0017244209571263178,0.0037356923221313672,0.2276042911010873
three_point_1d,1,1000,11,Ordinary,inf,4.0,4.0,0.01,7.087249009884999e-09,1.0,0.4278785720000542,144.0,0.0,0.0,0.0,0.0,0.0,0.0,0.0,0.000749654895611645,0.0
three_point_1d,1,1000,11,RR-balanced,72.40712672397635,4.0,4.0,0.01,3.678330529055529e-09,1.0,0.28632644899994375,128.0,0.41496285613900463,0.1172862952941017,0.03676163037744118,0.03676163037744118,0.07006194809112887,0.008370301553177691,1.7292723861417258e-05,0.0008488989077715967,0.06784011623841442
three_point_1d,1,1000,11,RR-tiny,1000000000.0,4.0,4.0,0.01,5.674702707736401e-09,1.0,0.03841891100000794,14.0,9.050944406108208e-05,2.9589758151733505e-05,1.647094904910773e-09,1.647094904910773e-09,3.54475778682292e-09,1.8827527152610669e-06,8.90709084486682e-13,0.0007496396482525203,7.960726814612867e-06
three_point_1d,1,1000,11,BB,1.0,4.0,4.0,0.01,1.1912342889885963e-08,1.0,0.38255076499990537,58.0,6.6108541782407695,1.02144949854835,1.2826855523280756,1.2826855523280756,2.348728177758338,0.04846367895402017,0.0006140248019410098,0.0013942345833032593,0.3367647144395052
three_point_1d,1,1000,10,Ordinary,inf,4.0,4.0,0.01,1.6938837665847473e-08,1.0,0.46815202799984945,64.0,0.0,0.0,0.0,0.0,0.0,0.0,0.0,0.0014762652644081668,0.0
three_point_1d,1,1000,10,RR-balanced,72.40712672397635,4.0,4.0,0.01,1.479407707449809e-10,1.0,0.27501133599980676,46.0,0.5628242228522371,0.11976037857056201,0.03256436339052016,0.03256436339052016,0.06132418767063218,0.007830976163329331,1.5874565638806295e-05,0.0013702285451229377,0.03938696955444884
three_point_1d,1,1000,10,RR-tiny,1000000000.0,4.0,4.0,0.01,7.028044812784628e-11,1.0,0.0403371810000408,13.0,0.00010898542537540745,3.166447994931021e-05,4.045432433485985e-09,4.045432433485985e-09,8.035527231073402e-09,2.834700554039774e-06,2.026381984018663e-12,0.0014762350108501405,8.110689987366866e-06
three_point_1d,1,1000,10,BB,1.0,4.0,4.0,0.01,1.9930014749647285e-08,1.0,0.43516314700013936,54.0,5.3908396176785605,0.972389190321153,2.0080964687049345,2.0080964687049345,3.9183254112799,0.06259652874784592,0.0009864701638389974,0.0018708840417489374,0.2164609155052143
three_point_1d,1,1000,12,Ordinary,inf,3.0,3.0,0.01,1.672794791574006e-09,1.0,0.3616688839999824,36.0,0.0,0.0,0.0,0.0,0.0,0.0,0.0,0.0008262461110926504,0.0
three_point_1d,1,1000,12,RR-balanced,72.40712672397635,3.0,3.0,0.01,1.5158985178231887e-12,1.0,0.2729391749996921,27.0,0.399775521613996,0.11859894470848623,0.011087897617926501,0.011087897617926501,0.020801558006596124,0.004560872504970526,5.175423905242022e-06,0.0008294776232727335,0.019689302423275146
three_point_1d,1,1000,12,RR-tiny,1000000000.0,3.0,3.0,0.01,3.812489879351233e-09,1.0,0.05144449700014775,8.0,9.528529366065186e-05,3.113320162952044e-05,3.3946889743674546e-09,3.3946889743674546e-09,6.5272797659432265e-09,2.5548541574702904e-06,1.6636890108372149e-12,0.0008262119051384382,6.553634573466225e-06
three_point_1d,1,1000,12,BB,1.0,3.0,3.0,0.01,8.74374173065462e-09,1.0,0.3336168700000144,29.0,5.764479131829286,0.9666506349507679,0.7120985696096795,0.7120985696096795,1.3392386486137786,0.036595609690422956,0.0003405888766327949,0.0017299457504943055,0.09659908997320835
three_point_1d,1,1000,13,Ordinary,inf,3.0,3.0,0.01,8.205929269422541e-10,1.0,0.4680882620000375,41.0,0.0,0.0,0.0,0.0,0.0,0.0,0.0,0.0016501743589863575,0.0
three_point_1d,1,1000,13,RR-balanced,72.40712672397635,3.0,3.0,0.01,1.6780288270012989e-10,1.0,0.19463734500004648,22.0,0.43563634465230505,0.11537642877291589,0.015456163476756046,0.015456163476756046,0.029754211721771572,0.005454742131555952,7.723049225413368e-06,0.0017686744055311432,0.016307325334662493
three_point_1d,1,1000,13,RR-tiny,1000000000.0,3.0,3.0,0.01,5.019482385293372e-09,1.0,0.041630017999750635,7.0,0.00012466678396949593,3.192641546746537e-05,1.1536940291989595e-09,1.1536940291989595e-09,2.2114510108931367e-09,1.4870948224283268e-06,5.702632004443523e-13,0.001650181393544579,2.1802887114630864e-06
three_point_1d,1,1000,13,BB,1.0,3.0,3.0,0.01,1.8476686847179735e-10,1.0,0.34013104199993904,32.0,6.194031311404706,1.0727834691304385,4.1071571900452,4.1071571900452,7.985013657232701,0.08935890362595493,0.0020730752773905955,0.0018558671222536987,0.15529330873398128
three_point_1d,1,1000,14,Ordinary,inf,5.0,5.0,0.01,1.8085436259696053e-08,1.0,0.49562257200000204,65.0,0.0,0.0,0.0,0.0,0.0,0.0,0.0,0.0018208547459048145,0.0
three_point_1d,1,1000,14,RR-balanced,72.40712672397635,5.0,5.0,0.01,9.609055395820576e-08,1.0,0.32765995800014025,50.0,0.4027404996248629,0.11977182488031152,0.0280163191655447,0.0280163191655447,0.05428384731943874,0.007367757278808711,1.376936809493212e-05,0.0018900817285408724,0.014336668217665067
three_point_1d,1,1000,14,RR-tiny,1000000000.0,5.0,5.0,0.01,6.776252936546712e-08,1.0,0.04167239100002007,10.0,9.499005063728916e-05,3.172365441215307e-05,1.93040250451304e-09,1.93040250451304e-09,3.6012987363291723e-09,1.897708812312672e-06,1.008303427331181e-12,0.001820815771761648,3.815578093205019e-06
three_point_1d,1,1000,14,BB,1.0,5.0,5.0,0.01,4.2759373819478697e-08,1.0,0.35882803699996657,45.0,7.233999554113117,0.9920248549783787,1.4579532241095876,1.4579532241095876,2.7819585331699423,0.05274427488524174,0.0007283643888404964,0.003967670605291834,0.08505604241465545
three_point_1d,1,1000,15,Ordinary,inf,5.0,5.0,0.01,1.7794214768329653e-08,1.0,0.46457906299997376,119.0,0.0,0.0,0.0,0.0,0.0,0.0,0.0,0.0028165595278856507,0.0
three_point_1d,1,1000,15,RR-balanced,72.40712672397635,4.0,4.0,0.01,9.227840269687704e-09,1.0,0.34973713299973497,63.0,0.4319694016643789,0.11667101596362647,0.12656695781015515,0.12656695781015515,0.24584224897658696,0.015679357415933442,6.469525666175677e-05,0.0026062405649614206,0.10158277358859197
three_point_1d,1,1000,15,RR-tiny,1000000000.0,5.0,5.0,0.01,2.4549562382958356e-10,1.0,0.05184897899994212,20.0,0.00010281713082371802,3.21041862234862e-05,2.824890543706715e-09,2.824890543706715e-09,5.440902292700088e-09,2.332574177320003e-06,1.341851493337618e-12,0.0028165805925705343,1.2538718614223844e-05
three_point_1d,1,1000,15,BB,1.0,5.0,5.0,0.01,1.2832467977119677e-08,1.0,0.36016432899987194,63.0,6.609423399642424,1.0362462683306157,5.572620820090378,5.572620820090378,9.495809227798087,0.09744644286888099,0.0027710590791628297,0.006483143692452535,0.30782370424774896
three_point_1d,1,1000,16,Ordinary,inf,4.0,4.0,0.01,1.0052334742383096e-08,1.0,0.4342583159998412,66.0,0.0,0.0,0.0,0.0,0.0,0.0,0.0,0.0005208014633349807,0.0
three_point_1d,1,1000,16,RR-balanced,72.40712672397635,4.0,4.0,0.01,5.29187360598371e-09,1.0,0.24424029400006475,49.0,0.5884022399306879,0.12005716957318321,0.06147805387763583,0.06147805387763583,0.12196002796184925,0.011043551419803743,3.0598630125748984e-05,0.0006576899484986704,0.027977525123203742
three_point_1d,1,1000,16,RR-tiny,1000000000.0,4.0,4.0,0.01,3.751813304475604e-09,1.0,0.03984038099997633,7.0,0.00010658461795798324,3.167975884966282e-05,1.1773408914450556e-09,1.1773408914450556e-09,2.2855217204829304e-09,1.5117942057313654e-06,5.600502590821203e-13,0.0005208238764276447,5.2106017965873884e-06
three_point_1d,1,1000,16,BB,1.0,3.0,3.0,0.01,5.878646458512549e-10,1.0,0.2798870890001126,31.0,5.547845283946815,0.9551151296158864,0.9024213183979555,0.9024213183979555,1.7786041860921318,0.04217350099401438,0.0004313218210724828,0.0005040769382830946,0.17916736735611927
three_point_1d,1,1000,17,Ordinary,inf,3.0,3.0,0.01,2.1200774469321004e-10,1.0,0.37126692100014225,39.0,0.0,0.0,0.0,0.0,0.0,0.0,0.0,0.0005847624084962465,0.0
three_point_1d,1,1000,17,RR-balanced,72.40712672397635,3.0,3.0,0.01,9.687441959727039e-10,1.0,0.21209971300027064,26.0,0.42108320169037516,0.11581941741080778,0.03388660255859577,0.03388660255859577,0.0660932637764331,0.008129776366938582,1.7000948835221798e-05,0.0005624715642580832,0.0130268534598609
three_point_1d,1,1000,17,RR-tiny,1000000000.0,3.0,3.0,0.01,1.2541320870695927e-08,1.0,0.04067656999995961,9.0,0.00010457624624149453,3.086786303202375e-05,2.6939233066514134e-09,2.6939233066514134e-09,5.235653773748353e-09,2.2881551026423783e-06,1.2833057503729525e-12,0.0005847573327829581,5.2071925394111574e-06
three_point_1d,1,1000,17,BB,1.0,4.0,4.0,0.01,8.73588978933526e-09,1.0,0.36381622999988394,61.0,6.377694654739138,1.049256853509268,3.806596649448238,3.806596649448238,6.890699255180293,0.08301023584582984,0.0017010734058530606,0.002262317901379685,0.20225971554224118
three_point_1d,1,1000,18,Ordinary,inf,3.0,3.0,0.01,8.039627186207099e-09,1.0,0.4227104709998457,41.0,0.0,0.0,0.0,0.0,0.0,0.0,0.0,0.002242654543953411,0.0
three_point_1d,1,1000,18,RR-balanced,72.40712672397635,3.0,3.0,0.01,4.294467670362678e-09,1.0,0.2583386400001473,29.0,0.46207851790566434,0.119615477036963,0.028120034348376066,0.028120034348376066,0.050082112130192286,0.007076871634429459,1.3768945237278056e-05,0.0021147666224091127,0.020655629405478645
three_point_1d,1,1000,18,RR-tiny,1000000000.0,3.0,3.0,0.01,1.8471826290777926e-09,1.0,0.09283920199982276,9.0,0.00011593537688270317,3.2915384310940634e-05,3.983586793765426e-09,3.983586793765426e-09,7.614068509046828e-09,2.759360162981054e-06,1.905863060300644e-12,0.0022426680798157926,9.070089741586215e-06
three_point_1d,1,1000,18,BB,1.0,4.0,4.0,0.01,3.7274854980395844e-08,1.0,0.3390770960002101,62.0,6.696927901351245,1.0104528786222764,1.1281375180792566,1.1281375180792566,1.9709129212536671,0.044394965043951407,0.0005170640469516015,0.0030995760859159074,0.20875142439266672
three_point_1d,1,1000,19,Ordinary,inf,4.0,4.0,0.01,7.304884697134639e-09,1.0,0.40056751699989945,66.0,0.0,0.0,0.0,0.0,0.0,0.0,0.0,0.001084994831991732,0.0
three_point_1d,1,1000,19,RR-balanced,72.40712672397635,4.0,4.0,0.01,9.076402074370549e-09,1.0,0.30799181199995473,39.0,0.5206901373791966,0.11235908302312375,0.01503073022377066,0.01503073022377066,0.027277529890933135,0.005222789474115641,6.986718797570229e-06,0.0011839945727331392,0.03849069987333345
three_point_1d,1,1000,19,RR-tiny,1000000000.0,4.0,4.0,0.01,3.829220496243124e-09,1.0,0.04659668799990868,12.0,0.0001106461079917187,3.1763492618126115e-05,3.2055140763986856e-09,3.2055140763986856e-09,6.059915823355704e-09,2.4616896277467034e-06,1.5774775154553031e-12,0.0010849692657913595,7.0530357054242325e-06
three_point_1d,1,1000,19,BB,1.0,4.0,4.0,0.01,1.660907833489489e-08,1.0,0.37564012000007097,130.0,7.076222512684147,0.9581413805974355,0.8654594577910757,0.8654594577910757,1.6379566633938247,0.040471677298992995,0.0004065008820139614,0.0010731433834653933,0.24947881228271881
three_point_1d,1,1000,21,Ordinary,inf,5.0,5.0,0.01,4.7931611790730244e-08,1.0,0.4765735430000859,119.0,0.0,0.0,0.0,0.0,0.0,0.0,0.0,0.0013852923134944316,0.0
three_point_1d,1,1000,21,RR-balanced,72.40712672397635,5.0,5.0,0.01,1.1002401434367926e-08,1.0,0.30768245599983857,71.0,0.4275932352255323,0.11589895249820233,0.04633699456962859,0.04633699456962859,0.08365037083229036,0.009146057666136288,2.322608414593733e-05,0.0015520044351989963,0.05256307278722969
three_point_1d,1,1000,21,RR-tiny,1000000000.0,5.0,5.0,0.01,7.267422219570108e-09,1.0,0.0390583329999572,20.0,0.00010231228191925901,3.2635867419899704e-05,2.9494913178496063e-09,2.9494913178496063e-09,5.444157301372474e-09,2.333271801863742e-06,1.4121366602682558e-12,0.0013852528829667718,1.0565118744571955e-05
three_point_1d,1,1000,21,BB,1.0,4.0,4.0,0.01,5.0308077703675735e-09,1.0,0.35524312600000485,46.0,9.761847414849566,1.0417291871791985,5.458314598779452,5.458314598779452,10.135453897712242,0.10067499142146595,0.0027282304179014087,0.0030033774905571667,0.6322691336499432
three_point_1d,1,1000,20,Ordinary,inf,5.0,5.0,0.01,1.9062174505535268e-08,1.0,0.5998209839999618,110.0,0.0,0.0,0.0,0.0,0.0,0.0,0.0,0.0019082008162371186,0.0
three_point_1d,1,1000,20,RR-balanced,72.40712672397635,5.0,5.0,0.01,2.607652316299891e-09,1.0,0.3411116710001352,73.0,0.43472225948473064,0.11845123160023452,0.05825374450751042,0.05825374450751042,0.11206003944929652,0.01058584146156065,2.793285254718162e-05,0.0019993026013508637,0.0564943834893801
three_point_1d,1,1000,20,RR-tiny,1000000000.0,5.0,5.0,0.01,8.875195467439312e-09,1.0,0.043272789999946326,24.0,0.0001127463541215068,3.234789685688795e-05,4.015873855678365e-09,4.015873855678365e-09,7.876906649545695e-09,2.806582735204094e-06,1.974810117108912e-12,0.0019082289785214716,2.0788430236719262e-05
three_point_1d,1,1000,20,BB,1.0,5.0,5.0,0.01,4.6892112415264364e-09,1.0,0.3720170130000042,91.0,5.978981320685297,1.0093648436230178,3.4452226133862496,3.4452226133862496,6.775697388212906,0.0823146243884579,0.0016664744795549889,0.0023721105048588897,0.46197100658446
three_point_1d,1,1000,22,Ordinary,inf,3.0,3.0,0.01,1.2667999982340916e-10,1.0,0.4125023950000468,41.0,0.0,0.0,0.0,0.0,0.0,0.0,0.0,0.0011473963754871472,0.0
three_point_1d,1,1000,22,RR-balanced,72.40712672397635,3.0,3.0,0.01,1.976738328579586e-09,1.0,0.2615047550000327,26.0,0.3881759441323719,0.12220414775421629,0.023214182104766223,0.023214182104766223,0.04459846342777156,0.006678208100064834,1.1306780643442084e-05,0.0010735184939815248,0.014892504263662884
three_point_1d,1,1000,22,RR-tiny,1000000000.0,3.0,3.0,0.01,6.166161803378145e-09,1.0,0.041881113999806985,8.0,0.0001269273326567344,3.193688618970088e-05,1.742137101246044e-09,1.742137101246044e-09,2.9393229382503885e-09,1.7144453733643394e-06,8.04779048374636e-13,0.0011473547630366878,7.5474374366926855e-06
three_point_1d,1,1000,22,BB,1.0,3.0,3.0,0.01,1.2212225897201279e-08,1.0,0.330277285999955,49.0,6.69244958690731,1.0499428670606195,2.7271439799174004,2.7271439799174004,5.172995677564603,0.07192354049658987,0.0013366005747176865,0.0037462208214051203,0.13126582850224902
three_point_1d,1,1000,23,Ordinary,inf,4.0,4.0,0.01,6.693507970112478e-10,1.0,0.500758173000122,65.0,0.0,0.0,0.0,0.0,0.0,0.0,0.0,0.0013673260548767404,0.0
three_point_1d,1,1000,23,RR-balanced,72.40712672397635,4.0,4.0,0.01,7.515016831050048e-09,1.0,0.27230609899993397,32.0,0.4197993992354976,0.11401349004175539,0.025492539790320734,0.025492539790320734,0.04831671480436555,0.006951022572569129,1.2904440125841563e-05,0.0014475099802434767,0.012279769655460994
three_point_1d,1,1000,23,RR-tiny,1000000000.0,4.0,4.0,0.01,4.038828826935514e-09,1.0,0.04252408299998933,24.0,9.720223836051645e-05,3.2226512818855305e-05,4.8094079829752445e-09,4.8094079829752445e-09,7.969470987428507e-09,2.8230251482104276e-06,2.030364111655171e-12,0.0013673308887865777,1.2300667228037826e-05
three_point_1d,1,1000,23,BB,1.0,4.0,4.0,0.01,1.1605902461298001e-08,1.0,0.29373695000003863,35.0,6.110628598534326,0.9484987599989457,0.44567099252071785,0.44567099252071785,0.6206394591556165,0.024912636535614142,0.00023739409906525888,0.0016127525406601563,0.05197687578406491
three_point_1d,1,1000,24,Ordinary,inf,4.0,4.0,0.01,4.5596040276763006e-09,1.0,0.35039712599996164,43.0,0.0,0.0,0.0,0.0,0.0,0.0,0.0,0.0019793290122518264,0.0
three_point_1d,1,1000,24,RR-balanced,72.40712672397635,4.0,4.0,0.01,8.97603547045378e-10,1.0,0.19702888999995594,29.0,0.36511090942620683,0.11443894882930802,0.0436654334580453,0.0436654334580453,0.08596300156354036,0.009271623458895447,2.118629620629715e-05,0.0021674463295283703,0.019290822493983225
three_point_1d,1,1000,24,RR-tiny,1000000000.0,4.0,4.0,0.01,1.8002127566418835e-08,1.0,0.03588732599996547,14.0,0.00010732632775778406,3.134083067005589e-05,3.6757228372152895e-09,3.6757228372152895e-09,6.712714900523088e-09,2.590890754262535e-06,1.7889000606155941e-12,0.0019792729929524223,4.9474112994873445e-06
three_point_1d,1,1000,24,BB,1.0,5.0,5.0,0.01,9.604961270781587e-11,1.0,0.3033463940000729,58.0,7.068511326926977,1.001133932782897,2.262331639813965,2.262331639813965,4.420801554084672,0.06648910853729859,0.0010749064241191554,0.004870772384098316,0.10559566819469837
three_point_1d,1,1000,25,Ordinary,inf,5.0,5.0,0.01,1.3678913091119682e-07,1.0,0.38715115900004093,98.0,0.0,0.0,0.0,0.0,0.0,0.0,0.0,0.003132320720602314,0.0
three_point_1d,1,1000,25,RR-balanced,72.40712672397635,5.0,5.0,0.01,4.9643381405672926e-08,1.0,0.23768897599984484,70.0,0.3932481795186751,0.11950311470562847,0.06229258635448787,0.06229258635448787,0.11831553042800476,0.010877294260430981,2.8331182386463764e-05,0.003372214711736787,0.0469983037290365
three_point_1d,1,1000,25,RR-tiny,1000000000.0,5.0,5.0,0.01,5.941373837359265e-09,1.0,0.03878731500003596,21.0,0.0001129960878102354,3.177069522062906e-05,3.844434104394168e-09,3.844434104394168e-09,5.775559768975286e-09,2.403239432302842e-06,1.498443672549821e-12,0.003132325162980762,2.9222538646218692e-05
three_point_1d,1,1000,25,BB,1.0,5.0,5.0,0.01,2.988459590902437e-08,1.0,0.2993574920001265,76.0,5.794166762142687,0.981749236870315,1.525480385780611,1.525480385780611,2.9549924144009054,0.05435984192766666,0.0007208717360904198,0.003587089492708583,0.19874199384405083
three_point_1d,1,1000,28,Ordinary,inf,3.0,3.0,0.01,4.909241901884798e-09,1.0,0.3554721250000057,44.0,0.0,0.0,0.0,0.0,0.0,0.0,0.0,0.0017662613260198462,0.0
three_point_1d,1,1000,28,RR-balanced,72.40712672397635,3.0,3.0,0.01,2.2111645847644468e-11,1.0,0.30213933899995027,30.0,0.5280434768724349,0.11763823252852665,0.022799200463850866,0.022799200463850866,0.04550318311510927,0.006745604725679475,1.1404905471875469e-05,0.0015548009431708956,0.01271711022540864
three_point_1d,1,1000,28,RR-tiny,1000000000.0,3.0,3.0,0.01,2.150414291079983e-09,1.0,0.03831008700012717,5.0,0.0001178284887055625,3.163472792686732e-05,1.4147190086077899e-09,1.4147190086077899e-09,2.8092972520893827e-09,1.676095836188785e-06,7.059631185298311e-13,0.0017662553896075615,2.932000056914299e-06
three_point_1d,1,1000,28,BB,1.0,4.0,4.0,0.01,3.622555810878225e-09,1.0,0.31955715600020085,55.0,5.9318922314368585,0.9988382445922304,2.007586362946313,2.007586362946313,3.6224096152046226,0.06018645707469931,0.000946476380778176,0.002084091923188274,0.13728249632317763
three_point_1d,1,1000,26,Ordinary,inf,5.0,5.0,0.01,2.0079055529365064e-08,1.0,0.5642533860000185,99.0,0.0,0.0,0.0,0.0,0.0,0.0,0.0,0.002186119203620454,0.0
three_point_1d,1,1000,26,RR-balanced,72.40712672397635,5.0,5.0,0.01,3.280989702147963e-09,1.0,0.3764939709999453,136.0,0.45446471801765775,0.11604636313044621,0.05488046206619401,0.05488046206619401,0.1087353203710779,0.01042762294921896,2.7396995812564502e-05,0.0021332315182719845,0.031207546104066394
three_point_1d,1,1000,26,RR-tiny,1000000000.0,5.0,5.0,0.01,1.815310679553761e-08,1.0,0.05711989600013112,15.0,0.00010336771475349948,3.23243740733411e-05,2.6020643417723477e-09,2.6020643417723477e-09,4.941708093236662e-09,2.222995297619107e-06,1.3104102415119968e-12,0.0021860933513409876,8.010508325330025e-06
three_point_1d,1,1000,26,BB,1.0,5.0,5.0,0.01,1.1947012268365143e-09,1.0,0.3379720840000573,47.0,6.671060699454365,1.010936470358069,5.124124932174709,5.124124932174709,9.072058242801841,0.09524735294380543,0.002511327956194832,0.005974943955412945,0.32124050364868917
three_point_1d,1,1000,27,Ordinary,inf,5.0,5.0,0.01,1.7460750623143895e-08,1.0,0.4250792509999428,133.0,0.0,0.0,0.0,0.0,0.0,0.0,0.0,0.0016044292765234284,0.0
three_point_1d,1,1000,27,RR-balanced,72.40712672397635,5.0,5.0,0.01,2.253443920352538e-08,1.0,0.3896691170000395,172.0,0.49993550759108296,0.1206725588523204,0.060513915726460255,0.060513915726460255,0.11743506082909386,0.010836745859763153,2.888976540520255e-05,0.0017355125147666113,0.05025146412949864
three_point_1d,1,1000,27,RR-tiny,1000000000.0,5.0,5.0,0.01,1.610267474916327e-12,1.0,0.045840710999755174,13.0,0.00012381265505057026,3.170421656840874e-05,1.7221282178070396e-09,1.7221282178070396e-09,3.3246074397949944e-09,1.823350608027703e-06,8.236678372824964e-13,0.0016044808032272667,7.824307625614388e-06
three_point_1d,1,1000,27,BB,1.0,4.0,4.0,0.01,2.8899512782842862e-08,1.0,0.35837686499985466,108.0,5.54712441719242,0.9797528821939865,8.722858045534394,8.722858045534394,18.154189530055547,0.1347374837602942,0.00412347051845911,0.006679784012822442,0.41630730052769127
three_point_1d,1,1000,29,Ordinary,inf,4.0,4.0,0.01,4.2327985561030346e-09,1.0,0.5193141680001645,58.0,0.0,0.0,0.0,0.0,0.0,0.0,0.0,0.0017671519349760467,0.0
three_point_1d,1,1000,29,RR-balanced,72.40712672397635,4.0,4.0,0.01,5.323824203706806e-08,1.0,0.32522695099987686,40.0,0.4463077279990506,0.12244528349238452,0.01985146009201344,0.01985146009201344,0.036460680123442224,0.0060382679738019435,9.069795429307178e-06,0.001926568998335567,0.029211576665415236
three_point_1d,1,1000,29,RR-tiny,1000000000.0,4.0,4.0,0.01,2.142132693450094e-09,1.0,0.04192460200010828,14.0,0.0001158056624295245,3.2805790493171906e-05,2.2405401978176087e-09,2.2405401978176087e-09,4.387820329904842e-09,2.094712469506219e-06,1.1157655506653808e-12,0.0017671269614603754,7.852031321593723e-06
three_point_1d,1,1000,29,BB,1.0,3.0,3.0,0.01,4.1274862860873895e-08,1.0,0.3320163330001833,31.0,4.903179794136088,0.9485367625548102,2.0044179490760143,2.0044179490760143,3.8586559776105234,0.062118080923435834,0.0010009859785132225,0.0033442831637022176,0.2814163547868824
three_point_1d,1,1000,31,Ordinary,inf,3.0,3.0,0.01,2.034919788229672e-09,1.0,0.4112062590002097,37.0,0.0,0.0,0.0,0.0,0.0,0.0,0.0,0.001404755465960039,0.0
three_point_1d,1,1000,31,RR-balanced,72.40712672397635,3.0,3.0,0.01,1.4509232038051323e-08,1.0,0.2671883429998161,25.0,0.394609540161055,0.1190711307334286,0.026985308134499064,0.026985308134499064,0.052821128050726654,0.007267814530567401,1.3477012639636013e-05,0.001431814197264329,0.013457593668579224
three_point_1d,1,1000,31,RR-tiny,1000000000.0,3.0,3.0,0.01,1.679465921888834e-08,1.0,0.050921685000048456,6.0,0.00011805454477453736,3.229807594286343e-05,7.844391802791506e-10,7.844391802791506e-10,1.4864761759631148e-09,1.2192112925834943e-06,3.7936561404537697e-13,0.0014047812411356988,2.886844824371761e-06
three_point_1d,1,1000,31,BB,1.0,3.0,3.0,0.01,1.657874793004055e-08,1.0,0.23494725600016864,25.0,5.778977963139145,0.9913543802468012,1.7862110232772466,1.7862110232772466,3.5315455456830662,0.059426808308061324,0.0008907595061615119,0.0006912759098939207,0.10562537797566661
three_point_1d,1,1000,32,Ordinary,inf,5.0,5.0,0.01,2.059627357553495e-09,1.0,0.47028585200018824,64.0,0.0,0.0,0.0,0.0,0.0,0.0,0.0,0.0011833905577567556,0.0
three_point_1d,1,1000,32,RR-balanced,72.40712672397635,5.0,5.0,0.01,1.066349564204927e-08,1.0,0.24412511099990297,52.0,0.44822394858773573,0.11661934086842812,0.033083903715578344,0.033083903715578344,0.0657429853062325,0.008108204814028349,1.6126245673334907e-05,0.0011618958016314774,0.016961818110761577
three_point_1d,1,1000,32,RR-tiny,1000000000.0,5.0,5.0,0.01,9.988945226524493e-10,1.0,0.043300754999791025,6.0,0.00010699626082799618,3.1631600570906756e-05,6.980371836107224e-10,6.980371836107224e-10,1.3854119362154304e-09,1.1770352315098432e-06,3.324577150372415e-13,0.0011833916846969062,3.003432795076018e-06
three_point_1d,1,1000,32,BB,1.0,5.0,5.0,0.01,1.2952617645112241e-08,1.0,0.29725139099991793,47.0,7.1260702760310455,1.0759389994479729,3.190417286130014,3.190417286130014,5.538560286813109,0.07442150419612001,0.0015520045833886838,0.0022822206817245975,0.16450993983771045
three_point_1d,1,1000,30,Ordinary,inf,6.0,6.0,0.01,3.039382989733497e-08,1.0,0.6064470410001377,135.0,0.0,0.0,0.0,0.0,0.0,0.0,0.0,0.0017445005016368809,0.0
three_point_1d,1,1000,30,RR-balanced,72.40712672397635,6.0,6.0,0.01,3.022430483667904e-08,1.0,0.33659095400003025,82.0,0.3886918335224947,0.1222936055752367,0.04709749752055359,0.04709749752055359,0.0907855941625901,0.009528147467508576,2.4731538285534287e-05,0.0019647770087877032,0.022052260884772832
three_point_1d,1,1000,30,RR-tiny,1000000000.0,6.0,6.0,0.01,1.6306878070082576e-09,1.0,0.04159026800016363,9.0,9.788723365899976e-05,2.9729277244262134e-05,2.9485818231478333e-09,2.9485818231478333e-09,5.688574546788968e-09,2.3850732791235093e-06,1.5509596792278242e-12,0.0017445664029370651,4.680681065423734e-06
three_point_1d,1,1000,30,BB,1.0,5.0,5.0,0.01,2.506752139197488e-09,1.0,0.3829245090000768,58.0,7.765714276658519,1.0112191504165615,2.8564414297170515,2.8564414297170515,5.305697635550731,0.07284021990322881,0.0013889015525655399,0.002524107587150444,0.3805982005152224
three_point_1d,1,1000,33,Ordinary,inf,5.0,5.0,0.01,1.930499293756327e-08,1.0,0.5615461200000027,102.0,0.0,0.0,0.0,0.0,0.0,0.0,0.0,0.0014297429825367554,0.0
three_point_1d,1,1000,33,RR-balanced,72.40712672397635,5.0,5.0,0.01,3.976281326423248e-08,1.0,0.350080202999834,110.0,0.42733178653193793,0.11842334780599559,0.03979679300937278,0.03979679300937278,0.06950485783027502,0.008336957348474023,1.8758399204023166e-05,0.0013537067412128544,0.09324101734695803
three_point_1d,1,1000,33,RR-tiny,1000000000.0,5.0,5.0,0.01,1.8104139520858098e-08,1.0,0.04223271599994405,19.0,9.33739487725127e-05,3.154653895238767e-05,5.137735570315272e-09,5.137735570315272e-09,9.748511491701848e-09,3.1222606380156425e-06,2.475002139326562e-12,0.0014297272146582382,1.7186742694282865e-05
three_point_1d,1,1000,33,BB,1.0,4.0,4.0,0.01,2.2540347366373226e-08,1.0,0.4080514470001617,63.0,6.195233417543032,1.0086686658422108,4.820996949395521,4.820996949395521,8.983682392345443,0.09478228944452356,0.0024553329117579714,0.003654427111089438,0.45804619134179814
three_point_1d,1,1000,35,Ordinary,inf,4.0,4.0,0.01,1.2807737759246152e-08,1.0,0.3805309520000719,47.0,0.0,0.0,0.0,0.0,0.0,0.0,0.0,0.0006089402054723064,0.0
three_point_1d,1,1000,35,RR-balanced,72.40712672397635,4.0,4.0,0.01,3.84053255864103e-09,1.0,0.2072811120001461,32.0,0.4139456673716764,0.11592007102696779,0.003544237625646929,0.003544237625646929,0.006982276322347791,0.0026423997279646752,1.5909070253637992e-06,0.0006125509783774651,0.00960360608569058
three_point_1d,1,1000,35,RR-tiny,1000000000.0,4.0,4.0,0.01,5.906515720965899e-09,1.0,0.04314648300010049,18.0,0.00011751237614621157,3.002014462781254e-05,4.568846634356305e-09,4.568846634356305e-09,9.005874786654504e-09,3.000978971378257e-06,2.108072083544165e-12,0.0006089392062661753,8.263662977882446e-06
three_point_1d,1,1000,35,BB,1.0,3.0,3.0,0.01,1.1672157684827766e-08,1.0,0.3359516960001656,31.0,5.4714023745982105,1.0131101275995056,2.6081081057004667,2.6081081057004667,5.186938676531955,0.07202040458461724,0.0012865569157817754,0.0005472803729692871,0.13165931383117685
three_point_1d,1,1000,34,Ordinary,inf,4.0,4.0,0.01,1.2760110967846572e-07,1.0,0.4341839419998905,59.0,0.0,0.0,0.0,0.0,0.0,0.0,0.0,0.0014097689027672271,0.0
three_point_1d,1,1000,34,RR-balanced,72.40712672397635,4.0,4.0,0.01,3.4878382404457398e-09,1.0,0.2556554889999916,38.0,0.4982941405053032,0.11735724636330078,0.0322666504607696,0.0322666504607696,0.06139239055384056,0.007835329639130735,1.598199299603743e-05,0.00163290020207812,0.0136816076498949
three_point_1d,1,1000,34,RR-tiny,1000000000.0,4.0,4.0,0.01,1.1013942646798114e-08,1.0,0.06579457899988483,7.0,0.00010368158667040106,3.2476709907398985e-05,3.1595845939591527e-09,3.1595845939591527e-09,6.300475841110171e-09,2.51007486763048e-06,1.544461294961995e-12,0.0014096865994780413,7.841771075611654e-06
three_point_1d,1,1000,34,BB,1.0,4.0,4.0,0.01,2.477816241075459e-08,1.0,0.36234171800015247,45.0,8.78170629945113,0.9950040406405746,0.3898314173166,0.3898314173166,0.7446603557333265,0.027288465617057445,0.00018973781702237935,0.0018616303344719937,0.08033967665281248
three_point_1d,1,1000,36,Ordinary,inf,5.0,5.0,0.01,4.434109079909376e-09,1.0,0.5380244529999345,63.0,0.0,0.0,0.0,0.0,0.0,0.0,0.0,0.0009883322796986596,0.0
three_point_1d,1,1000,36,RR-balanced,72.40712672397635,5.0,5.0,0.01,1.832678919733155e-08,1.0,0.21937200499996834,68.0,0.43496517980244653,0.11949880058636912,0.027043473881803948,0.027043473881803948,0.04992052776561806,0.00706544604151911,1.008730544772841e-05,0.0009426109473641709,0.018032970767367797
three_point_1d,1,1000,36,RR-tiny,1000000000.0,5.0,5.0,0.01,9.495571662299085e-09,1.0,0.03868749699995533,9.0,9.319811006691658e-05,3.1502683787167714e-05,1.7703314370010048e-09,1.7703314370010048e-09,3.440455636623017e-09,1.8548465264336608e-06,6.45486812650223e-13,0.0009883196232773036,6.1342551111557645e-06
three_point_1d,1,1000,36,BB,1.0,4.0,4.0,0.01,1.1304060798522642e-08,1.0,0.38658400899976186,74.0,5.437769396174008,0.9872124520753752,3.0342431672697785,3.0342431672697785,5.464527682633086,0.0739224437003613,0.0013143088661049993,0.001983875323050323,0.38084490872980875
three_point_1d,1,1000,37,Ordinary,inf,4.0,4.0,0.01,6.048662903879176e-09,1.0,0.4587521639996339,55.0,0.0,0.0,0.0,0.0,0.0,0.0,0.0,0.0008884802622917865,0.0
three_point_1d,1,1000,37,RR-balanced,72.40712672397635,4.0,4.0,0.01,4.6716084334264e-09,1.0,0.2983761149998827,44.0,0.37721916566082414,0.11472384947419342,0.05249615635648297,0.05249615635648297,0.0921622602167882,0.009600117718902628,2.4204510290230597e-05,0.0010019324929885223,0.040846851550774964
three_point_1d,1,1000,37,RR-tiny,1000000000.0,4.0,4.0,0.01,4.462005032124239e-08,1.0,0.038287092999780725,9.0,0.00010787055423244762,3.129073572422284e-05,1.7425918485969305e-09,1.7425918485969305e-09,3.4373765889728674e-09,1.8540163399961898e-06,8.703185795189294e-13,0.0008884418470884075,3.7789473532793774e-06
three_point_1d,1,1000,37,BB,1.0,4.0,4.0,0.01,2.8968349941038696e-09,1.0,0.31079394600010346,57.0,6.3867459827166515,0.9974831275182248,1.6848010736589458,1.6848010736589458,3.2441468589229974,0.056957412677569874,0.0007991931072746574,0.0011121703388820572,0.17748350294075582
three_point_1d,1,1000,38,Ordinary,inf,5.0,5.0,0.01,1.426207818511216e-08,1.0,0.38535244400009105,51.0,0.0,0.0,0.0,0.0,0.0,0.0,0.0,0.0009606728224284032,0.0
three_point_1d,1,1000,38,RR-balanced,72.40712672397635,5.0,5.0,0.01,6.7051786345473374e-09,1.0,0.21549543499986612,40.0,0.41084035847540945,0.12001096138236117,0.0602045050977722,0.0602045050977722,0.11859370365758143,0.010890073629575763,2.8675498628466227e-05,0.0008930779445030616,0.02691622834950019
three_point_1d,1,1000,38,RR-tiny,1000000000.0,5.0,5.0,0.01,6.304708533022563e-09,1.0,0.0529663330000858,5.0,9.68285597945373e-05,3.1859415215101445e-05,5.352376319933683e-10,5.352376319933683e-10,1.0412409494537716e-09,1.0204121468572253e-06,2.622748527826129e-13,0.0009606638844415221,1.684838023338362e-06
three_point_1d,1,1000,38,BB,1.0,5.0,5.0,0.01,2.308382640592299e-08,1.0,0.3321534609999617,49.0,5.33409503228378,1.009250871394441,2.6929267602813525,2.6929267602813525,5.20584320472922,0.07215152946909179,0.0012809589089164994,0.0025895880268028523,0.2834874799472909
three_point_1d,1,1000,39,Ordinary,inf,4.0,4.0,0.01,3.077417409791394e-08,1.0,0.4261458930002391,88.0,0.0,0.0,0.0,0.0,0.0,0.0,0.0,0.001528799041923085,0.0
three_point_1d,1,1000,39,RR-balanced,72.40712672397635,4.0,4.0,0.01,1.2058657183899868e-08,1.0,0.28507307000018045,76.0,0.3813909229217932,0.12241243277842798,0.09379490445326155,0.09379490445326155,0.18339237435645078,0.01354224406649248,4.4982810683654874e-05,0.0016817289081355736,0.07600786536061796
three_point_1d,1,1000,39,RR-tiny,1000000000.0,4.0,4.0,0.01,9.632955322302905e-09,1.0,0.04039878500020677,8.0,0.00011631064778894196,3.2824128353639453e-05,8.126335160341114e-09,8.126335160341114e-09,1.608155471254354e-08,4.010181381501782e-06,4.062588923079461e-12,0.0015288000460213294,8.881902073676451e-06
three_point_1d,1,1000,39,BB,1.0,5.0,5.0,0.01,6.480459946445194e-09,1.0,0.3792711250002867,57.0,6.136334239857349,0.9633480266559622,4.992195070193702,4.992195070193702,8.528168322907808,0.09234808239973263,0.002240639854984432,0.0035879220944891603,0.5768966167808954
three_point_1d,1,1000,40,Ordinary,inf,4.0,4.0,0.01,5.6807225590205235e-11,1.0,0.3782980500002395,60.0,0.0,0.0,0.0,0.0,0.0,0.0,0.0,0.0012792257329077978,0.0
three_point_1d,1,1000,40,RR-balanced,72.40712672397635,4.0,4.0,0.01,7.520796430071641e-09,1.0,0.23120662100018308,40.0,0.5046137912650439,0.11890977928991223,0.007502525480504119,0.007502525480504119,0.011924268088568946,0.0034531533543370103,3.3083945622988264e-06,0.0012770066356099395,0.016254631994556065
three_point_1d,1,1000,40,RR-tiny,1000000000.0,4.0,4.0,0.01,6.832245880161736e-11,1.0,0.03738752800018119,8.0,0.00011581744751509859,3.341481566581056e-05,4.1127350414171815e-09,4.1127350414171815e-09,8.23131798187263e-09,2.8690273581603627e-06,2.0588673420770942e-12,0.0012792107046381658,7.0286018150749356e-06
three_point_1d,1,1000,40,BB,1.0,4.0,4.0,0.01,5.01122676688226e-09,1.0,0.3352159029998347,65.0,8.401514302465696,1.0196971902617689,1.4092493913094586,1.4092493913094586,2.6763281780917207,0.051733240552779225,0.0006714049349022764,0.0013005342304845588,0.17864669805236583
three_point_1d,1,1000,41,Ordinary,inf,5.0,5.0,0.01,4.4870885007597394e-08,1.0,0.5420551390000128,116.0,0.0,0.0,0.0,0.0,0.0,0.0,0.0,0.0022861784120561963,0.0
three_point_1d,1,1000,41,RR-balanced,72.40712672397635,5.0,5.0,0.01,6.467598079318293e-08,1.0,0.27837968999983786,95.0,0.4627234650042149,0.11912898488736096,0.07429796402584543,0.07429796402584543,0.1390639417968011,0.011792537546974404,3.5611503139593053e-05,0.0026664921711738966,0.048554993183247984
three_point_1d,1,1000,41,RR-tiny,1000000000.0,5.0,5.0,0.01,1.9868226397434796e-08,1.0,0.038477789000125995,16.0,0.00011064577739361425,3.2741574994695104e-05,5.133188096806407e-09,5.133188096806407e-09,9.72685164822639e-09,3.118790093646315e-06,2.6533863789874987e-12,0.0022861500564449427,1.3926532388078418e-05
three_point_1d,1,1000,41,BB,1.0,4.0,4.0,0.01,1.548218908631327e-08,1.0,0.30410952800002633,45.0,5.701190603753391,1.0156170768065371,3.5430622763778956,3.5430622763778956,7.023843951172663,0.08380837637833502,0.00176578812139127,0.0064954087299492515,0.14125816090588997
three_point_1d,1,1000,42,Ordinary,inf,3.0,3.0,0.01,5.797191837686455e-09,1.0,0.46662902699995357,41.0,0.0,0.0,0.0,0.0,0.0,0.0,0.0,0.0018400792801638143,0.0
three_point_1d,1,1000,42,RR-balanced,72.40712672397635,3.0,3.0,0.01,2.6009906006763117e-08,1.0,0.3148838470001465,30.0,0.45234797797755033,0.12205796011747036,0.05430822077096309,0.05430822077096309,0.10547122151909663,0.010269918282006758,2.701244126024484e-05,0.0018745122138709523,0.031445171781392195
three_point_1d,1,1000,42,RR-tiny,1000000000.0,3.0,3.0,0.01,6.782128858517922e-09,1.0,0.03739685200002896,7.0,9.185376243880938e-05,3.0473810228393954e-05,2.2610038286074996e-09,2.2610038286074996e-09,4.437072429557971e-09,2.1064359542976783e-06,1.1083738564518386e-12,0.0018400213342591055,4.456797721159567e-06
three_point_1d,1,1000,42,BB,1.0,3.0,3.0,0.01,8.523783900926674e-10,1.0,0.3282842430000983,36.0,5.918052377699337,1.0251121995394288,4.834015857097256,4.834015857097256,8.525016263600008,0.09233101463538679,0.0024184000749606174,0.004424967761655796,0.3610296845775034
three_point_1d,1,1000,43,Ordinary,inf,5.0,5.0,0.01,7.260373635631368e-08,1.0,0.5194819270000153,114.0,0.0,0.0,0.0,0.0,0.0,0.0,0.0,0.00028092891081729784,0.0
three_point_1d,1,1000,43,RR-balanced,72.40712672397635,5.0,5.0,0.01,1.0884960510715302e-07,1.0,0.2863202710002497,89.0,0.3323601513352532,0.11284697602734513,0.07408655712833934,0.07408655712833934,0.14616330326535354,0.012089801622249785,3.645217341849832e-05,0.00029345082615999296,0.0574813778175279
three_point_1d,1,1000,43,RR-tiny,1000000000.0,5.0,5.0,0.01,9.671596856719589e-12,1.0,0.039190323000184435,13.0,0.00010022398843778646,3.098421974827299e-05,1.5807017916813493e-09,1.5807017916813493e-09,2.9877978764825977e-09,1.7285247688368824e-06,7.00555798133125e-13,0.00028091274276618967,8.375109911464194e-06
three_point_1d,1,1000,43,BB,1.0,4.0,4.0,0.01,5.153165894000722e-09,1.0,0.3131477219999397,71.0,6.257602600315886,1.064823515450122,2.023770029939442,2.023770029939442,3.9859225255248996,0.06313416290349386,0.001007232444151063,0.0019218266305393197,0.23016567205692692
three_point_1d,1,1000,44,Ordinary,inf,5.0,5.0,0.01,3.75807496233449e-09,1.0,0.5422554029998992,243.0,0.0,0.0,0.0,0.0,0.0,0.0,0.0,0.001952527928041602,0.0
three_point_1d,1,1000,44,RR-balanced,72.40712672397635,5.0,5.0,0.01,1.0836106234535237e-08,1.0,0.3327671959998497,114.0,0.4797713997175621,0.11671026161161525,0.02558752324557645,0.02558752324557645,0.0482237593538541,0.006944332894803798,1.3436572100542675e-05,0.0017554190348736953,0.07179035556919133
three_point_1d,1,1000,44,RR-tiny,1000000000.0,5.0,5.0,0.01,4.848932277923268e-08,1.0,0.044072938999988764,16.0,0.0001215284656738147,3.274757402851669e-05,3.6925484891980886e-09,3.6925484891980886e-09,7.486078837391942e-09,2.7360699620791756e-06,1.8798046587373703e-12,0.0019525012950851726,1.972999590787165e-05
three_point_1d,1,1000,44,BB,1.0,3.0,3.0,0.01,1.1098462149305988e-09,1.0,0.30064829900015866,31.0,6.458434184043007,0.9908745538740438,2.006210469249254,2.006210469249254,4.1350645383579385,0.06430446748366662,0.0009754673911021374,0.0015057735391952286,0.38528850292715416
three_point_1d,1,1000,45,Ordinary,inf,3.0,3.0,0.01,9.834000280761757e-11,1.0,0.3715211610001461,41.0,0.0,0.0,0.0,0.0,0.0,0.0,0.0,0.0015298982193085449,0.0
three_point_1d,1,1000,45,RR-balanced,72.40712672397635,3.0,3.0,0.01,3.221312105949892e-11,1.0,0.2656830160001391,29.0,0.36869716655632256,0.11776945822032292,0.0527155228915035,0.0527155228915035,0.10270961085888186,0.010134575021128507,2.619669595733884e-05,0.001237909125215754,0.01928845139488838
three_point_1d,1,1000,45,RR-tiny,1000000000.0,3.0,3.0,0.01,1.1651477560548074e-09,1.0,0.035899946999961685,10.0,0.00010384573162824928,3.1471750019452365e-05,3.2878233469091356e-09,3.2878233469091356e-09,6.3812398294657365e-09,2.5261116027336828e-06,1.6010477375577526e-12,0.001529891241389601,6.6959384536404265e-06
three_point_1d,1,1000,45,BB,1.0,4.0,4.0,0.01,1.5004413267405425e-08,1.0,0.2588547190000554,40.0,6.139673021636644,1.030530823921688,1.7106731399831006,1.7106731399831006,3.0658143456919786,0.05536979633059867,0.0007772755317583464,0.002312014604656013,0.09933510901119441
three_point_1d,1,1000,46,Ordinary,inf,3.0,3.0,0.01,1.8414580971182204e-10,1.0,0.34920599699989907,50.0,0.0,0.0,0.0,0.0,0.0,0.0,0.0,0.00017159605681759679,0.0
three_point_1d,1,1000,46,RR-balanced,72.40712672397635,3.0,3.0,0.01,8.108866245137847e-09,1.0,0.25628669000002446,27.0,0.4129018980932124,0.11230082101525767,0.013043678447502316,0.013043678447502316,0.025815304326191207,0.005080876334471368,6.515063741165652e-06,0.00015284214854453543,0.006179787392821162
three_point_1d,1,1000,46,RR-tiny,1000000000.0,3.0,3.0,0.01,1.0932270422259194e-08,1.0,0.03556768699991153,9.0,9.30316030798295e-05,3.216447571379544e-05,2.308297553099692e-09,2.308297553099692e-09,4.579584840176442e-09,2.139996457982219e-06,1.1092291042696557e-12,0.00017160162540163392,7.25530250711664e-06
three_point_1d,1,1000,46,BB,1.0,4.0,4.0,0.01,7.246220512513446e-09,1.0,0.3539994279999519,48.0,5.429385951593248,0.974698981734194,2.370628348419814,2.370628348419814,4.546172724124714,0.06742531219152578,0.001212383241708565,0.001511028871909958,0.26468353310138876
three_point_1d,1,1000,47,Ordinary,inf,4.0,4.0,0.01,7.372506383163113e-09,1.0,0.37293182600001273,62.0,0.0,0.0,0.0,0.0,0.0,0.0,0.0,0.0024212606608038636,0.0
three_point_1d,1,1000,47,RR-balanced,72.40712672397635,4.0,4.0,0.01,1.672296834343001e-08,1.0,0.34723672600011923,42.0,0.37531912614739626,0.11756174390383337,0.015463303515844018,0.015463303515844018,0.030117326952108343,0.005487925560000641,7.584875552696175e-06,0.002555054543785631,0.020907703709796287
three_point_1d,1,1000,47,RR-tiny,1000000000.0,4.0,4.0,0.01,2.3628193845937062e-08,1.0,0.042715141999906336,19.0,0.00010900521000345442,3.085561327568618e-05,3.3737705962266773e-09,3.3737705962266773e-09,6.302019717411004e-09,2.51038238469979e-06,1.6220113304916515e-12,0.0024212145678934446,1.5131729113377898e-05
three_point_1d,1,1000,47,BB,1.0,4.0,4.0,0.01,1.6223138832316408e-08,1.0,0.45672550199992656,46.0,5.953338307740272,0.9795775594552836,2.207145210734325,2.207145210734325,3.8230426966238795,0.06183075849950314,0.0010468282747369841,0.00508524638191545,0.27904131358272416
three_point_1d,1,1000,48,Ordinary,inf,4.0,4.0,0.01,1.863290632897474e-09,1.0,0.46749118399998224,56.0,0.0,0.0,0.0,0.0,0.0,0.0,0.0,0.0008875716218932587,0.0
three_point_1d,1,1000,48,RR-balanced,72.40712672397635,4.0,4.0,0.01,7.268001089855147e-09,1.0,0.3239262030001555,49.0,0.3976193929883536,0.11712681647060431,0.058382446640735,0.058382446640735,0.10389560450727936,0.010192919331932308,2.7941333643244687e-05,0.0009458096252193119,0.0362230904731615
three_point_1d,1,1000,48,RR-tiny,1000000000.0,4.0,4.0,0.01,5.557114990395462e-09,1.0,0.04883139699995809,24.0,0.00010447938097213338,3.169754921676089e-05,0.0,-2.834440238075331e-09,4.243701911577619e-09,2.0600247356713022e-06,1.144153456520433e-12,0.0008875630209870965,7.401030185937523e-05
three_point_1d,1,1000,48,BB,1.0,4.0,4.0,0.01,1.9026225928087115e-08,1.0,0.4292237639997438,50.0,6.147331911470321,1.0027621138285192,2.9263355601160583,2.9263355601160583,4.641646079494232,0.06812962703181512,0.0013962428263794274,0.002579832138844278,0.3069567198828252
three_point_1d,1,1000,49,Ordinary,inf,6.0,6.0,0.01,4.836105216288189e-07,1.0,0.41021750099980636,116.0,0.0,0.0,0.0,0.0,0.0,0.0,0.0,0.0016052383899003092,0.0
three_point_1d,1,1000,49,RR-balanced,72.40712672397635,6.0,6.0,0.01,1.0718654852581722e-09,1.0,0.22092670699976225,109.0,0.38873720881789486,0.11518721004511469,0.015219900406009401,0.015219900406009401,0.028439845281239336,0.005332902144352485,7.351019253451416e-06,0.0016032649977970885,0.03406110980319828
three_point_1d,1,1000,49,RR-tiny,1000000000.0,6.0,6.0,0.01,1.6954384340905904e-08,1.0,0.040515570000025036,6.0,0.00013084699364029895,3.202334164415394e-05,1.1132215149700642e-09,1.1132215149700642e-09,2.3070718816043545e-09,1.5189048296731282e-06,5.229996634297917e-13,0.0016052209246900527,2.573305824546374e-06
three_point_1d,1,1000,49,BB,1.0,5.0,5.0,0.01,8.706948939618542e-09,1.0,0.46902708099992196,61.0,6.6002561361495555,0.9872646938153748,4.106768919998103,4.106768919998103,7.961555361402258,0.08922754822027924,0.0020747219268424564,0.00397671066702068,0.2429131051115815
three_point_1d,1,1000,50,Ordinary,inf,5.0,5.0,0.01,2.6977281741835668e-08,1.0,0.5593737579999924,99.0,0.0,0.0,0.0,0.0,0.0,0.0,0.0,0.0018575317761131875,0.0
three_point_1d,1,1000,50,RR-balanced,72.40712672397635,4.0,4.0,0.01,3.1773952358093993e-09,1.0,0.31044640300001447,48.0,0.4081589561048262,0.11750131278738926,0.06352421750307258,0.06352421750307258,0.10710573640645427,0.010349190132877753,3.113844553553116e-05,0.002040441650931324,0.12431202951078452
three_point_1d,1,1000,50,RR-tiny,1000000000.0,5.0,5.0,0.01,4.160943545272744e-08,1.0,0.04344269800003531,17.0,0.00010668234744826144,3.137182257102012e-05,1.7298589227721095e-09,1.7298589227721095e-09,3.1158707123027823e-09,1.765182911854401e-06,8.169426675749925e-13,0.0018574934226760578,9.648431850317372e-06
three_point_1d,1,1000,50,BB,1.0,5.0,5.0,0.01,1.2594630005580143e-08,1.0,0.36270280899998397,98.0,7.063660582188222,1.0286825978539922,3.6258708564819244,3.6258708564819244,7.1310908436258575,0.08444578641723847,0.0018006571421222205,0.0010733618389134965,0.26181387044341614
three_point_1d,1,1000,51,Ordinary,inf,5.0,5.0,0.01,4.652547236361215e-10,1.0,0.5600859459998446,165.0,0.0,0.0,0.0,0.0,0.0,0.0,0.0,0.0029130394606617597,0.0
three_point_1d,1,1000,51,RR-balanced,72.40712672397635,5.0,5.0,0.01,1.9268467044142312e-08,1.0,0.42874886499998865,106.0,0.4218847701300945,0.11919194055062128,0.08913447353916126,0.08913447353916126,0.16617583173768188,0.012890920515528823,4.345692969532929e-05,0.0025189241420587646,0.0821463371342274
three_point_1d,1,1000,51,RR-tiny,1000000000.0,5.0,5.0,0.01,1.1746785766320045e-08,1.0,0.058239984000010736,23.0,0.0001102700112149968,3.258813359536719e-05,1.158514351118356e-08,1.158514351118356e-08,2.2582051991146295e-08,4.752057658651281e-06,5.664371665258578e-12,0.0029128909222977603,3.308896977263114e-05
three_point_1d,1,1000,51,BB,1.0,4.0,4.0,0.01,7.471256657787251e-08,1.0,0.3205339890000687,30.0,5.541409452912072,0.9933860242468174,3.2272172410475832,3.2272172410475832,6.264367949791812,0.07914776023231367,0.001572153263319511,0.006483388418734983,0.30038833514192786
three_point_1d,1,1000,52,Ordinary,inf,4.0,4.0,0.01,2.227857964776092e-08,1.0,0.5179770619997726,68.0,0.0,0.0,0.0,0.0,0.0,0.0,0.0,0.001448038435114858,0.0
three_point_1d,1,1000,52,RR-balanced,72.40712672397635,4.0,4.0,0.01,5.234126021491647e-09,1.0,0.23651179399985267,49.0,0.37755487541883803,0.12051137314850659,0.028355579128401587,0.028355579128401587,0.05158506943348848,0.007182274669872246,1.4599911966234982e-05,0.0015155385076238968,0.02772445957962746
three_point_1d,1,1000,52,RR-tiny,1000000000.0,4.0,4.0,0.01,2.6012281217902e-10,1.0,0.056054144999961864,8.0,9.173937645789998e-05,3.028733378143763e-05,4.4929038267582655e-10,4.4929038267582655e-10,9.183084163011446e-10,9.582840999939134e-07,2.385964023849756e-13,0.0014480364661113247,3.1994668174987366e-06
three_point_1d,1,1000,52,BB,1.0,3.0,3.0,0.01,1.8108794463955746e-09,1.0,0.34372232800001257,36.0,6.798488740507991,0.9933197273444787,1.860202072879929,1.860202072879929,3.59364895582173,0.05994705126877994,0.0009191454709359865,0.0036419566850653153,0.13358014787685693
three_point_1d,1,1000,53,Ordinary,inf,4.0,4.0,0.01,6.7147005733403375e-09,1.0,0.5662745739998627,68.0,0.0,0.0,0.0,0.0,0.0,0.0,0.0,0.0009792417397702451,0.0
three_point_1d,1,1000,53,RR-balanced,72.40712672397635,4.0,4.0,0.01,2.5263724445778735e-10,1.0,0.3652798650000477,100.0,0.4456086708234239,0.11999793430700491,0.04112471580720012,0.04112471580720012,0.07944841363134504,0.008913383960726983,2.004064864848019e-05,0.0010041044341294566,0.03316207518458134
three_point_1d,1,1000,53,RR-tiny,1000000000.0,4.0,4.0,0.01,5.271749703439355e-10,1.0,0.03798611900015203,17.0,0.0001128615659156118,3.292626691119935e-05,5.140009307069704e-09,5.140009307069704e-09,9.857095048761964e-09,3.1396010970761818e-06,2.465009025903988e-12,0.0009792507875561343,1.602971748324136e-05
three_point_1d,1,1000,53,BB,1.0,4.0,4.0,0.01,5.036919548118135e-09,1.0,0.4652816249999887,63.0,5.1726846924195415,0.9689418769302244,0.49996231543173053,0.49996231543173053,0.8668847439936855,0.029442906514026184,0.0002322583412789077,0.0011990651993848086,0.252972556365562
three_point_1d,1,1000,54,Ordinary,inf,4.0,4.0,0.01,2.2853334336048192e-08,1.0,0.36388651099991876,61.0,0.0,0.0,0.0,0.0,0.0,0.0,0.0,0.0012573093718511623,0.0
three_point_1d,1,1000,54,RR-balanced,72.40712672397635,4.0,4.0,0.01,6.000326902011466e-10,1.0,0.37923892699973294,75.0,0.38015668913982636,0.1194721245029346,0.06585011157085319,0.06585011157085319,0.1291658654927083,0.011365116167145337,3.2621226273303335e-05,0.0011361822639249035,0.02689838670779091
three_point_1d,1,1000,54,RR-tiny,1000000000.0,4.0,4.0,0.01,1.3988431080136365e-08,1.0,0.03644794199976786,8.0,0.00010016465697526566,3.188585239504461e-05,3.174591256538406e-09,3.174591256538406e-09,6.016549935467581e-09,2.452865657851563e-06,1.5300844468113407e-12,0.0012573517805588577,9.091347898826909e-06
three_point_1d,1,1000,54,BB,1.0,3.0,3.0,0.01,6.665180407594562e-09,1.0,0.3321379770002295,36.0,8.577659645426886,1.045467372819672,4.725469267417338,4.725469267417338,9.388610129448432,0.09689484057187168,0.0022816684858397948,0.002654842549712718,0.27423379448258195
three_point_1d,1,1000,55,Ordinary,inf,3.0,3.0,0.01,4.018041455111643e-10,1.0,0.35930690699979095,34.0,0.0,0.0,0.0,0.0,0.0,0.0,0.0,0.0017310888142216218,0.0
three_point_1d,1,1000,55,RR-balanced,72.40712672397635,3.0,3.0,0.01,1.3801188414319654e-08,1.0,0.24256073600008676,22.0,0.38328983706127207,0.11515144344542573,0.02338499298912211,0.02338499298912211,0.04169362502173431,0.006457060091228384,1.1234641332063722e-05,0.001623793388210501,0.012894689747888226
three_point_1d,1,1000,55,RR-tiny,1000000000.0,3.0,3.0,0.01,4.259400387951473e-09,1.0,0.03983973100002913,6.0,0.00011771234420743237,3.336679081641797e-05,3.4201548260170966e-09,3.4201548260170966e-09,6.634960417659439e-09,2.5758416911098086e-06,1.6959871700909744e-12,0.0017310035429327483,4.63267662684895e-06
three_point_1d,1,1000,55,BB,1.0,3.0,3.0,0.01,7.181566452629795e-11,1.0,0.3590261809999902,33.0,10.581389167927586,1.1100195712834906,7.5851955149796595,7.5851955149796595,14.015416707249216,0.1183867252154954,0.003684448339232708,0.005960962999177482,0.2725652032865933
three_point_1d,1,1000,56,Ordinary,inf,3.0,3.0,0.01,1.5962526855872738e-09,1.0,0.392648476000204,32.0,0.0,0.0,0.0,0.0,0.0,0.0,0.0,0.001621279430149257,0.0
three_point_1d,1,1000,56,RR-balanced,72.40712672397635,3.0,3.0,0.01,4.497824335203404e-11,1.0,0.1986879180001324,23.0,0.421506459172003,0.1148619236947169,0.01143024578323093,0.01143024578323093,0.022146733774233353,0.004706031637615004,5.528035735634168e-06,0.0015289622045764673,0.013977573145744647
three_point_1d,1,1000,56,RR-tiny,1000000000.0,3.0,3.0,0.01,1.1451341652701785e-08,1.0,0.04337921300020753,5.0,0.00010309371039773918,3.1658321729523564e-05,1.546140993013978e-09,1.546140993013978e-09,2.9687422461660622e-09,1.723003843920861e-06,7.734860721071684e-13,0.0016212869919946227,2.9934158383885226e-06
three_point_1d,1,1000,56,BB,1.0,3.0,3.0,0.01,7.930643697307005e-09,1.0,0.2629048089997923,27.0,6.503892022197672,1.0102207590660388,0.7202162368294012,0.7202162368294012,1.3845426930668858,0.03720944360060878,0.00035589506165720523,0.0022138063069805716,0.07844445605963682
three_point_1d,1,1000,57,Ordinary,inf,5.0,5.0,0.01,1.4472653742103603e-08,1.0,0.4287189799999851,48.0,0.0,0.0,0.0,0.0,0.0,0.0,0.0,0.0023939059039680853,0.0
three_point_1d,1,1000,57,RR-balanced,72.40712672397635,4.0,4.0,0.01,3.146868809977832e-08,1.0,0.2861665190000622,38.0,0.4485896715716804,0.11945193777817165,0.033176480778820405,0.033176480778820405,0.06474415451493756,0.00804637524074894,1.867008115002043e-05,0.002471296687960865,0.014884764850107866
three_point_1d,1,1000,57,RR-tiny,1000000000.0,5.0,5.0,0.01,1.184163878065192e-12,1.0,0.040570904000105656,9.0,0.00011257048813662074,3.2087498240195154e-05,3.2641764846630394e-09,3.2641764846630394e-09,6.478603297094575e-09,2.545310059127291e-06,1.354816889495742e-12,0.0023938434847288817,5.290844080880123e-06
three_point_1d,1,1000,57,BB,1.0,4.0,4.0,0.01,2.5515367596540273e-10,1.0,0.31844891800005826,45.0,8.685626278883673,1.0160174712707981,0.9107211527375512,0.9107211527375512,1.9234691453420998,0.04385737275923057,0.00040538152245012273,0.0032637273616563786,0.0978762758860047
three_point_1d,1,1000,58,Ordinary,inf,3.0,3.0,0.01,1.3175167623558082e-09,1.0,0.3487334560002182,37.0,0.0,0.0,0.0,0.0,0.0,0.0,0.0,0.0011552126278946157,0.0
three_point_1d,1,1000,58,RR-balanced,72.40712672397635,3.0,3.0,0.01,1.390899617703667e-09,1.0,0.2599418170000263,25.0,0.3954212816350766,0.11586395812695785,0.021026254404205247,0.021026254404205247,0.032940103697236135,0.00573934697480786,9.735502742263641e-06,0.0011130375326889753,0.02808314911892121
three_point_1d,1,1000,58,RR-tiny,1000000000.0,3.0,3.0,0.01,7.57316431787558e-10,1.0,0.05115767899997081,5.0,0.0001053150707770456,3.073522409372315e-05,1.709850039333105e-10,1.709850039333105e-10,3.0256543758480205e-10,5.500594854966161e-07,7.800591385271932e-14,0.0011552200382855175,2.7949663969091603e-06
three_point_1d,1,1000,58,BB,1.0,3.0,3.0,0.01,3.605294285335958e-09,1.0,0.2791303919998427,26.0,6.902955158616114,0.9862694868654347,1.098767563977617,1.098767563977617,2.112363395222161,0.04596045468902762,0.0005339176519165568,0.001875134272653522,0.1308128067932546
three_point_1d,1,1000,59,Ordinary,inf,4.0,4.0,0.01,6.89642667417445e-08,1.0,0.45850244300027043,57.0,0.0,0.0,0.0,0.0,0.0,0.0,0.0,0.000835476025391217,0.0
three_point_1d,1,1000,59,RR-balanced,72.40712672397635,3.0,3.0,0.01,3.5288572064473556e-09,1.0,0.2132871010001054,34.0,0.3936779002522217,0.11770652178283492,0.03145019356634293,0.03145019356634293,0.06216308479399455,0.007884356967692073,1.5671224718077276e-05,0.0008780130356776319,0.01783444292484809
three_point_1d,1,1000,59,RR-tiny,1000000000.0,4.0,4.0,0.01,7.331234730401093e-08,1.0,0.04254840100020374,8.0,0.00011444519862247038,3.1074193512862473e-05,0.0,-6.308118827291764e-08,4.914328574115917e-09,2.2168284945200244e-06,1.2386680788059874e-12,0.0008354835756080791,1.6795532308349e-05
three_point_1d,1,1000,59,BB,1.0,3.0,3.0,0.01,2.297939616369149e-09,1.0,0.2943163459999596,28.0,6.3826340438488325,0.9707943680526832,0.5660938410865128,0.5660938410865128,1.1153286760297254,0.03339653688677503,0.0002839736301804319,0.0013813453832607775,0.054059549017194994
three_point_1d,1,1000,60,Ordinary,inf,4.0,4.0,0.01,1.3959936095986336e-08,1.0,0.481881605000126,58.0,0.0,0.0,0.0,0.0,0.0,0.0,0.0,0.002010739248646841,0.0
three_point_1d,1,1000,60,RR-balanced,72.40712672397635,4.0,4.0,0.01,4.653766039197649e-09,1.0,0.361206429999811,50.0,0.40050680785459036,0.11961947304749278,0.06283713210086717,0.06283713210086717,0.12351677747391987,0.0111138102140499,3.084928313540869e-05,0.0018645428708081151,0.03083938225510631
three_point_1d,1,1000,60,RR-tiny,1000000000.0,4.0,4.0,0.01,2.23133933552333e-09,1.0,0.05410298199990393,15.0,9.826973842108622e-05,3.1777716506446985e-05,3.4897311707027256e-09,3.4897311707027256e-09,6.271032903823827e-09,2.5042030476428678e-06,1.6759895749465153e-12,0.0020107616649687123,1.5086140224609643e-05
three_point_1d,1,1000,60,BB,1.0,4.0,4.0,0.01,5.9810256747283574e-09,1.0,0.494225183999788,59.0,5.315235557079265,0.9618881970587382,2.50208230104181,2.50208230104181,4.4663391272504125,0.06683067504709504,0.0012091688252007914,0.004533375324365051,0.18970854535369977
three_point_1d,1,1000,61,Ordinary,inf,4.0,4.0,0.01,5.752307963291514e-09,1.0,0.30807007300018086,40.0,0.0,0.0,0.0,0.0,0.0,0.0,0.0,0.0008690424571201089,0.0
three_point_1d,1,1000,61,RR-balanced,72.40712672397635,4.0,4.0,0.01,6.587049794504196e-09,1.0,0.22455816799993045,31.0,0.4100270968690125,0.1183568662148782,0.024072838782558392,0.024072838782558392,0.04806345031951051,0.0069327808503882845,1.1029039617632592e-05,0.0007896194862017639,0.014153544739949186
three_point_1d,1,1000,61,RR-tiny,1000000000.0,4.0,4.0,0.01,1.3384371388980298e-09,1.0,0.03853059900006883,12.0,0.00010372819348025697,3.235291632306585e-05,4.71482053399086e-09,4.71482053399086e-09,8.29460537212841e-09,2.8800356546627007e-06,1.720218916481198e-12,0.00086897636133393,1.2842752352647392e-05
three_point_1d,1,1000,61,BB,1.0,4.0,4.0,0.01,5.8047493478596834e-09,1.0,0.35664723600007164,42.0,5.549692575661649,1.0167156808792763,2.8968773881624656,2.8968773881624656,5.848752979225077,0.07647714023958452,0.0013020728482731553,0.0022865978431244683,0.1783250307768327
three_point_1d,1,1000,62,Ordinary,inf,3.0,3.0,0.01,1.4878105192295266e-08,1.0,0.49801390499987974,41.0,0.0,0.0,0.0,0.0,0.0,0.0,0.0,0.002120615774384417,0.0
three_point_1d,1,1000,62,RR-balanced,72.40712672397635,3.0,3.0,0.01,4.706056655479074e-09,1.0,0.31667493000009017,27.0,0.35171924358808115,0.11773087668225367,0.04549698521122991,0.04549698521122991,0.07402305151557503,0.008603665004843868,2.0645951127359357e-05,0.0021243676588640964,0.042795524673190845
three_point_1d,1,1000,62,RR-tiny,1000000000.0,3.0,3.0,0.01,2.238978114021961e-09,1.0,0.04324333900012789,7.0,0.0001108816713841776,3.214718034944222e-05,2.0463630789890885e-09,2.0463630789890885e-09,3.5992165791948583e-09,1.8971601353588628e-06,9.711038278357708e-13,0.0021205815410951147,6.6608140019007485e-06
three_point_1d,1,1000,62,BB,1.0,4.0,4.0,0.01,9.573837722598455e-09,1.0,0.46472841600007087,86.0,6.1609284181477575,1.00464031975337,4.245407666548999,4.245407666548999,7.160122479282104,0.08461750693137977,0.0018390134254218768,0.004578568758580531,0.30917295540603273
three_point_1d,1,1000,63,Ordinary,inf,3.0,3.0,0.01,1.5070766856695172e-10,1.0,0.4031832260000101,35.0,0.0,0.0,0.0,0.0,0.0,0.0,0.0,0.002124415067714777,0.0
three_point_1d,1,1000,63,RR-balanced,72.40712672397635,3.0,3.0,0.01,2.3597075404779844e-09,1.0,0.3611327370001618,29.0,0.45770208185614125,0.1123989679016186,0.03475587280536274,0.03475587280536274,0.0670245935141431,0.008186854922016335,1.669698595701617e-05,0.0022760014539243098,0.02395731020303654
three_point_1d,1,1000,63,RR-tiny,1000000000.0,3.0,3.0,0.01,1.3053463643331042e-08,1.0,0.06083401499995489,6.0,9.268905791603999e-05,3.077847892740111e-05,1.5788828022778034e-09,1.5788828022778034e-09,3.076737553911265e-09,1.7540631556221871e-06,7.792338881082127e-13,0.002124362015875041,3.444021510880299e-06
three_point_1d,1,1000,63,BB,1.0,3.0,3.0,0.01,3.645027835119663e-09,1.0,0.4404801900000166,27.0,4.886324995108776,0.9891296289291143,1.2417958767664459,1.2417958767664459,2.3881628846374716,0.048868833469170016,0.0006252880640119444,0.003263753780432941,0.06505416626108074
three_point_1d,1,1000,65,Ordinary,inf,4.0,4.0,0.01,2.0606529593791834e-08,1.0,0.6591156020001563,68.0,0.0,0.0,0.0,0.0,0.0,0.0,0.0,0.0025807495954197055,0.0
three_point_1d,1,1000,65,RR-balanced,72.40712672397635,4.0,4.0,0.01,1.9372265569472802e-08,1.0,0.3205677240002842,45.0,0.39012308898673176,0.12138689572733337,0.021304726973085053,0.021304726973085053,0.04018797513720376,0.006339398641606613,1.0318247716659804e-05,0.0025020007844396208,0.038328564135070714
three_point_1d,1,1000,65,RR-tiny,1000000000.0,4.0,4.0,0.01,1.7323940948443806e-08,1.0,0.045519966999790995,14.0,0.00010149277044901872,3.251209462694534e-05,2.5011104298755527e-09,2.5011104298755527e-09,4.875296167220618e-09,2.208007284231784e-06,1.2403520532933227e-12,0.0025806695965229017,1.0874565296530568e-05
three_point_1d,1,1000,65,BB,1.0,4.0,4.0,0.01,4.43388967763525e-08,1.0,0.4017229599999155,61.0,7.2604136639320505,1.0075588957709787,3.985412599627125,3.985412599627125,7.524570833219332,0.08674428415301687,0.0020171924974794883,0.004289369256473144,0.3966771392729274
three_point_1d,1,1000,64,Ordinary,inf,4.0,4.0,0.01,1.600046095617813e-08,1.0,0.7733895010001106,75.0,0.0,0.0,0.0,0.0,0.0,0.0,0.0,0.0011023743359511598,0.0
three_point_1d,1,1000,64,RR-balanced,72.40712672397635,4.0,4.0,0.01,7.1504158150048625e-09,1.0,0.3333049459999984,57.0,0.3731735089620676,0.11864875657678997,0.0500039984549403,0.0500039984549403,0.09763746488342159,0.009881167182242268,2.4645485355055028e-05,0.0010565961937533557,0.05124573742429005
three_point_1d,1,1000,64,RR-tiny,1000000000.0,4.0,4.0,0.01,3.597612430183972e-09,1.0,0.047227550000116025,5.0,0.00010921126159901817,3.177063080181722e-05,1.1400516086723655e-09,1.1400516086723655e-09,2.2143768564688537e-09,1.4880782427241027e-06,5.639744686431871e-13,0.0011023815309211488,3.888013760509115e-06
three_point_1d,1,1000,64,BB,1.0,4.0,4.0,0.01,1.3837948342754203e-08,1.0,0.4749473490001037,52.0,5.874852752834603,0.9703309819401521,5.6606647762887405,5.6606647762887405,10.40019813368972,0.10198136169756569,0.0025810645960656145,0.004775995602580095,0.5434547713848523
three_point_1d,1,1000,66,Ordinary,inf,4.0,4.0,0.01,6.181679612637936e-10,1.0,0.5950201779999134,93.0,0.0,0.0,0.0,0.0,0.0,0.0,0.0,0.0016076512627588018,0.0
three_point_1d,1,1000,66,RR-balanced,72.40712672397635,4.0,4.0,0.01,5.699708927053848e-09,1.0,0.286143605999996,55.0,0.44884844577080085,0.11797749434696664,0.012498654497903772,0.012498654497903772,0.02386794806234744,0.004885483401092203,6.1527471873726265e-06,0.0015398691869066773,0.02541699259921145
three_point_1d,1,1000,66,RR-tiny,1000000000.0,4.0,4.0,0.01,2.957930655966834e-08,1.0,0.04792819499994039,9.0,0.00010951882795562362,3.1053323684559674e-05,3.7061909097246826e-09,3.7061909097246826e-09,7.24471990264121e-09,2.691601735517573e-06,1.8001046171182655e-12,0.0016075797484563698,6.229219489810207e-06
three_point_1d,1,1000,66,BB,1.0,4.0,4.0,0.01,1.6798402668882773e-09,1.0,0.5202877819999685,48.0,7.01129221586282,1.0288771319209478,8.746002044283614,8.746002044283614,12.989787424068517,0.11397274860276257,0.004414724858170065,0.004075472443946888,0.4004727731871972
three_point_1d,1,1000,67,Ordinary,inf,4.0,4.0,0.01,1.322475151610547e-08,1.0,0.5822770839999976,59.0,0.0,0.0,0.0,0.0,0.0,0.0,0.0,0.0034668981984978565,0.0
three_point_1d,1,1000,67,RR-balanced,72.40712672397635,4.0,4.0,0.01,1.1759288431889559e-08,1.0,0.32507030100009615,40.0,0.3840851245046799,0.11810875253216781,0.01892457259737057,0.01892457259737057,0.03552684710076929,0.005960440176762895,9.209104744066217e-06,0.003638717846269272,0.03122297762739708
three_point_1d,1,1000,67,RR-tiny,1000000000.0,4.0,4.0,0.01,9.296355019117186e-09,1.0,0.04688340200004859,11.0,0.00010534108110016316,3.22640266377343e-05,4.287358024157584e-09,4.287358024157584e-09,8.615679595625928e-09,2.9352477911798057e-06,2.1621858821812684e-12,0.003466877046159389,1.3655154321998674e-05
three_point_1d,1,1000,67,BB,1.0,4.0,4.0,0.01,1.6945721714733963e-08,1.0,0.44291860999987875,48.0,5.305972842049012,0.9735936090437509,5.0011572975045056,5.0011572975045056,8.378964494463983,0.0915366838729915,0.0022236179328002825,0.0029773501126245457,0.5611870028288511
three_point_1d,1,1000,68,Ordinary,inf,4.0,4.0,0.01,7.646912214553936e-09,1.0,0.3875599109999257,46.0,0.0,0.0,0.0,0.0,0.0,0.0,0.0,0.002458443153026685,0.0
three_point_1d,1,1000,68,RR-balanced,72.40712672397635,4.0,4.0,0.01,3.956965111129307e-08,1.0,0.2817875880000429,32.0,0.4033616192592626,0.11647380188486971,0.013719717447202129,0.013719717447202129,0.025384039906006767,0.0050382576260059155,6.3914221169103754e-06,0.0024764547192315696,0.017872261550058586
three_point_1d,1,1000,68,RR-tiny,1000000000.0,4.0,4.0,0.01,3.312849594649947e-08,1.0,0.04771429400011584,12.0,0.00010561188462610005,2.9992900195131822e-05,1.0045368981081992e-09,1.0045368981081992e-09,1.92508851235055e-09,1.3874755898215111e-06,4.678263633297539e-13,0.0024584115607284747,3.139100393758944e-06
three_point_1d,1,1000,68,BB,1.0,5.0,5.0,0.01,1.033699570385238e-08,1.0,0.42627867699980015,72.0,6.7586245006357375,1.0308094083722223,6.550780053124527,6.550780053124527,8.876237647574754,0.09421378692938075,0.0028419644287414653,0.005036932847932117,0.24326358124223899
three_point_1d,1,1000,69,Ordinary,inf,4.0,4.0,0.01,1.2723430753425191e-08,1.0,0.41935571599992727,70.0,0.0,0.0,0.0,0.0,0.0,0.0,0.0,0.001755742226138553,0.0
three_point_1d,1,1000,69,RR-balanced,72.40712672397635,4.0,4.0,0.01,5.317407847371669e-09,1.0,0.3052946420002627,57.0,0.3842755811416698,0.12170484003177966,0.05170404909267745,0.05170404909267745,0.10149113036166264,0.010074280637428294,2.6885745012599522e-05,0.0017705397369169908,0.01768002066930809
three_point_1d,1,1000,69,RR-tiny,1000000000.0,4.0,4.0,0.01,1.0619394252842085e-09,1.0,0.04095056399978603,8.0,0.0001011205401106885,3.18753334998329e-05,7.161361281760037e-09,7.161361281760037e-09,1.3925074296086122e-08,3.7316315863287093e-06,3.5260563099388254e-12,0.0017557422858314833,9.554752296095555e-06
three_point_1d,1,1000,69,BB,1.0,3.0,3.0,0.01,9.461684769007661e-10,1.0,0.4384907840001233,35.0,9.368286915161322,1.046263889736242,4.516246548609615,4.516246548609615,8.941740244962187,0.09456077540376975,0.0021791862789080543,0.005814299085880357,0.27881117129350086
three_point_1d,1,1000,70,Ordinary,inf,4.0,4.0,0.01,3.965740624778391e-09,1.0,0.5064862519998314,89.0,0.0,0.0,0.0,0.0,0.0,0.0,0.0,0.0013399356923733958,0.0
three_point_1d,1,1000,70,RR-balanced,72.40712672397635,4.0,4.0,0.01,6.224272208754655e-10,1.0,0.18666450700015957,31.0,0.3811795630195245,0.11680519977617725,0.009713073996863386,0.009713073996863386,0.018804260170639096,0.004336387917453776,4.781331556484248e-06,0.001376359108205338,0.011181480333742628
three_point_1d,1,1000,70,RR-tiny,1000000000.0,4.0,4.0,0.01,1.3678169707986854e-11,1.0,0.046722759999966,5.0,0.00011019807740830778,3.154776089320595e-05,6.443769962061197e-10,6.443769962061197e-10,1.2489771604068173e-09,1.117576467364456e-06,3.2204416423368917e-13,0.0013399335094943362,2.216512560720023e-06
three_point_1d,1,1000,70,BB,1.0,3.0,3.0,0.01,1.0731331379076892e-08,1.0,0.39007641100010915,35.0,6.041701723430587,0.9607556277044612,2.6098874849317326,2.6098874849317326,4.755772315456153,0.06896210782347183,0.0013260545789607055,0.0015442428474814129,0.1706834534370122
three_point_1d,1,1000,71,Ordinary,inf,3.0,3.0,0.01,5.929257085313111e-12,1.0,0.47232319099998676,40.0,0.0,0.0,0.0,0.0,0.0,0.0,0.0,0.0003805181093880756,0.0
three_point_1d,1,1000,71,RR-balanced,72.40712672397635,3.0,3.0,0.01,5.838885375197833e-09,1.0,0.20638365199988584,23.0,0.3784710748337694,0.11902504486642072,0.027660516867399565,0.027660516867399565,0.05378718450894174,0.0073339746733229,1.3397483339726604e-05,0.0004438105487303668,0.01715538107541343
three_point_1d,1,1000,71,RR-tiny,1000000000.0,3.0,3.0,0.01,6.746109892930008e-09,1.0,0.03944770099997186,8.0,9.644976257161542e-05,3.2174998164981355e-05,2.591605152701959e-09,2.591605152701959e-09,4.815805113768517e-09,2.1944942728949004e-06,1.2603886406287336e-12,0.00038052671626273175,7.256364694373842e-06
three_point_1d,1,1000,71,BB,1.0,3.0,3.0,0.01,3.606381859810881e-09,1.0,0.3183727220000492,32.0,5.995333526942252,0.9801872563091297,2.7760346373165703,2.7760346373165703,5.015962501206906,0.0708234601047344,0.0013238691067014926,0.0009301208760956981,0.19616629096390167
three_point_1d,1,1000,72,Ordinary,inf,4.0,4.0,0.01,3.549201199604113e-08,1.0,0.41708141000003707,67.0,0.0,0.0,0.0,0.0,0.0,0.0,0.0,0.000966440483355606,0.0
three_point_1d,1,1000,72,RR-balanced,72.40712672397635,4.0,4.0,0.01,5.1058841599171956e-09,1.0,0.2222188929999902,49.0,0.4561217583966115,0.11669332527674608,0.007499138772345759,0.007499138772345759,0.014754059824198754,0.0038411013816610925,3.725270815840178e-06,0.0009022057438152235,0.007372821410582387
three_point_1d,1,1000,72,RR-tiny,1000000000.0,4.0,4.0,0.01,5.348607223787383e-08,1.0,0.040253765999977986,16.0,0.00011466026232032078,3.184455039792689e-05,3.996774466941133e-09,3.996774466941133e-09,7.82193565613927e-09,2.7967723640187937e-06,1.937365221431598e-12,0.0009663951427494866,1.2963317851498606e-05
three_point_1d,1,1000,72,BB,1.0,4.0,4.0,0.01,2.278752297968367e-09,1.0,0.3847937940001884,54.0,5.0694137687903895,0.9972891788709102,3.31130438294349,3.31130438294349,6.05874679245276,0.07783795213424335,0.0015116145784700255,0.003309638586787264,0.4199942498904343
three_point_1d,1,1000,73,Ordinary,inf,5.0,5.0,0.01,4.986231205705849e-09,1.0,0.5391704250000657,127.0,0.0,0.0,0.0,0.0,0.0,0.0,0.0,0.0011715840700766821,0.0
three_point_1d,1,1000,73,RR-balanced,72.40712672397635,5.0,5.0,0.01,1.760224033198199e-08,1.0,0.28122454500021377,86.0,0.46579719367634764,0.11785179909459817,0.10758347860928552,0.10758347860928552,0.20812754125672822,0.014426626121748918,5.235242060114021e-05,0.0012457471454958866,0.09241990507083674
three_point_1d,1,1000,73,RR-tiny,1000000000.0,5.0,5.0,0.01,1.2950408079248632e-08,1.0,0.04348861800008308,18.0,9.511230566117135e-05,3.2426274503053376e-05,2.3474058252759278e-09,2.3474058252759278e-09,3.891278649926924e-09,1.972632416322647e-06,1.1377720713929397e-12,0.0011715953517621321,2.788074349025849e-05
three_point_1d,1,1000,73,BB,1.0,4.0,4.0,0.01,3.131280568169359e-09,1.0,0.3499275830001807,55.0,5.975093573308973,0.9730378536994237,1.3187712226890653,1.3187712226890653,2.3458770832759486,0.04843425526707259,0.0006144419867992058,0.0030158479476522443,0.5350644828199719
three_point_1d,1,1000,74,Ordinary,inf,5.0,5.0,0.01,1.0168329289683697e-08,1.0,0.5015827550000722,132.0,0.0,0.0,0.0,0.0,0.0,0.0,0.0,0.0005994266650392759,0.0
three_point_1d,1,1000,74,RR-balanced,72.40712672397635,5.0,5.0,0.01,1.4712067364364145e-07,1.0,0.3733913579999353,116.0,0.3870130846775799,0.11826048420035362,0.03479566769919984,0.03479566769919984,0.06699950769042978,0.008185322699223884,1.7227171017300242e-05,0.000656382531175738,0.04818393338792989
three_point_1d,1,1000,74,RR-tiny,1000000000.0,5.0,5.0,0.01,1.0930534388720048e-07,1.0,0.061077571999931024,14.0,0.00012787332239461158,3.1928628247648684e-05,4.774847184307873e-10,4.774847184307873e-10,8.826868749225144e-10,9.395141696230635e-07,2.457364834623077e-13,0.0005994233482275553,5.499650050957816e-06
three_point_1d,1,1000,74,BB,1.0,4.0,4.0,0.01,1.825149786860436e-08,1.0,0.38746983399983037,59.0,5.86490025517754,1.000798525264412,4.659809400512131,4.659809400512131,9.069234225410087,0.09523252713968104,0.002251236367984893,0.004224841179801672,0.4740487350724063
three_point_1d,1,1000,75,Ordinary,inf,5.0,5.0,0.01,1.2547107797189483e-08,1.0,0.47710966099998586,173.0,0.0,0.0,0.0,0.0,0.0,0.0,0.0,0.001715891774615047,0.0
three_point_1d,1,1000,75,RR-balanced,72.40712672397635,5.0,5.0,0.01,4.1840944930982005e-08,1.0,0.32078759999990325,168.0,0.4419972860406969,0.1167858736514907,0.08195572841214016,0.08195572841214016,0.16416893141710348,0.012812842440969275,4.062734980247572e-05,0.0015969418285432275,0.06838562201828008
three_point_1d,1,1000,75,RR-tiny,1000000000.0,5.0,5.0,0.01,4.528617036925198e-09,1.0,0.042552438000029724,7.0,0.00010660667422623948,3.241524659109911e-05,1.0181793186347932e-09,1.0181793186347932e-09,1.9773206328982784e-09,1.406172333996896e-06,4.697065222519345e-13,0.0017158869095839997,3.2002324884258195e-06
three_point_1d,1,1000,75,BB,1.0,5.0,5.0,0.01,1.1721028148059531e-08,1.0,0.4460348019999856,75.0,6.2036580941807555,1.0089147389635618,4.743294203332425,4.743294203332425,10.509993106538614,0.10251825743026757,0.002193073690204246,0.004312796310559863,0.44401933641017644
three_point_1d,1,1000,76,Ordinary,inf,5.0,5.0,0.01,2.979717805828841e-08,1.0,0.47475951199999145,92.0,0.0,0.0,0.0,0.0,0.0,0.0,0.0,0.0009807188709265097,0.0
three_point_1d,1,1000,76,RR-balanced,72.40712672397635,5.0,5.0,0.01,4.719986135270915e-08,1.0,0.27959884599999896,72.0,0.5050335627941309,0.1219104639712625,0.026096291460817156,0.026096291460817156,0.050954143214701084,0.007138217089350889,1.308476512993928e-05,0.0011091952326616728,0.025325213686638526
three_point_1d,1,1000,76,RR-tiny,1000000000.0,5.0,5.0,0.01,7.1740391405228365e-12,1.0,0.0381675119999727,5.0,0.0001135577051369907,3.11895240677727e-05,1.8553691916167736e-09,1.8553691916167736e-09,3.736181893613817e-09,1.9329205606061044e-06,9.756353754005503e-13,0.0009807169525694313,3.6636929897767356e-06
three_point_1d,1,1000,76,BB,1.0,5.0,5.0,0.01,2.1183838017080348e-08,1.0,0.40003809600011664,61.0,9.825689974280024,1.0877885001893284,4.9069199480300085,4.9069199480300085,8.675728602398568,0.09314359131147225,0.0026175652993529696,0.004250366007871367,0.2036916165337752
three_point_1d,1,1000,77,Ordinary,inf,4.0,4.0,0.01,4.504932871185474e-09,1.0,0.43380043399997703,70.0,0.0,0.0,0.0,0.0,0.0,0.0,0.0,0.001127371411967985,0.0
three_point_1d,1,1000,77,RR-balanced,72.40712672397635,4.0,4.0,0.01,1.6803256563946434e-09,1.0,0.32420191300002443,32.0,0.38816387260575624,0.11829437204319401,0.04283877932266478,0.04283877932266478,0.0709494101484006,0.008423147282839152,1.8579648964981596e-05,0.0013888382742223363,0.05820337787327253
three_point_1d,1,1000,77,RR-tiny,1000000000.0,4.0,4.0,0.01,1.31667015068615e-08,1.0,0.042247246999977506,15.0,0.00011265977097163482,3.248800615056378e-05,2.1445885067805648e-09,2.1445885067805648e-09,3.676895794000136e-09,1.91752334901042e-06,8.978571788534265e-13,0.0011273939161272038,1.3748895859597637e-05
three_point_1d,1,1000,77,BB,1.0,5.0,5.0,0.01,1.1484992512578174e-08,1.0,0.3825301629999558,86.0,6.169289516964063,0.9868332766836212,1.78249773051175,1.78249773051175,2.9737342576015497,0.05453195629721668,0.0007106914056091449,0.0018617637501279088,0.12768442329954033
three_point_1d,1,1000,79,Ordinary,inf,3.0,3.0,0.01,1.0276298478828494e-08,1.0,0.43775766400017346,41.0,0.0,0.0,0.0,0.0,0.0,0.0,0.0,0.0005155186133352639,0.0
three_point_1d,1,1000,79,RR-balanced,72.40712672397635,3.0,3.0,0.01,1.954200801179695e-09,1.0,0.3005641980000746,30.0,0.3729436168356073,0.11849160046481057,0.02883952303636761,0.02883952303636761,0.055242872101263836,0.007432554883837982,1.4019180010123085e-05,0.0005833931912042688,0.018815620257530523
three_point_1d,1,1000,79,RR-tiny,1000000000.0,3.0,3.0,0.01,9.295415548393748e-09,1.0,0.04413856699989083,8.0,0.00010131423994930167,3.1488337753814175e-05,3.3996911952272058e-09,3.3996911952272058e-09,6.621413184193054e-09,2.573210676216204e-06,1.6479719924247416e-12,0.0005154919924274498,7.85650160750531e-06
three_point_1d,1,1000,79,BB,1.0,3.0,3.0,0.01,1.6369550159822666e-10,1.0,0.3897402949999105,33.0,4.706285717302352,0.9451241560749066,2.2032287230767906,2.2032287230767906,4.458119207566325,0.06676914862094863,0.0010587072362436842,0.0017566238037134993,0.12185963216260817
three_point_1d,1,1000,78,Ordinary,inf,4.0,4.0,0.01,1.1759513141029743e-08,1.0,0.5304497080001056,56.0,0.0,0.0,0.0,0.0,0.0,0.0,0.0,0.0021150984192581813,0.0
three_point_1d,1,1000,78,RR-balanced,72.40712672397635,4.0,4.0,0.01,2.5930875224844385e-08,1.0,0.3862955959998544,55.0,0.4144863859818335,0.11683165642892392,0.038061361224663415,0.038061361224663415,0.06677712986080359,0.008171727471031055,1.7184721550135152e-05,0.0020848228901630293,0.05406673724438566
three_point_1d,1,1000,78,RR-tiny,1000000000.0,4.0,4.0,0.01,1.5198611258426808e-09,1.0,0.047219188000099166,17.0,0.00010036840959526394,3.1330718361305086e-05,4.539288056548685e-09,4.539288056548685e-09,8.077060862495978e-09,2.842017041204359e-06,2.0494868527088244e-12,0.002115041479354339,2.2404015281343307e-05
three_point_1d,1,1000,78,BB,1.0,4.0,4.0,0.01,1.0925672144779242e-08,1.0,0.44572963300015545,63.0,7.391278454194039,1.0348813886866313,4.406067257320501,4.406067257320501,8.024438461421315,0.08957923007830172,0.0020694945713900835,0.001978098853559763,0.4941777577172879
three_point_1d,1,1000,80,Ordinary,inf,4.0,4.0,0.01,9.71867319954356e-09,1.0,0.343625591999853,67.0,0.0,0.0,0.0,0.0,0.0,0.0,0.0,0.0003941849537758067,0.0
three_point_1d,1,1000,80,RR-balanced,72.40712672397635,3.0,3.0,0.01,4.3731596122142946e-10,1.0,0.27648570600013045,26.0,0.4008168967471293,0.11651590524867313,0.016501362676081044,0.016501362676081044,0.030930387947434204,0.005561509502593176,8.1651422295712e-06,0.0003957589974194327,0.030364222837037373
three_point_1d,1,1000,80,RR-tiny,1000000000.0,4.0,4.0,0.01,1.288827422563088e-08,1.0,0.039001638999934585,7.0,0.00011508956310335439,3.1389516031287695e-05,2.944489096989855e-09,2.944489096989855e-09,5.923777880865544e-09,2.4338812380363886e-06,1.472306991002335e-12,0.00039416950804607606,5.463527997762702e-06
three_point_1d,1,1000,80,BB,1.0,4.0,4.0,0.01,1.9853381605372533e-08,1.0,0.3698415459998614,55.0,6.116699580826982,0.955746800383757,2.0822100519949345,2.0822100519949345,3.5702513136882272,0.05975158000997319,0.0008701192807589337,0.0012620088207525924,0.3019140929171775
three_point_1d,1,1000,81,Ordinary,inf,4.0,4.0,0.01,5.296067140392324e-09,1.0,0.4715742029998182,103.0,0.0,0.0,0.0,0.0,0.0,0.0,0.0,0.0011348269813072317,0.0
three_point_1d,1,1000,81,RR-balanced,72.40712672397635,4.0,4.0,0.01,3.5458673330879265e-08,1.0,0.31120067799975004,74.0,0.4666104902724073,0.11874758906473316,0.03600715604807192,0.03600715604807192,0.07083327163174524,0.008416250449680383,1.8469173684024464e-05,0.0012889842855702055,0.027936845665314132
three_point_1d,1,1000,81,RR-tiny,1000000000.0,4.0,4.0,0.01,1.878483790740404e-08,1.0,0.0457379569998011,15.0,0.00010470569947951258,3.117304941522218e-05,6.029040378052741e-09,6.029040378052741e-09,1.1923741957013378e-08,3.4530771721775028e-06,3.0357202864883925e-12,0.001134829849205222,8.712510127032901e-06
three_point_1d,1,1000,81,BB,1.0,4.0,4.0,0.01,7.971202586887216e-09,1.0,0.42037846699986403,57.0,8.592530848398328,1.024971738823016,1.021263370386805,1.021263370386805,1.9752380542750627,0.04444365032572215,0.00049811912407401,0.0009220348557310702,0.20607420900911633
three_point_1d,1,1000,82,Ordinary,inf,3.0,3.0,0.01,1.5211052195596153e-08,1.0,0.4576784870000665,35.0,0.0,0.0,0.0,0.0,0.0,0.0,0.0,0.004412082684196619,0.0
three_point_1d,1,1000,82,RR-balanced,72.40712672397635,3.0,3.0,0.01,1.2084495182307364e-08,1.0,0.2556923449999431,27.0,0.4344635641419565,0.1165899545996164,0.015436594606399012,0.015436594606399012,0.029726678396296884,0.00545221775026428,7.569994022575778e-06,0.004436245268467559,0.014722985381058921
three_point_1d,1,1000,82,RR-tiny,1000000000.0,3.0,3.0,0.01,1.7648446481999258e-08,1.0,0.0380475120000483,8.0,0.00010070129589279109,3.158100288250716e-05,1.9863364286720753e-09,1.9863364286720753e-09,3.832060307478899e-09,1.957564892277878e-06,9.8440759054266e-13,0.004412077359983904,5.3105136164149365e-06
three_point_1d,1,1000,82,BB,1.0,4.0,4.0,0.01,1.5941668651819896e-08,1.0,0.43442495399995096,50.0,5.641220049060886,0.9887359415236888,1.2697499579599025,1.2697499579599025,1.7356216247981477,0.04166079241682937,0.0006660209584813806,0.003694322148206996,0.06482736068630816
three_point_1d,1,1000,83,Ordinary,inf,3.0,3.0,0.01,9.840156467433303e-09,1.0,0.4217949089998001,41.0,0.0,0.0,0.0,0.0,0.0,0.0,0.0,0.001741311323292183,0.0
three_point_1d,1,1000,83,RR-balanced,72.40712672397635,3.0,3.0,0.01,2.8345037428323394e-10,1.0,0.28217900300023757,28.0,0.3513764233101093,0.11495572619900812,0.0494243368439129,0.0494243368439129,0.09107372055780955,0.009543255239058083,2.3525134062260383e-05,0.002078364611232271,0.02174447809432503
three_point_1d,1,1000,83,RR-tiny,1000000000.0,3.0,3.0,0.01,3.490177613585388e-08,1.0,0.04408820999992713,8.0,9.649126089084081e-05,3.183236884133272e-05,1.4538272807840258e-09,1.4538272807840258e-09,2.736978983684808e-09,1.6543817527054654e-06,6.88839379638137e-13,0.0017413225818261728,6.38259343564487e-06
three_point_1d,1,1000,83,BB,1.0,3.0,3.0,0.01,1.0609224609936518e-10,1.0,0.4103176210001038,35.0,5.718953326766944,0.9984707583954223,4.787979140227435,4.787979140227435,8.218335474910969,0.09065503557393251,0.002427821000129009,0.0008029846747692852,0.16580241710445687
three_point_1d,1,1000,84,Ordinary,inf,4.0,4.0,0.01,3.826987615695998e-10,1.0,0.5754741550001654,56.0,0.0,0.0,0.0,0.0,0.0,0.0,0.0,0.001968595004513288,0.0
three_point_1d,1,1000,84,RR-balanced,72.40712672397635,4.0,4.0,0.01,6.202907298913374e-09,1.0,0.4254541459997654,42.0,0.3495056144875759,0.11608287808141912,0.022353856829795404,0.022353856829795404,0.04288852088668045,0.006548932805173714,1.0931337108592373e-05,0.0020356714941104524,0.02105731687614535
three_point_1d,1,1000,84,RR-tiny,1000000000.0,4.0,4.0,0.01,3.872230758261708e-09,1.0,0.04211018099999819,11.0,0.00010515184637305275,3.184120027606911e-05,7.555172487627715e-09,7.555172487627715e-09,1.493194625761922e-08,3.864187658178523e-06,3.786141070636451e-12,0.001968571362640367,9.401196000070032e-06
three_point_1d,1,1000,84,BB,1.0,4.0,4.0,0.01,2.1744418265967624e-08,1.0,0.37180873499983136,76.0,4.5204711493169825,0.9864526320097154,3.1419398225398254,3.1419398225398254,6.410645003349085,0.08006650362885272,0.001541300266612837,0.003374564138155055,0.1712008329626007
three_point_1d,1,1000,85,Ordinary,inf,3.0,3.0,0.01,1.8575196936154725e-09,1.0,0.4886991239998224,43.0,0.0,0.0,0.0,0.0,0.0,0.0,0.0,0.0007655839882753256,0.0
three_point_1d,1,1000,85,RR-balanced,72.40712672397635,3.0,3.0,0.01,3.857929087303091e-09,1.0,0.3394951600000695,40.0,0.43473684486432806,0.11850430277390506,0.014223681052953907,0.014223681052953907,0.02442491694903294,0.004942157114968417,6.750969817486232e-06,0.0008155962174619771,0.013739480792336481
three_point_1d,1,1000,85,RR-tiny,1000000000.0,3.0,3.0,0.01,1.869317900471401e-08,1.0,0.041594646000021385,7.0,0.0001093690029335681,3.150859174851831e-05,1.013177097775042e-09,1.013177097775042e-09,1.9954057276900473e-09,1.4125883079262859e-06,5.003283032322917e-13,0.0007655703805554306,2.5098767107160273e-06
three_point_1d,1,1000,85,BB,1.0,3.0,3.0,0.01,1.568231566828615e-08,1.0,0.34597448499994243,31.0,5.157074758101062,0.977862356829979,4.580385883598865,4.580385883598865,8.969655724446893,0.09470826639975463,0.002237752333158052,0.002739635684183633,0.24545521683169091
three_point_1d,1,1000,86,Ordinary,inf,4.0,4.0,0.01,3.067338205653414e-08,1.0,0.33538418700004513,46.0,0.0,0.0,0.0,0.0,0.0,0.0,0.0,0.0006265357342933628,0.0
three_point_1d,1,1000,86,RR-balanced,72.40712672397635,4.0,4.0,0.01,5.033943484278325e-08,1.0,0.2890779639999437,38.0,0.45587679560030336,0.12004224555375176,0.047482183282681945,0.047482183282681945,0.0898033658643004,0.009476463784782825,2.1529166318482854e-05,0.0004846502998277336,0.013583198988621389
three_point_1d,1,1000,86,RR-tiny,1000000000.0,4.0,4.0,0.01,3.800693093580776e-11,1.0,0.040198251999754575,7.0,0.0001091494754705824,3.258107355775031e-05,6.0204001783858985e-09,6.0204001783858985e-09,1.1335136504052139e-08,3.366769446227665e-06,2.94999693108231e-12,0.0006265193773453501,3.834598343372727e-06
three_point_1d,1,1000,86,BB,1.0,4.0,4.0,0.01,6.665807572581173e-08,1.0,0.3188305829999081,45.0,7.656285803972494,0.9871876731616669,2.237876179502564,2.237876179502564,4.195983210329215,0.06477640936582713,0.0011170052026653146,0.0011621604915578287,0.10650752140872892
three_point_1d,1,1000,87,Ordinary,inf,4.0,4.0,0.01,1.0229541880235615e-08,1.0,0.5477564539999094,56.0,0.0,0.0,0.0,0.0,0.0,0.0,0.0,0.002348837601212018,0.0
three_point_1d,1,1000,87,RR-balanced,72.40712672397635,4.0,4.0,0.01,9.329756966991454e-10,1.0,0.27481997800009594,47.0,0.43687432122875314,0.11665350960833354,0.006358857616305613,0.006358857616305613,0.01108713715924146,0.003329735298674875,2.854874923713898e-06,0.002336156335003367,0.030546691320771705
three_point_1d,1,1000,87,RR-tiny,1000000000.0,4.0,4.0,0.01,1.5685496679296307e-08,1.0,0.03975424200007183,14.0,9.668209155266894e-05,3.224069822355936e-05,2.376054908381775e-09,2.376054908381775e-09,4.400411488152481e-09,2.0977157786870175e-06,1.0878558492650553e-12,0.0023487983999292677,1.1394218292673859e-05
three_point_1d,1,1000,87,BB,1.0,5.0,5.0,0.01,2.9638258514097515e-09,1.0,0.4144867709999289,87.0,6.012118980822675,0.9788767293169099,2.151589531371883,2.151589531371883,3.347394962016711,0.05785667603670912,0.0009193799993773993,0.004682460624936789,0.21073188006335342
three_point_1d,1,1000,88,Ordinary,inf,4.0,4.0,0.01,3.458812303236414e-08,1.0,0.4245689829999719,52.0,0.0,0.0,0.0,0.0,0.0,0.0,0.0,0.000980053469425327,0.0
three_point_1d,1,1000,88,RR-balanced,72.40712672397635,4.0,4.0,0.01,1.5517304108314534e-08,1.0,0.2669030929998826,39.0,0.40831254896620495,0.11488823191670594,0.03331111144598253,0.03331111144598253,0.06549455305897223,0.008092870507982457,1.475507704272079e-05,0.001100682062283215,0.018675073064003442
three_point_1d,1,1000,88,RR-tiny,1000000000.0,4.0,4.0,0.01,1.3573586699067164e-11,1.0,0.03968829399991591,7.0,0.0001119012137429376,3.285266488378302e-05,2.9808688850607723e-09,2.9808688850607723e-09,5.563517182719165e-09,2.3587109154619106e-06,1.0351176443401766e-12,0.0009800293308143393,6.203342013580861e-06
three_point_1d,1,1000,88,BB,1.0,4.0,4.0,0.01,1.2870189136648946e-08,1.0,0.3022826260000784,39.0,7.607621255853132,1.0256305624926692,6.838097319654025,6.838097319654025,13.254347593538412,0.11512752752291006,0.0034361219834819342,0.005531963653249791,0.21174936895924312
three_point_1d,1,1000,90,Ordinary,inf,3.0,3.0,0.01,1.8933277168287077e-10,1.0,0.4095968949998223,41.0,0.0,0.0,0.0,0.0,0.0,0.0,0.0,0.0016082142196041957,0.0
three_point_1d,1,1000,90,RR-balanced,72.40712672397635,3.0,3.0,0.01,2.767240636636359e-08,1.0,0.15712092600006144,21.0,0.441126057153745,0.11868431787585239,0.0029373264010246203,0.0029373264010246203,0.00515953448021057,0.0022714608691788134,1.2865998293513893e-06,0.001638924341651654,0.009082289026666298
three_point_1d,1,1000,90,RR-tiny,1000000000.0,3.0,3.0,0.01,1.0662228877578173e-09,1.0,0.03795580400014842,9.0,9.981780499690451e-05,3.1667591087551626e-05,1.070930011337623e-09,1.070930011337623e-09,1.863415800032189e-09,1.3650698883325313e-06,5.004263786408472e-13,0.0016081821277688462,4.140061783945115e-06
three_point_1d,1,1000,90,BB,1.0,3.0,3.0,0.01,4.577157541874044e-09,1.0,0.26113926000016363,41.0,7.17668677128338,1.0592359836083265,1.3680610659948798,1.3680610659948798,2.415409176117284,0.049146812471586435,0.000666131893457676,0.0009760891395522904,0.10948206855177624
three_point_1d,1,1000,89,Ordinary,inf,4.0,4.0,0.01,5.132185787459775e-10,1.0,0.3779770549999739,53.0,0.0,0.0,0.0,0.0,0.0,0.0,0.0,0.0020002547921154985,0.0
three_point_1d,1,1000,89,RR-balanced,72.40712672397635,4.0,4.0,0.01,3.448258789617853e-09,1.0,0.2853045550000388,30.0,0.43054281723566035,0.11340970997033271,0.02036213380688423,0.02036213380688423,0.030218646165633866,0.005497148912448513,9.345452615150315e-06,0.001873856433759877,0.02495373816210298
three_point_1d,1,1000,89,RR-tiny,1000000000.0,4.0,4.0,0.01,1.3494537487446223e-08,1.0,0.06522283699996478,10.0,0.00012376315388362702,3.2326627194800905e-05,2.2596395865548402e-09,2.2596395865548402e-09,3.782637217228201e-09,1.944900310357372e-06,1.1692339135455227e-12,0.002000278850726911,6.571359580631905e-06
three_point_1d,1,1000,89,BB,1.0,4.0,4.0,0.01,1.116625103492197e-08,1.0,0.41699666600015917,49.0,5.948521591655531,0.9632851530720297,1.5044595866470445,1.5044595866470445,2.1097308272143627,0.04593180626988626,0.0005257767931486435,0.0024161657058303122,0.30555680638566307
three_point_1d,1,1000,91,Ordinary,inf,4.0,4.0,0.01,3.7793985718792555e-09,1.0,0.39274707400022635,54.0,0.0,0.0,0.0,0.0,0.0,0.0,0.0,0.001647715176594261,0.0
three_point_1d,1,1000,91,RR-balanced,72.40712672397635,4.0,4.0,0.01,1.2625857692682985e-08,1.0,0.26180157700014206,39.0,0.43940391209433804,0.11713622232714413,0.05263213379021181,0.05263213379021181,0.09138056561926847,0.009559318261218657,2.455020060980699e-05,0.0017235902221217942,0.03209232222378901
three_point_1d,1,1000,91,RR-tiny,1000000000.0,4.0,4.0,0.01,3.2349554146549053e-09,1.0,0.0930035249998582,9.0,0.00010078918903955181,3.1205275566822084e-05,3.2141542760655284e-09,3.2141542760655284e-09,6.171270167335972e-09,2.4842041315753367e-06,1.3652073071381412e-12,0.0016477564208302112,7.205514486985639e-06
three_point_1d,1,1000,91,BB,1.0,4.0,4.0,0.01,2.7063329355314636e-09,1.0,0.25290089000009175,31.0,8.020334320443975,0.9997607462792969,1.2332168791672302,1.2332168791672302,2.1002945326830638,0.04582897045192117,0.0005198342511211324,0.0013837654707317879,0.07246885038206666
three_point_1d,1,1000,92,Ordinary,inf,4.0,4.0,0.01,3.5884963889287746e-09,1.0,0.3280456579998372,51.0,0.0,0.0,0.0,0.0,0.0,0.0,0.0,0.001581391088792668,0.0
three_point_1d,1,1000,92,RR-balanced,72.40712672397635,5.0,5.0,0.01,3.5681868570947017e-09,1.0,0.3256788679998408,58.0,0.4253088624847825,0.11906711440721934,0.03719189377852672,0.03719189377852672,0.07231603771252405,0.008503883684089527,1.8084897640035163e-05,0.0016399156766448977,0.026195656715632547
three_point_1d,1,1000,92,RR-tiny,1000000000.0,4.0,4.0,0.01,1.525649673261853e-08,1.0,0.05658918199992513,8.0,0.00010991366533041891,3.223258060188981e-05,5.711626727133989e-10,5.711626727133989e-10,1.158616575870704e-09,1.0763905312992604e-06,3.00247718493948e-13,0.0015813687149461883,3.953750522434216e-06
three_point_1d,1,1000,92,BB,1.0,3.0,3.0,0.01,1.1760430629337293e-08,1.0,0.36181067300003633,32.0,5.571482927037908,1.0052330853842837,3.5358190772217313,3.5358190772217313,7.158858811288384,0.08461003966012771,0.0017460546387556863,0.003282531561294803,0.15067334784977135
three_point_1d,1,1000,93,Ordinary,inf,4.0,4.0,0.01,2.6750146542298125e-09,1.0,0.38971503599987045,51.0,0.0,0.0,0.0,0.0,0.0,0.0,0.0,0.0025433378961632054,0.0
three_point_1d,1,1000,93,RR-balanced,72.40712672397635,4.0,4.0,0.01,6.597048551881812e-08,1.0,0.18204301499986286,39.0,0.4624465330038783,0.11939811641494105,0.011378094438896369,0.011378094438896369,0.020105524480952354,0.0044839184293374865,4.753001000964382e-06,0.002483309246558429,0.01268751219829716
three_point_1d,1,1000,93,RR-tiny,1000000000.0,4.0,4.0,0.01,9.573451809075095e-09,1.0,0.03667826900004911,8.0,0.00011799567613612894,3.133590055465858e-05,2.0627339836210012e-09,2.0627339836210012e-09,3.938382424079564e-09,1.984535820810389e-06,9.554344161046177e-13,0.0025433262636997966,3.945534409099858e-06
three_point_1d,1,1000,93,BB,1.0,3.0,3.0,0.01,3.652189661806915e-11,1.0,0.27165911600013715,32.0,6.045470254583377,1.0013380465298727,0.8720577264803069,0.8720577264803069,1.394659722816408,0.03734514322929299,0.0003587843669307823,0.00277731558629234,0.1772950389012153
three_point_1d,1,1000,94,Ordinary,inf,4.0,4.0,0.01,2.5462039143775428e-09,1.0,0.4770637629999328,50.0,0.0,0.0,0.0,0.0,0.0,0.0,0.0,0.0018730953509547015,0.0
three_point_1d,1,1000,94,RR-balanced,72.40712672397635,4.0,4.0,0.01,5.8376058875708736e-08,1.0,0.23857334800004537,38.0,0.3616282901286172,0.11307909390990263,0.08105850186893804,0.08105850186893804,0.1556517210650304,0.012476045890626982,3.856271439167147e-05,0.001979399616147225,0.03227652438689959
three_point_1d,1,1000,94,RR-tiny,1000000000.0,4.0,4.0,0.01,4.307081802323864e-09,1.0,0.039217494000013176,7.0,9.710498839310411e-05,3.153088888953784e-05,3.536115400493145e-09,3.536115400493145e-09,6.805875141267984e-09,2.6088072257773253e-06,1.7035397637478796e-12,0.0018730854515533095,5.692509779914363e-06
three_point_1d,1,1000,94,BB,1.0,4.0,4.0,0.01,9.601644590517822e-09,1.0,0.33285461599984956,47.0,9.258962144236474,1.0275015987724097,1.5329765711076107,1.5329765711076107,2.9760193707017315,0.054552904328749825,0.0007539258625325068,0.0017640885403941262,0.10512285681055203
three_point_1d,1,1000,95,Ordinary,inf,3.0,3.0,0.01,1.5049971047176314e-07,1.0,0.3687813040000947,58.0,0.0,0.0,0.0,0.0,0.0,0.0,0.0,0.0006142774244766824,0.0
three_point_1d,1,1000,95,RR-balanced,72.40712672397635,4.0,5.0,0.01,1.089136203447083e-08,1.0,0.2314079949999268,112.0,0.442014107311014,0.11701803270733636,0.011888016437751503,0.011888016437751503,0.02105324362002894,0.004588381372557096,5.46389959150427e-06,0.0006756347745944635,0.03524911071969502
three_point_1d,1,1000,95,RR-tiny,1000000000.0,3.0,3.0,0.01,1.8003882207295874e-07,1.0,0.03611798500014629,8.0,0.0001193394902602174,3.133427098053663e-05,3.4183358366135508e-09,3.4183358366135508e-09,6.832588105443989e-09,2.613921977688697e-06,1.7058490024079434e-12,0.0006143008780256398,4.196029817387381e-06
three_point_1d,1,1000,95,BB,1.0,3.0,3.0,0.01,2.0344758544510455e-08,1.0,0.33408727400001226,36.0,6.894397229216669,1.0388848260456474,3.2700204648031104,3.2700204648031104,6.215611271977332,0.07883914809266607,0.001645209598991703,0.0016556738352123852,0.12791300199627761
three_point_1d,1,1000,96,Ordinary,inf,4.0,4.0,0.01,7.068539087384806e-09,1.0,0.46469897699989815,66.0,0.0,0.0,0.0,0.0,0.0,0.0,0.0,0.00040011572414157693,0.0
three_point_1d,1,1000,96,RR-balanced,72.40712672397635,4.0,4.0,0.01,2.5805997339034548e-09,1.0,0.25923249800030135,50.0,0.3653625524727181,0.11342939451011143,0.051538441628508735,0.051538441628508735,0.09575520178434414,0.009785458690544053,2.4013542260180682e-05,0.0005149061522892907,0.06836811775685477
three_point_1d,1,1000,96,RR-tiny,1000000000.0,4.0,4.0,0.01,1.5591032909156866e-09,1.0,0.04104147199996078,15.0,9.762759234854812e-05,3.173688721328156e-05,1.602984411874786e-09,1.602984411874786e-09,3.118728193243965e-09,1.765992127174967e-06,7.777362517090128e-13,0.0004001192325599123,9.375060440673848e-06
three_point_1d,1,1000,96,BB,1.0,4.0,4.0,0.01,4.7518093904130865e-09,1.0,0.43813070800001697,53.0,4.8146976135846185,0.98076866247322,3.818751927174162,3.818751927174162,6.837945533216354,0.08269187102258815,0.001872124935469853,0.0023923965582074167,0.2815105516037553
three_point_1d,1,1000,97,Ordinary,inf,6.0,6.0,0.01,2.7926438939118725e-08,1.0,0.4550101419999919,365.0,0.0,0.0,0.0,0.0,0.0,0.0,0.0,0.0016048022448929373,0.0
three_point_1d,1,1000,97,RR-balanced,72.40712672397635,5.0,5.0,0.01,2.5952296978104528e-08,1.0,0.30955201500023577,141.0,0.3949273061383196,0.11526578137701472,0.03246453678320904,0.03246453678320904,0.06346453268080283,0.007966462996889074,1.6042518798416275e-05,0.0017647239363261366,0.07871599094396654
three_point_1d,1,1000,97,RR-tiny,1000000000.0,6.0,6.0,0.01,6.25640805829164e-09,1.0,0.04235932800020237,20.0,0.00011501096665300636,3.2144716567894745e-05,2.9526745493058115e-09,2.9526745493058115e-09,5.660116954364962e-09,2.3791000303402465e-06,1.4459080968122601e-12,0.0016047862073155835,2.5218592754952677e-05
three_point_1d,1,1000,97,BB,1.0,4.0,4.0,0.01,4.318264412717099e-09,1.0,0.2735911969998597,36.0,6.234020199305457,1.034812881167208,2.5367169221822223,2.5367169221822223,5.141878774451513,0.07170689488781057,0.0012547553459268386,0.0009343575363528497,0.30583635625746514
three_point_1d,1,1000,98,Ordinary,inf,4.0,4.0,0.01,1.2126648574195542e-09,1.0,0.4222368819998792,93.0,0.0,0.0,0.0,0.0,0.0,0.0,0.0,0.001331508185018308,0.0
three_point_1d,1,1000,98,RR-balanced,72.40712672397635,4.0,4.0,0.01,1.2229544044117802e-08,1.0,0.32452669400004197,83.0,0.39732880728780606,0.11403553939860592,0.019817124385099305,0.019817124385099305,0.03583535198025691,0.0059862636076485065,9.195567261423816e-06,0.0013376961833357973,0.10777530188167574
three_point_1d,1,1000,98,RR-tiny,1000000000.0,4.0,4.0,0.01,6.970826582630707e-09,1.0,0.04135663800002476,5.0,0.00010428467860268409,3.033013958181494e-05,1.337411958957091e-09,1.337411958957091e-09,2.630619618474592e-09,1.6219184993317612e-06,6.564989787646649e-13,0.001331527851266296,3.970198051459686e-06
three_point_1d,1,1000,98,BB,1.0,5.0,5.0,0.01,4.57537785436557e-10,1.0,0.3927983410001161,150.0,5.8507759775898265,0.9794311651343196,5.005313938732343,5.005313938732343,9.324622260290798,0.0965640836972567,0.0025244446610941957,0.0028679011010993667,0.3107065405498779
three_point_1d,1,1000,99,Ordinary,inf,3.0,3.0,0.01,1.0999583910376032e-08,1.0,0.34859762199994293,44.0,0.0,0.0,0.0,0.0,0.0,0.0,0.0,0.0010227277884537803,0.0
three_point_1d,1,1000,99,RR-balanced,72.40712672397635,4.0,4.0,0.01,1.7787105122124558e-11,1.0,0.28764491700007966,141.0,0.5672824029581258,0.12088907448510208,0.03212406848933824,0.03212406848933824,0.05295876004703181,0.007277276966491781,1.3271766042164242e-05,0.0011231262961685926,0.05688633819662836
three_point_1d,1,1000,99,RR-tiny,1000000000.0,3.0,3.0,0.01,3.8271291025182563e-08,1.0,0.037318265000067186,8.0,0.0001032895674888401,3.058110485878875e-05,3.573404683265835e-09,3.573404683265835e-09,7.192720279003308e-09,2.681924734030265e-06,1.787892293056342e-12,0.0010227414650872376,8.970215409423833e-06
three_point_1d,1,1000,99,BB,1.0,3.0,3.0,0.01,1.4483564569900409e-08,1.0,0.33247347400015315,36.0,6.196846367010597,0.9731781462480115,6.856519938749443,6.856519938749443,13.873966339893393,0.11778780216938167,0.00341974631738628,0.006161170697140058,0.2856937726331509
three_point_1d,1,2000,0,Ordinary,inf,3.0,3.0,0.01,5.429099392273429e-10,1.0,0.8705096810001578,41.0,0.0,0.0,0.0,0.0,0.0,0.0,0.0,0.00038072024164915693,0.0
three_point_1d,1,2000,0,RR-balanced,86.2579949880003,3.0,3.0,0.01,6.039777566968496e-10,1.0,0.35994862100005776,21.0,0.3673831302290056,0.10735298343274284,0.014317270955871209,0.014317270955871209,0.027133390973881698,0.0036832995380420594,3.4357365508401235e-06,0.0003441621501524292,0.011104516861163987
three_point_1d,1,2000,0,RR-tiny,8000000000.0,3.0,3.0,0.01,3.891536870526124e-09,1.0,0.07392940199997611,4.0,3.858354195196423e-05,1.1199448579560145e-05,2.610249794088304e-10,2.610249794088304e-10,5.04689237384216e-10,5.02339147083032e-07,6.499758255557196e-14,0.0003807114449647756,9.295177909677769e-07
three_point_1d,1,2000,0,BB,1.0,3.0,3.0,0.01,9.823253321883385e-13,1.0,0.6386203399999886,33.0,6.418727105466817,1.0126893478766212,3.2971241417662895,3.2971241417662895,5.982483758187323,0.054692246974261914,0.0007556722525123383,0.0010754310475967264,0.16274916148480395
three_point_1d,1,2000,1,Ordinary,inf,4.0,4.0,0.01,4.523276420087541e-09,1.0,0.9064882380000654,68.0,0.0,0.0,0.0,0.0,0.0,0.0,0.0,0.0005399696686219756,0.0
three_point_1d,1,2000,1,RR-balanced,86.2579949880003,4.0,4.0,0.01,8.928766392912735e-09,1.0,0.5328706069999498,80.0,0.34851036856743,0.10695607323828793,0.07625421719876613,0.07625421719876613,0.14113338681217563,0.008400398407580905,1.9017060385818027e-05,0.0005916651971119736,0.047547527015340235
three_point_1d,1,2000,1,RR-tiny,8000000000.0,4.0,4.0,0.01,1.4249672997124208e-08,1.0,0.07607039699996676,7.0,4.319438668765052e-05,1.1131117590434318e-05,5.793481250293553e-10,5.793481250293553e-10,1.127654148345336e-09,7.508841949146805e-07,1.4226460163923304e-13,0.0005399698181134626,2.1118833383118614e-06
three_point_1d,1,2000,1,BB,1.0,5.0,5.0,0.01,4.3431924723336124e-13,1.0,0.7255512869999166,86.0,8.611311292013543,0.9931938106528347,2.9794140385138235,2.9794140385138235,5.76765010421814,0.05370125745370465,0.0007345124713419095,0.001618915604544709,0.2327062946736494
three_point_1d,1,2000,2,Ordinary,inf,4.0,4.0,0.01,7.377591870749711e-09,1.0,0.975878031000093,56.0,0.0,0.0,0.0,0.0,0.0,0.0,0.0,0.0006170015254566429,0.0
three_point_1d,1,2000,2,RR-balanced,86.2579949880003,4.0,4.0,0.01,1.395558335559599e-09,1.0,0.5007008590000623,42.0,0.42522789697346375,0.10881745072064875,0.015010238832473988,0.015010238832473988,0.02899070758993892,0.003807276427443831,3.6501137390152974e-06,0.0006667564518462504,0.02229410643393355
three_point_1d,1,2000,2,RR-tiny,8000000000.0,4.0,4.0,0.01,1.1061840332615702e-10,1.0,0.07490826499997638,3.0,3.811494355487888e-05,1.0962005788110418e-05,6.730260793119669e-11,6.730260793119669e-11,1.3825389412555325e-10,2.6292003929479516e-07,1.7405891402629087e-14,0.0006169989280875085,5.448478478608781e-07
three_point_1d,1,2000,2,BB,1.0,4.0,4.0,0.01,4.1048893173467604e-09,1.0,0.6976456709999184,47.0,8.348446632521547,1.0197330543910554,2.5496168578647485,2.5496168578647485,4.936526589224941,0.04968161928331715,0.0006482410315827712,0.002064089357270523,0.11585569625629989
three_point_1d,1,2000,3,Ordinary,inf,4.0,4.0,0.01,4.074984127910852e-09,1.0,0.841840546000185,79.0,0.0,0.0,0.0,0.0,0.0,0.0,0.0,0.0004333331620885364,0.0
three_point_1d,1,2000,3,RR-balanced,86.2579949880003,4.0,4.0,0.01,5.502890587649745e-09,1.0,0.5513980959999571,66.0,0.4729403393239957,0.10766629081911017,0.05556286672617716,0.05556286672617716,0.1072825345274388,0.007324019884170127,1.3727100403248357e-05,0.0003701161414455916,0.03761836322179533
three_point_1d,1,2000,3,RR-tiny,8000000000.0,4.0,4.0,0.01,2.149569411358243e-10,1.0,0.08526540800016846,11.0,4.6331002057420356e-05,1.0871313859683733e-05,2.2464519133791327e-10,2.2464519133791327e-10,3.971391527930192e-10,4.4561146349315295e-07,5.3517882169536733e-14,0.0004333367816612843,4.256975722767734e-06
three_point_1d,1,2000,3,BB,1.0,4.0,4.0,0.01,5.705504957376206e-10,1.0,0.8520632349998323,76.0,6.820818982605239,1.0264921422744508,2.385142037460355,2.385142037460355,4.54181646128947,0.047654047368977326,0.0005629551817019288,0.00042788841999753194,0.293563943007421
three_point_1d,1,2000,4,Ordinary,inf,4.0,4.0,0.01,8.490026459639921e-10,1.0,0.8300755740001478,85.0,0.0,0.0,0.0,0.0,0.0,0.0,0.0,0.000298026834732528,0.0
three_point_1d,1,2000,4,RR-balanced,86.2579949880003,4.0,4.0,0.01,1.0466426614286206e-08,1.0,0.547094831999857,68.0,0.40579762013021603,0.11042701856470322,0.029099712450260995,0.029099712450260995,0.049330373040499406,0.0049664057949637685,7.23332109083284e-06,0.0002933899852035159,0.03913029200358944
three_point_1d,1,2000,4,RR-tiny,8000000000.0,4.0,4.0,0.01,1.3772815110613124e-08,1.0,0.07802357900027346,5.0,4.0629470229092135e-05,1.1080906550444275e-05,3.7471181713044643e-10,3.7471181713044643e-10,7.393095011539669e-10,6.079923935190172e-07,9.298931285351911e-14,0.00029801846783541,1.3813409463554319e-06
three_point_1d,1,2000,4,BB,1.0,4.0,4.0,0.01,6.1911054061170034e-09,1.0,0.7115109879998727,52.0,5.893814065461881,0.977686140049656,1.5521120041112226,1.5521120041112226,2.841151091689132,0.0376905232896091,0.00037673701313715926,0.0010952615822401438,0.23146323331166221
three_point_1d,1,2000,5,Ordinary,inf,3.0,3.0,0.01,5.034004990633889e-09,1.0,0.8196451109997724,44.0,0.0,0.0,0.0,0.0,0.0,0.0,0.0,0.0008900061244786347,0.0
three_point_1d,1,2000,5,RR-balanced,86.2579949880003,3.0,3.0,0.01,3.7103642380742485e-09,1.0,0.4682612629999312,27.0,0.44685403130803536,0.10573040414820324,0.04311499630603066,0.04311499630603066,0.08526417989993261,0.00652932538245463,1.0749943095178102e-05,0.000899938901584643,0.010790075409896904
three_point_1d,1,2000,5,RR-tiny,8000000000.0,3.0,3.0,0.01,6.59635457367358e-10,1.0,0.08526646800009985,7.0,3.684183125107765e-05,1.0819559520425113e-05,9.304130799137056e-10,9.304130799137056e-10,1.8531457386768458e-09,9.62586551608957e-07,2.336830879266114e-13,0.0008900119863832508,1.4473750433765475e-06
three_point_1d,1,2000,5,BB,1.0,5.0,6.0,0.01,4.734446168441764e-10,1.0,0.6828269610000461,326.0,6.576549232771528,1.005579329163851,3.82949439688673,3.82949439688673,7.0966092096383,0.059567647299680636,0.0008734023180062998,0.001447337900796574,0.14076670592477053
three_point_1d,1,2000,6,Ordinary,inf,3.0,3.0,0.01,2.527014153486107e-10,1.0,0.7524010709998947,38.0,0.0,0.0,0.0,0.0,0.0,0.0,0.0,0.0001701130910280732,0.0
three_point_1d,1,2000,6,RR-balanced,86.2579949880003,3.0,3.0,0.01,1.0659251259426128e-11,1.0,0.47695126400003574,28.0,0.4636531055958364,0.10323789286080283,0.035088054233710864,0.035088054233710864,0.06752738027949451,0.00581065315947762,8.734010979312484e-06,0.00015444711292738488,0.020421362741555406
three_point_1d,1,2000,6,RR-tiny,8000000000.0,3.0,3.0,0.01,4.533491582137117e-09,1.0,0.07312614300008136,3.0,4.20073736868698e-05,1.1482167047068484e-05,3.1650415621697903e-10,3.1650415621697903e-10,6.314804488263528e-10,5.619076653803331e-07,7.885105589350325e-14,0.00017011700597123093,1.1647849064242127e-06
three_point_1d,1,2000,6,BB,1.0,4.0,4.0,0.01,2.978198576641944e-09,1.0,0.8278986150000947,63.0,6.5202001474091755,0.9928921197540601,4.679720594387618,4.679720594387618,8.493267138325422,0.06516619959121991,0.001079931468070062,0.0013338536588079972,0.1913414279393824
three_point_1d,1,2000,7,Ordinary,inf,4.0,4.0,0.01,3.0733544154060155e-08,1.0,0.7718790109997826,61.0,0.0,0.0,0.0,0.0,0.0,0.0,0.0,0.0005310073799993566,0.0
three_point_1d,1,2000,7,RR-balanced,86.2579949880003,4.0,4.0,0.01,1.523330905861542e-08,1.0,0.5790506289999939,61.0,0.4041169631139676,0.10798222339513745,0.041670446893476765,0.041670446893476765,0.0743996829593726,0.006099167277562266,9.90839251047088e-06,0.000558006685276546,0.05820258017973077
three_point_1d,1,2000,7,RR-tiny,8000000000.0,4.0,4.0,0.01,2.6044407519520973e-08,1.0,0.07701473900010569,10.0,3.7734867383676374e-05,1.0940397424503773e-05,0.0,-2.3931352188810706e-07,1.7210687431703594e-08,2.9334866142274786e-06,2.210671581456906e-12,0.0005309943018917868,3.3327850110719715e-05
three_point_1d,1,2000,7,BB,1.0,3.0,3.0,0.01,4.745584147869408e-09,1.0,0.6873083300001781,38.0,7.911914713349608,1.0006155438957147,2.008290810550534,2.008290810550534,3.896494438839932,0.04413895353788948,0.0005077295419700399,0.00171154798159811,0.07932262675337828
three_point_1d,1,2000,8,Ordinary,inf,5.0,5.0,0.01,9.045469795410099e-08,1.0,0.9682881559999714,89.0,0.0,0.0,0.0,0.0,0.0,0.0,0.0,0.0006973540426590047,0.0
three_point_1d,1,2000,8,RR-balanced,86.2579949880003,5.0,5.0,0.01,3.311119423088371e-08,1.0,0.5706272849997731,79.0,0.4238448496706029,0.10742041299864487,0.01847086730049341,0.01847086730049341,0.03266197724279237,0.004041161791044277,4.105604908424951e-06,0.000704566709696555,0.03174500119875591
three_point_1d,1,2000,8,RR-tiny,8000000000.0,5.0,5.0,0.01,3.7038114131249245e-08,1.0,0.09916498600000523,2.0,4.125633950269325e-05,1.1392128818296305e-05,2.9103830456733704e-11,2.9103830456733704e-11,6.872101401902854e-11,1.8536587336808863e-07,8.5878224345486e-15,0.000697351899443381,3.1162768426535235e-07
three_point_1d,1,2000,8,BB,1.0,4.0,4.0,0.01,1.1783322095837434e-08,1.0,0.8682494419999784,52.0,6.232153747490568,1.0076762816021678,1.6649669179923876,1.6649669179923876,3.312596033435867,0.0406976414146807,0.00040980250223813803,0.0009558813639676412,0.12825433386200405
three_point_1d,1,2000,10,Ordinary,inf,3.0,3.0,0.01,7.0889960568365495e-12,1.0,0.732226521000257,42.0,0.0,0.0,0.0,0.0,0.0,0.0,0.0,0.001284793442540555,0.0
three_point_1d,1,2000,10,RR-balanced,86.2579949880003,3.0,3.0,0.01,8.259546824262998e-09,1.0,0.536133166999889,59.0,0.4697230093449518,0.10768113763333119,0.012038583440698858,0.012038583440698858,0.023932377229607255,0.003459217919530891,3.0023657192768054e-06,0.0012834613562487513,0.011433979937010029
three_point_1d,1,2000,10,RR-tiny,8000000000.0,3.0,3.0,0.01,1.1561555490757769e-08,1.0,0.07632345699994403,7.0,3.876865439567112e-05,1.1487296037947193e-05,3.128661774098873e-10,3.128661774098873e-10,6.208245810435676e-10,5.571465610786661e-07,7.847340420974237e-14,0.0012847988295352332,1.2429978354259778e-06
three_point_1d,1,2000,10,BB,1.0,3.0,3.0,0.01,5.494539712103119e-09,1.0,0.6695968219999031,30.0,6.142119991261141,0.9826939991582797,3.299714079073965,3.299714079073965,6.710313798290771,0.05792371620627759,0.0008184001830471113,0.0020039718085045075,0.11992765319791124
three_point_1d,1,2000,9,Ordinary,inf,4.0,4.0,0.01,5.121995938495161e-09,1.0,1.1060021159998996,94.0,0.0,0.0,0.0,0.0,0.0,0.0,0.0,0.000865079689571437,0.0
three_point_1d,1,2000,9,RR-balanced,86.2579949880003,4.0,4.0,0.01,3.0547513407697124e-09,1.0,0.5377005220000228,100.0,0.3682062366407268,0.10777193611769675,0.04842927750269155,0.04842927750269155,0.09530344636499687,0.006903022756915874,1.2092971825829292e-05,0.0009628062799311917,0.016816569415034042
three_point_1d,1,2000,9,RR-tiny,8000000000.0,4.0,4.0,0.01,2.2181498859907833e-08,1.0,0.08080149300008088,6.0,5.070815800523043e-05,1.115207139767838e-05,2.9467628337442875e-10,2.9467628337442875e-10,5.437537304431506e-10,5.214181289728765e-07,6.818269393720949e-14,0.0008650905426821131,1.1049095467344675e-06
three_point_1d,1,2000,9,BB,1.0,4.0,4.0,0.01,2.3106205393474966e-08,1.0,0.9043530799999644,66.0,6.154789047314434,0.9788274292654985,3.2452471395172324,3.2452471395172324,6.40501432865401,0.05659069856722927,0.0007900778956583475,0.0016704148951174624,0.23206937689445442
three_point_1d,1,2000,11,Ordinary,inf,4.0,4.0,0.01,8.807724771742187e-09,1.0,0.7722298300000148,70.0,0.0,0.0,0.0,0.0,0.0,0.0,0.0,0.0012563586612319429,0.0
three_point_1d,1,2000,11,RR-balanced,86.2579949880003,4.0,4.0,0.01,4.853795587678178e-09,1.0,0.445418084000039,43.0,0.39481678376622575,0.1089245912273752,0.022997412304903264,0.022997412304903264,0.044753709815589224,0.004730418047889067,5.770599473965507e-06,0.0012225454926501301,0.012218516471863491
three_point_1d,1,2000,11,RR-tiny,8000000000.0,4.0,4.0,0.01,1.3603184134680646e-08,1.0,0.10418891800009078,11.0,3.726582293972491e-05,1.1342553337393637e-05,7.312337402254343e-10,7.312337402254343e-10,1.3305375184336652e-09,8.156400917174392e-07,1.9283713996881692e-13,0.0012563609897854886,3.184641963520058e-06
three_point_1d,1,2000,11,BB,1.0,3.0,3.0,0.01,1.099887736444316e-09,1.0,0.7364527540000836,36.0,6.864232291520226,1.0463631383679308,1.3684082542613396,1.3684082542613396,2.587192878075941,0.03596660171656436,0.0003369595367934268,0.002145610915747431,0.12318229813205941
three_point_1d,1,2000,14,Ordinary,inf,4.0,4.0,0.01,5.5483910799125624e-09,1.0,0.7033241170001929,47.0,0.0,0.0,0.0,0.0,0.0,0.0,0.0,0.0004713229062440643,0.0
three_point_1d,1,2000,14,RR-balanced,86.2579949880003,4.0,4.0,0.01,3.8733238838517536e-10,1.0,0.2680428710000342,31.0,0.40619553175324685,0.10757903737252737,0.013188633036406827,0.013188633036406827,0.025983068038114534,0.003604377063940074,3.2751402854243784e-06,0.0004922388912920525,0.007209231866704459
three_point_1d,1,2000,14,RR-tiny,8000000000.0,4.0,4.0,0.01,4.5324917152811395e-09,1.0,0.07762390600009894,5.0,4.1716285579807e-05,1.1333049549618157e-05,2.510205376893282e-10,2.510205376893282e-10,4.670194255785723e-10,4.83228427132848e-07,5.847775746950742e-14,0.00047132693423983284,1.3683157877117953e-06
three_point_1d,1,2000,14,BB,1.0,3.0,3.0,0.01,5.580456097220576e-10,1.0,0.6907980900000439,32.0,6.201898591717717,0.9890069208905752,0.8438266807252148,0.8438266807252148,1.686285405846867,0.02903691965280466,0.00014512868965713209,0.00016572617976395323,0.05306747265367022
three_point_1d,1,2000,13,Ordinary,inf,4.0,4.0,0.01,1.2061950993569326e-08,1.0,0.7413626449999811,65.0,0.0,0.0,0.0,0.0,0.0,0.0,0.0,0.0008146751867586504,0.0
three_point_1d,1,2000,13,RR-balanced,86.2579949880003,4.0,4.0,0.01,2.025380574366409e-08,1.0,0.40725230600014584,45.0,0.4192282794177844,0.1102763570597966,0.045324649654503446,0.045324649654503446,0.08929696450076165,0.006681951979053787,1.146189183149642e-05,0.0009247872748836348,0.014577592754881427
three_point_1d,1,2000,13,RR-tiny,8000000000.0,4.0,4.0,0.01,2.8700042342677534e-10,1.0,0.07375364800009265,5.0,4.1165099893714086e-05,1.123084927964461e-05,3.4924596548080444e-10,3.4924596548080444e-10,7.051513472653055e-10,5.937808296271047e-07,9.020684928715439e-14,0.0008146742525509242,1.2412706444595947e-06
three_point_1d,1,2000,13,BB,1.0,4.0,4.0,0.01,5.236153288734613e-09,1.0,0.7063918590001776,54.0,6.998641837944282,0.9993640676631359,1.598850472304548,1.598850472304548,2.9866908118388715,0.03864382752677892,0.0003775500591816309,0.001656836708508479,0.17010158998219133
three_point_1d,1,2000,12,Ordinary,inf,4.0,4.0,0.01,2.0340602313595468e-08,1.0,0.839275311999927,78.0,0.0,0.0,0.0,0.0,0.0,0.0,0.0,0.0007207439808874512,0.0
three_point_1d,1,2000,12,RR-balanced,86.2579949880003,4.0,4.0,0.01,1.4339573972677044e-09,1.0,0.5948453640000935,48.0,0.45158640535115957,0.11152895003361202,0.036628103541261225,0.036628103541261225,0.06694669380887709,0.005785615516471739,8.222884177637e-06,0.0008211142628716025,0.04612893309605581
three_point_1d,1,2000,12,RR-tiny,8000000000.0,4.0,4.0,0.01,3.587049546283083e-08,1.0,0.08085426299999199,6.0,3.717385793666761e-05,1.1194820305131532e-05,4.674802767112851e-10,4.674802767112851e-10,9.365772472927535e-10,6.843161722817727e-07,1.1963836706384018e-13,0.0007207490910502887,1.9661199435901233e-06
three_point_1d,1,2000,12,BB,1.0,4.0,4.0,0.01,4.998590430460581e-09,1.0,0.7802540850000241,73.0,5.95936347097773,0.9977411332302907,4.828122502305632,4.828122502305632,9.729014964099886,0.06974602126322292,0.0011718564510557398,0.0029990415377478077,0.18337670486473043
three_point_1d,1,2000,15,Ordinary,inf,4.0,4.0,0.01,8.281157759526536e-09,1.0,0.8150284399998782,96.0,0.0,0.0,0.0,0.0,0.0,0.0,0.0,0.0005336615341967045,0.0
three_point_1d,1,2000,15,RR-balanced,86.2579949880003,4.0,4.0,0.01,8.75579608816679e-11,1.0,0.5107170280000446,88.0,0.3859631740258471,0.11013683518808985,0.026820149396371562,0.026820149396371562,0.047960766219513874,0.004896976935799977,6.054474928402346e-06,0.0005184862754281734,0.03160349380362865
three_point_1d,1,2000,15,RR-tiny,8000000000.0,4.0,4.0,0.01,4.384048679639818e-12,1.0,0.0816381839999849,3.0,4.155602332012176e-05,1.1090893703705908e-05,1.7462298274040222e-10,1.7462298274040222e-10,3.478943314585366e-10,4.170697372493817e-07,4.344872910905448e-14,0.0005336555318096384,9.87780193118179e-07
three_point_1d,1,2000,15,BB,1.0,4.0,4.0,0.01,4.7361026211945045e-09,1.0,0.8287273959999766,59.0,6.738613834805708,0.979170886098898,3.2671956185431554,3.2671956185431554,6.367145499512738,0.05642315792080738,0.0007998978903923024,0.001070724974873287,0.28033981672856756
three_point_1d,1,2000,16,Ordinary,inf,5.0,5.0,0.01,3.889365740583628e-08,1.0,0.8423143040001833,79.0,0.0,0.0,0.0,0.0,0.0,0.0,0.0,0.0009052826940722325,0.0
three_point_1d,1,2000,16,RR-balanced,86.2579949880003,5.0,5.0,0.01,1.2998033982469792e-08,1.0,0.4734238319999804,66.0,0.40421616906698943,0.10783176589287805,0.0223302289887215,0.0223302289887215,0.04363054041224457,0.004670681985119762,5.649824071664885e-06,0.0007985618866379544,0.015512259927365955
three_point_1d,1,2000,16,RR-tiny,8000000000.0,5.0,5.0,0.01,1.3938395104773349e-08,1.0,0.07961691899981815,5.0,3.8904310585841095e-05,1.1070158240784807e-05,3.219611244276166e-10,3.219611244276166e-10,6.624073997120813e-10,5.755029972606925e-07,9.143862720173129e-14,0.0009052904947650057,1.087363127431494e-06
three_point_1d,1,2000,16,BB,1.0,4.0,4.0,0.01,8.582413002500289e-09,1.0,0.8853530020001017,58.0,8.480207180548314,0.9877327195235907,1.881802946660173,1.881802946660173,3.4828171778953214,0.041730187981216436,0.0004741917337626238,0.0018350337407424596,0.15953414503578922
three_point_1d,1,2000,17,Ordinary,inf,4.0,4.0,0.01,1.218136258529512e-09,1.0,0.9161227820002296,73.0,0.0,0.0,0.0,0.0,0.0,0.0,0.0,0.001708549785167191,0.0
three_point_1d,1,2000,17,RR-balanced,86.2579949880003,4.0,4.0,0.01,1.395896420675058e-08,1.0,0.5533655220001492,49.0,0.43153921063589373,0.10568138976948349,0.020136820753577922,0.020136820753577922,0.03885245134882461,0.004407519219970834,5.090742724334931e-06,0.0018018356134682206,0.009969421837756235
three_point_1d,1,2000,17,RR-tiny,8000000000.0,4.0,4.0,0.01,7.357003894981062e-12,1.0,0.07496471299987206,3.0,4.125726759485193e-05,1.1235266713034426e-05,5.911715561524034e-11,5.911715561524034e-11,1.1417851037354609e-10,2.38933579027254e-07,1.4187998459193869e-14,0.001708552225513566,5.988824746745022e-07
three_point_1d,1,2000,17,BB,1.0,4.0,4.0,0.01,1.5874802805626587e-08,1.0,0.7082191509998665,69.0,7.830317904594336,0.9847676920373218,4.637423369633325,4.637423369633325,9.418572617030005,0.06862423994854153,0.0011201704875177132,0.005101050216482613,0.16345351033416128
three_point_1d,1,2000,18,Ordinary,inf,5.0,5.0,0.01,4.432126221587396e-09,1.0,0.9041106850002052,253.0,0.0,0.0,0.0,0.0,0.0,0.0,0.0,0.0005545188287527734,0.0
three_point_1d,1,2000,18,RR-balanced,86.2579949880003,5.0,6.0,0.01,7.858369510671537e-09,1.0,0.45027130700009366,377.0,0.4021123318415385,0.10756552378651929,0.015780298263962322,0.015780298263962322,0.031218171130065517,0.003950833527881523,3.877085923832401e-06,0.0005526895487736278,0.04015825374562441
three_point_1d,1,2000,18,RR-tiny,8000000000.0,5.0,5.0,0.01,6.3668335048561175e-09,1.0,0.07810795699992923,7.0,3.898221682652192e-05,1.0960455775192617e-05,3.965396899729967e-10,3.965396899729967e-10,8.306422721326136e-10,6.444541380628313e-07,1.0362837441843541e-13,0.0005545209082782081,1.9305486541214485e-06
three_point_1d,1,2000,18,BB,1.0,4.0,4.0,0.01,1.8472392504520485e-09,1.0,0.8276547209998171,55.0,5.917726069355209,0.9711900552610707,0.8670306225503737,0.8670306225503737,1.5213210505534023,0.02758007478736599,0.0002025404282100627,0.00034828571003445223,0.2050675398210379
three_point_1d,1,2000,19,Ordinary,inf,3.0,3.0,0.01,6.475264768823763e-10,1.0,0.7307032609999169,42.0,0.0,0.0,0.0,0.0,0.0,0.0,0.0,0.0005138117065431854,0.0
three_point_1d,1,2000,19,RR-balanced,86.2579949880003,3.0,3.0,0.01,9.613696505539338e-10,1.0,0.4576379029999771,27.0,0.4567180089911005,0.10631607719494764,0.03788073378836998,0.03788073378836998,0.07384758446255635,0.006076495061404903,9.354512371217112e-06,0.0004714758805440987,0.018796780218696855
three_point_1d,1,2000,19,RR-tiny,8000000000.0,3.0,3.0,0.01,2.4562666567362612e-08,1.0,0.07509970400019483,5.0,4.2548407533926635e-05,1.1371858961134027e-05,9.640643838793039e-11,9.640643838793039e-11,1.9170827977761316e-10,3.0960319747833123e-07,2.427231586510256e-14,0.0005138099980593633,5.483177388202507e-07
three_point_1d,1,2000,19,BB,1.0,4.0,5.0,0.01,2.2562418600102774e-09,1.0,0.802640651999809,159.0,5.273562345787901,1.0022592415011482,5.073631513239889,5.073631513239889,9.494171452168242,0.06889909815145712,0.00124970458920543,0.0003467099052559667,0.14440797744411416
three_point_1d,1,2000,21,Ordinary,inf,4.0,4.0,0.01,2.2269990296308606e-08,1.0,0.7247718300000088,45.0,0.0,0.0,0.0,0.0,0.0,0.0,0.0,0.0006785134774194591,0.0
three_point_1d,1,2000,21,RR-balanced,86.2579949880003,4.0,4.0,0.01,7.547525271434097e-09,1.0,0.4437537900000734,34.0,0.4275789860268908,0.1059169393889616,0.032008611955461674,0.032008611955461674,0.05980449621588437,0.005468294808067885,7.097020242641789e-06,0.0007299712083931123,0.013360337058085377
three_point_1d,1,2000,21,RR-tiny,8000000000.0,4.0,4.0,0.01,8.387464056625049e-09,1.0,0.07471597299991117,5.0,4.377162979674054e-05,1.1456607596986731e-05,7.639755494892597e-11,7.639755494892597e-11,1.423579509448612e-10,2.6679388199962643e-07,1.8711534609223903e-14,0.000678511581009091,8.382807605609491e-07
three_point_1d,1,2000,21,BB,1.0,4.0,4.0,0.01,1.348718581262176e-08,1.0,0.6451994940000532,37.0,7.1097843825894955,1.0121447549488427,3.3562121602990374,3.3562121602990374,6.279663297806586,0.05603420070727603,0.0008230063572536717,0.0014477509073576797,0.1045279048918266
three_point_1d,1,2000,23,Ordinary,inf,5.0,5.0,0.01,1.148091710589938e-08,1.0,0.6438064050000776,118.0,0.0,0.0,0.0,0.0,0.0,0.0,0.0,0.0007406680224771127,0.0
three_point_1d,1,2000,23,RR-balanced,86.2579949880003,5.0,6.0,0.01,2.3698047302289638e-08,1.0,0.4470690530001775,52.0,0.3846538995371498,0.10402561054442717,0.02482519012028206,0.02482519012028206,0.04850099686755966,0.004924479508920697,6.270127991961175e-06,0.0008431550691624448,0.038015629093039675
three_point_1d,1,2000,23,RR-tiny,8000000000.0,5.0,5.0,0.01,2.009639632483129e-08,1.0,0.07554286300000967,2.0,3.6752815736340594e-05,1.0902751292436618e-05,3.7198333302512765e-10,3.7198333302512765e-10,7.327711718241726e-10,6.052979315280091e-07,9.082001856580466e-14,0.000740660439354028,1.0032606928330625e-06
three_point_1d,1,2000,23,BB,1.0,4.0,4.0,0.01,2.111612640298688e-08,1.0,0.6200464149999334,57.0,7.998762623407757,0.9815459423482522,5.706606552555058,5.706606552555058,10.83461176275048,0.07360234970009612,0.0012448722513347652,0.00216473928914954,0.14550404500527941
three_point_1d,1,2000,20,Ordinary,inf,4.0,4.0,0.01,7.333739393544647e-09,1.0,0.7927221300001293,85.0,0.0,0.0,0.0,0.0,0.0,0.0,0.0,0.0006645455891632629,0.0
three_point_1d,1,2000,20,RR-balanced,86.2579949880003,4.0,4.0,0.01,7.436411486594352e-10,1.0,0.48726629400016463,49.0,0.3775491305134302,0.10505298949173537,0.028474602760979906,0.028474602760979906,0.055531163901907835,0.005269305642203147,6.841863676324405e-06,0.0007814589358341899,0.04236199324010857
three_point_1d,1,2000,20,RR-tiny,8000000000.0,4.0,4.0,0.01,1.6488388654423147e-08,1.0,0.07449032699992131,5.0,4.235454227552449e-05,1.1550934986897754e-05,2.1373125491663814e-10,2.1373125491663814e-10,4.00137165681691e-10,4.4729026687470577e-07,5.0467477439739535e-14,0.000664543416428933,7.549316666717742e-07
three_point_1d,1,2000,20,BB,1.0,4.0,4.0,0.01,5.48001066746906e-09,1.0,0.7768473980002,92.0,7.170377582472504,1.0014810682264375,3.869471785179485,3.869471785179485,5.821276806132746,0.05395033274286983,0.000749213821854377,0.0018746481366671121,0.4875864098948915
three_point_1d,1,2000,22,Ordinary,inf,5.0,5.0,0.01,5.618021603481793e-10,1.0,0.9543664799998623,97.0,0.0,0.0,0.0,0.0,0.0,0.0,0.0,0.0011011524584293906,0.0
three_point_1d,1,2000,22,RR-balanced,86.2579949880003,5.0,5.0,0.01,4.033900768973808e-09,1.0,0.7842753879999691,142.0,0.392917095522193,0.107451885123177,0.08033450110815465,0.08033450110815465,0.1539220656822973,0.00877274374646545,1.9728577777846574e-05,0.0011281957386168814,0.034744237033725006
three_point_1d,1,2000,22,RR-tiny,8000000000.0,5.0,5.0,0.01,6.478250380581585e-09,1.0,0.08228663199997754,12.0,4.738131879533647e-05,1.156937617494396e-05,4.702087608166039e-10,4.702087608166039e-10,8.982062162459354e-10,6.701515560848663e-07,1.1615328244908207e-13,0.0011011531565401265,2.3845273171753723e-06
three_point_1d,1,2000,22,BB,1.0,5.0,5.0,0.01,2.5075059806312083e-08,1.0,0.7348605120000684,79.0,10.36893244279592,0.990648240177549,1.4747687755798324,1.4747687755798324,2.7403464635182555,0.03701585108786677,0.0003488214184652183,0.002281064267401398,0.16908793655361473
three_point_1d,1,2000,24,Ordinary,inf,4.0,4.0,0.01,1.6884968978558845e-09,1.0,0.8476878579997447,92.0,0.0,0.0,0.0,0.0,0.0,0.0,0.0,0.000985234202773512,0.0
three_point_1d,1,2000,24,RR-balanced,86.2579949880003,4.0,4.0,0.01,6.382430139950657e-09,1.0,0.4537129800000912,63.0,0.3938207079093974,0.1084653644742624,0.03289367504658003,0.03289367504658003,0.06422975812083616,0.005666999123029585,8.261677650396616e-06,0.0009588193711733304,0.04155025591258802
three_point_1d,1,2000,24,RR-tiny,8000000000.0,4.0,4.0,0.01,1.7531198492903854e-08,1.0,0.08032287300011376,3.0,4.000962058647861e-05,1.1025734823715543e-05,1.7280399333685637e-11,1.7280399333685637e-11,3.4191664269571484e-11,1.307510311041016e-07,4.297816228380029e-15,0.0009852325250869107,4.390496995445667e-07
three_point_1d,1,2000,24,BB,1.0,4.0,4.0,0.01,6.268319197033634e-12,1.0,0.7269208029999845,52.0,8.607198017517062,0.9895442299036294,3.229501869640444,3.229501869640444,6.40712493054374,0.05660002177801587,0.0007874254401942253,0.0029943766824931575,0.19009410103604507
three_point_1d,1,2000,25,Ordinary,inf,4.0,4.0,0.01,9.699802294704796e-09,1.0,0.8549201160001303,83.0,0.0,0.0,0.0,0.0,0.0,0.0,0.0,0.0005796338889734998,0.0
three_point_1d,1,2000,25,RR-balanced,86.2579949880003,4.0,4.0,0.01,1.8820016656206917e-09,1.0,0.494924901000104,51.0,0.3569567734934709,0.1071242931765745,0.044614778013965406,0.044614778013965406,0.08491792462174859,0.006516054197969374,1.0655793047798896e-05,0.0005362467506480908,0.021084080388066768
three_point_1d,1,2000,25,RR-tiny,8000000000.0,4.0,4.0,0.01,9.266232225968452e-11,1.0,0.0757954329999393,5.0,3.537313913026807e-05,1.097802761651549e-05,3.119566827081144e-10,3.119566827081144e-10,5.985240511009939e-10,5.470484672773491e-07,7.498726833304122e-14,0.000579636913584115,1.3111149469560182e-06
three_point_1d,1,2000,25,BB,1.0,3.0,3.0,0.01,2.2320022274868734e-08,1.0,0.5206444309997096,27.0,6.982664766506242,0.9829775768693989,0.6984239397188503,0.6984239397188503,1.3462073292169663,0.02594424145371152,0.00017397353053806138,0.0006692393441637543,0.10461289484566215
three_point_1d,1,2000,26,Ordinary,inf,4.0,4.0,0.01,3.3040112201732086e-08,1.0,0.6411936690001312,43.0,0.0,0.0,0.0,0.0,0.0,0.0,0.0,0.0008694961748595902,0.0
three_point_1d,1,2000,26,RR-balanced,86.2579949880003,4.0,4.0,0.01,1.751203626554343e-09,1.0,0.49439095499997165,42.0,0.40313073848875813,0.1071902635406057,0.0642173494616145,0.0642173494616145,0.12984294376269367,0.008057386169307441,1.5545533800421154e-05,0.0007638526917095325,0.023203345607145244
three_point_1d,1,2000,26,RR-tiny,8000000000.0,4.0,4.0,0.01,1.4665380021483543e-11,1.0,0.0742580569999518,6.0,4.198032888202974e-05,1.1178500410299734e-05,3.183231456205249e-10,3.183231456205249e-10,6.842684088409784e-10,5.849223917926969e-07,8.48805419068303e-14,0.0008695013571344049,1.6289092318405272e-06
three_point_1d,1,2000,26,BB,1.0,4.0,4.0,0.01,3.972641549054856e-09,1.0,0.7839092159999836,52.0,6.493907519677722,0.9725029544699222,2.198550527748921,2.198550527748921,3.6686244808985435,0.042828871575717145,0.00046856739017134226,0.0019497136485371264,0.26183105270962903
three_point_1d,1,2000,27,Ordinary,inf,4.0,4.0,0.01,1.6275180536595713e-08,1.0,0.9234180020000622,64.0,0.0,0.0,0.0,0.0,0.0,0.0,0.0,0.002082965416532845,0.0
three_point_1d,1,2000,27,RR-balanced,86.2579949880003,4.0,4.0,0.01,2.4449597901821107e-08,1.0,0.6132830169999579,59.0,0.42733153917412303,0.10980150337382551,0.01773341190710198,0.01773341190710198,0.03100386808789337,0.003937249553171184,3.847219007421987e-06,0.0019410991168709016,0.04610676956166378
three_point_1d,1,2000,27,RR-tiny,8000000000.0,4.0,4.0,0.01,2.166301360517764e-08,1.0,0.07464555099977588,7.0,3.865904181599156e-05,1.1149683954717336e-05,3.4015101846307516e-10,3.4015101846307516e-10,6.909574080107155e-10,5.877743648759767e-07,8.557278041089639e-14,0.0020829651610390814,2.2167705298711906e-06
three_point_1d,1,2000,27,BB,1.0,4.0,4.0,0.01,4.259977925968883e-09,1.0,0.7690373400000681,48.0,6.935338902676701,0.9907616770927343,3.87400815069941,3.87400815069941,7.477727622305447,0.06114624936292269,0.0009782775427905964,0.0017675725327844342,0.18558307441593969
three_point_1d,1,2000,28,Ordinary,inf,3.0,3.0,0.01,1.0528887539607013e-08,1.0,0.7577639520000048,39.0,0.0,0.0,0.0,0.0,0.0,0.0,0.0,0.0008447350353882168,0.0
three_point_1d,1,2000,28,RR-balanced,86.2579949880003,3.0,3.0,0.01,2.346203231695654e-10,1.0,0.38114869399987583,23.0,0.40569956013698394,0.10843346733155543,0.036279465803090716,0.036279465803090716,0.06985255743911728,0.005909845913351603,9.057265224279254e-06,0.000780095333893367,0.008539073757132911
three_point_1d,1,2000,28,RR-tiny,8000000000.0,3.0,3.0,0.01,2.2799391263816915e-08,1.0,0.07511759099975279,5.0,3.934497847768448e-05,1.1166832348435003e-05,3.319655661471188e-10,3.319655661471188e-10,6.257465905276626e-10,5.593507801584184e-07,7.657612708256848e-14,0.0008447363006929267,1.8778135147743312e-06
three_point_1d,1,2000,28,BB,1.0,3.0,3.0,0.01,3.347226940064729e-10,1.0,0.5130674219999491,27.0,6.375791453223695,0.9894882864657785,1.9876737142676575,1.9876737142676575,3.5283715022148137,0.042002211264496624,0.00048419912572441183,0.0012399242291842795,0.10593293142822116
three_point_1d,1,2000,29,Ordinary,inf,4.0,4.0,0.01,7.810830204846297e-09,1.0,0.9604113519999373,78.0,0.0,0.0,0.0,0.0,0.0,0.0,0.0,0.001155953824619567,0.0
three_point_1d,1,2000,29,RR-balanced,86.2579949880003,4.0,4.0,0.01,1.0498883540321913e-08,1.0,0.44990542799996547,56.0,0.40498073346128804,0.10498158881629722,0.02518831687484635,0.02518831687484635,0.04941867539460329,0.004970848790428215,6.189855017916213e-06,0.0010411872541833777,0.02464544390395036
three_point_1d,1,2000,29,RR-tiny,8000000000.0,4.0,4.0,0.01,9.87661064044687e-10,1.0,0.0778008540000883,5.0,3.807052853566084e-05,1.0886627692302366e-05,2.1827872842550278e-10,2.1827872842550278e-10,4.162189331848209e-10,4.561901649448511e-07,5.436967516466823e-14,0.0011559528413742708,9.131882300856278e-07
three_point_1d,1,2000,29,BB,1.0,3.0,3.0,0.01,4.326415892208502e-09,1.0,0.6405378420001853,29.0,6.041496468366531,0.9701446512813884,2.5199707493029564,2.5199707493029564,4.906754860472701,0.04953158013062323,0.0006173036845085045,0.00289670062849793,0.17834506918516307
three_point_1d,1,2000,30,Ordinary,inf,4.0,4.0,0.01,1.3302046131258294e-09,1.0,0.9141647970000122,53.0,0.0,0.0,0.0,0.0,0.0,0.0,0.0,0.0004934949043030258,0.0
three_point_1d,1,2000,30,RR-balanced,86.2579949880003,4.0,4.0,0.01,1.2617003442016994e-08,1.0,0.4409366519998912,45.0,0.38977637549331434,0.10681697713282733,0.02044758124884538,0.02044758124884538,0.03622982047377704,0.004256161443940833,4.8546701804743555e-06,0.0005194780324516797,0.025025851245053212
three_point_1d,1,2000,30,RR-tiny,8000000000.0,4.0,4.0,0.01,1.941143024097869e-08,1.0,0.07520998099994358,3.0,3.685706195588612e-05,1.1175687524383806e-05,1.1095835361629725e-10,1.1095835361629725e-10,2.1621863447140463e-10,3.2879981331457945e-07,2.6976033971643492e-14,0.0004934922102251569,6.945293621747122e-07
three_point_1d,1,2000,30,BB,1.0,4.0,4.0,0.01,1.641556446330128e-09,1.0,0.7929406860000654,53.0,6.656385234177398,0.982795241917119,3.726957990586925,3.726957990586925,6.7837394562831665,0.058239760715009664,0.0009377300625739685,0.0019166563823672035,0.2575803197503169
three_point_1d,1,2000,31,Ordinary,inf,3.0,3.0,0.01,8.551954699953512e-10,1.0,0.7927433830000155,39.0,0.0,0.0,0.0,0.0,0.0,0.0,0.0,0.00029276035484403196,0.0
three_point_1d,1,2000,31,RR-balanced,86.2579949880003,3.0,3.0,0.01,1.330371368624128e-10,1.0,0.5580114099998355,29.0,0.4303838412319625,0.10949760955535902,0.029208182525508164,0.029208182525508164,0.05642613884337418,0.005311597633639721,7.0902197937916976e-06,0.00024121354271653872,0.016514617041965485
three_point_1d,1,2000,31,RR-tiny,8000000000.0,3.0,3.0,0.01,1.127160587088838e-08,1.0,0.07534453400012353,5.0,3.811147698051798e-05,1.091556629651267e-05,6.648406269960105e-10,6.648406269960105e-10,1.2904000684301929e-09,8.032434464190146e-07,1.650094634319334e-13,0.0002927648752352413,1.7213734100782204e-06
three_point_1d,1,2000,31,BB,1.0,4.0,4.0,0.01,8.686904529042749e-10,1.0,0.66614308599992,37.0,5.682380480841558,0.9774947379565675,2.9740567188118803,2.9740567188118803,5.534585553496344,0.05260506417397637,0.000719432622076448,0.0006278165232772278,0.12292691924110638
three_point_1d,1,2000,32,Ordinary,inf,3.0,3.0,0.01,6.503340976848904e-09,1.0,0.6506978179997986,33.0,0.0,0.0,0.0,0.0,0.0,0.0,0.0,0.00056958261894631,0.0
three_point_1d,1,2000,32,RR-balanced,86.2579949880003,3.0,3.0,0.01,2.3729995746180066e-10,1.0,0.4262633169998935,25.0,0.5027940378355287,0.10892344773877097,0.01233700431566831,0.01233700431566831,0.02043239761898337,0.0031962789004546656,2.6865568772899817e-06,0.0006113222932282625,0.014846022388570867
three_point_1d,1,2000,32,RR-tiny,8000000000.0,3.0,3.0,0.01,8.493254988195531e-10,1.0,0.07913649600004646,7.0,3.8935552853835986e-05,1.145336340733705e-05,4.001776687800884e-10,4.001776687800884e-10,7.45288276212237e-10,6.104458519034415e-07,9.798627983196208e-14,0.0005695868145387686,1.732854733958991e-06
three_point_1d,1,2000,32,BB,1.0,3.0,3.0,0.01,3.830649131231212e-10,1.0,0.5990313150000475,31.0,8.450899334361388,1.039318132273137,6.610053684449667,6.610053684449667,12.571238098962485,0.07928189610170308,0.001625512194853152,0.002061938080985758,0.16037123443475
three_point_1d,1,2000,34,Ordinary,inf,4.0,4.0,0.01,1.4118282543051919e-08,1.0,0.7682944769999267,72.0,0.0,0.0,0.0,0.0,0.0,0.0,0.0,0.00045937109274814936,0.0
three_point_1d,1,2000,34,RR-balanced,86.2579949880003,4.0,4.0,0.01,1.4816689208885236e-08,1.0,0.41149681199999577,65.0,0.39742379537012007,0.10607905077577791,0.055783765231353755,0.055783765231353755,0.10914403886953125,0.007387287691349622,1.368349099866517e-05,0.0003468753615549805,0.035247397862729055
three_point_1d,1,2000,34,RR-tiny,8000000000.0,4.0,4.0,0.01,2.9398115053425045e-09,1.0,0.07524304099979418,7.0,3.809571540291934e-05,1.116726827376978e-05,4.702087608166039e-10,4.702087608166039e-10,8.311001422819465e-10,6.446317329615206e-07,1.1002634328079704e-13,0.0004593765336230936,3.166127617534173e-06
three_point_1d,1,2000,34,BB,1.0,4.0,4.0,0.01,4.885622573169712e-09,1.0,0.6929061829998773,85.0,7.503632209311316,1.032378063712657,4.145413713927155,4.145413713927155,8.102732719118347,0.06365034453606024,0.001023068864609259,0.001956612428531434,0.2102102116897303
three_point_1d,1,2000,33,Ordinary,inf,5.0,5.0,0.01,2.6914590556259554e-09,1.0,0.8029125790001217,78.0,0.0,0.0,0.0,0.0,0.0,0.0,0.0,0.00015687461877206832,0.0
three_point_1d,1,2000,33,RR-balanced,86.2579949880003,5.0,5.0,0.01,2.9113000898917107e-10,1.0,0.5202946919998794,43.0,0.4072711333224499,0.10661253228027687,0.04286506565313175,0.04286506565313175,0.08075536529215449,0.006354343604659512,1.058417575555927e-05,9.82996456772147e-05,0.02931033585901136
three_point_1d,1,2000,33,RR-tiny,8000000000.0,5.0,5.0,0.01,3.225668399053916e-09,1.0,0.07844156900000598,14.0,4.7727865640112555e-05,1.133679213071432e-05,0.0,-3.054992703255266e-08,3.122494376615828e-08,3.951262062060569e-06,3.9826890329473325e-12,0.00015687428626455887,1.5930935801360625e-05
three_point_1d,1,2000,33,BB,1.0,5.0,5.0,0.01,5.774491995680364e-12,1.0,0.749229301999776,39.0,8.440447946916139,1.0254368480249196,2.1562283877874506,2.1562283877874506,2.6857353700630995,0.03664515909409522,0.0003825566857810316,0.0006345416948727872,0.2035183181359433
three_point_1d,1,2000,35,Ordinary,inf,4.0,4.0,0.01,4.1313943377474516e-09,1.0,0.735307088999889,47.0,0.0,0.0,0.0,0.0,0.0,0.0,0.0,0.0006664686886588582,0.0
three_point_1d,1,2000,35,RR-balanced,86.2579949880003,4.0,4.0,0.01,8.690625996621293e-10,1.0,0.4270723860001908,30.0,0.4391156431573322,0.11048592970321054,0.03278521883930807,0.03278521883930807,0.06591687837420435,0.005740944102419233,7.182091939401588e-06,0.0006207765986246441,0.008055549934770336
three_point_1d,1,2000,35,RR-tiny,8000000000.0,4.0,4.0,0.01,4.189815383526252e-09,1.0,0.11143874700019296,5.0,4.349807134340633e-05,1.0723731401731388e-05,3.9472070056945086e-10,3.9472070056945086e-10,7.476758699972096e-10,6.114228773922389e-07,9.615389677601639e-14,0.00066646449363477,1.0547666688877115e-06
three_point_1d,1,2000,35,BB,1.0,4.0,4.0,0.01,9.797034294933837e-10,1.0,0.6822771909999119,46.0,6.523958821301441,1.040806931334291,1.8349607256686795,1.8349607256686795,3.476971790680888,0.041695154338849065,0.00043935658096726487,0.0012700703198627369,0.11306427588647766
three_point_1d,1,2000,36,Ordinary,inf,4.0,5.0,0.01,6.959653742200089e-09,1.0,0.8148041419999572,92.0,0.0,0.0,0.0,0.0,0.0,0.0,0.0,0.0006716234820710053,0.0
three_point_1d,1,2000,36,RR-balanced,86.2579949880003,5.0,7.0,0.01,1.3205722293463396e-08,1.0,0.7588281410000945,348.0,0.3204730956902073,0.10615486734551566,0.04157819710417243,0.04157819710417243,0.06958550830675005,0.005898538306510777,9.203006647253462e-06,0.000669544632004941,0.18188147188588372
three_point_1d,1,2000,36,RR-tiny,8000000000.0,4.0,4.0,0.01,3.2334304123082802e-09,1.0,0.08439830299971618,5.0,3.8087055460378494e-05,1.1062810136889084e-05,1.6370904631912708e-11,1.6370904631912708e-11,3.286042223399339e-10,4.053419681823817e-07,4.133453584650606e-14,0.000671627720872682,1.063477657607064e-05
three_point_1d,1,2000,36,BB,1.0,4.0,4.0,0.01,6.288161102929735e-09,1.0,0.8020552570003474,59.0,6.271281420982935,0.9735393194502536,1.580038233925734,1.580038233925734,3.033551490734398,0.03894580523454611,0.0003944686644637449,0.001521234466941985,0.3033642327720723
three_point_1d,1,2000,37,Ordinary,inf,4.0,4.0,0.01,1.754686351773671e-08,1.0,0.9303903929999251,68.0,0.0,0.0,0.0,0.0,0.0,0.0,0.0,0.00041290205712406366,0.0
three_point_1d,1,2000,37,RR-balanced,86.2579949880003,4.0,4.0,0.01,1.1837777869061483e-08,1.0,0.3786828110000897,41.0,0.4530919637023525,0.1080211950654602,0.011565036717911426,0.011565036717911426,0.0221469470403663,0.003327682905594094,2.752552727739595e-06,0.000410994965240618,0.017316952979182964
three_point_1d,1,2000,37,RR-tiny,8000000000.0,4.0,4.0,0.01,9.423550828557836e-09,1.0,0.07460351800000353,4.0,3.653845486772944e-05,1.1511969537257157e-05,1.509761204943061e-10,1.509761204943061e-10,3.0061109794277297e-10,3.8769259597184277e-07,3.7996701640079955e-14,0.00041290626504595566,7.724937391190943e-07
three_point_1d,1,2000,37,BB,1.0,4.0,4.0,0.01,9.271939660493445e-09,1.0,0.7753448409998782,65.0,7.0272231573340775,0.995050732277206,2.1496175626889453,2.1496175626889453,3.8686912320441555,0.043981196164066275,0.0005012332683916295,0.0010598580542111266,0.22471937767924466
three_point_1d,1,2000,38,Ordinary,inf,5.0,5.0,0.01,1.9549233565285817e-08,1.0,0.945748022999851,114.0,0.0,0.0,0.0,0.0,0.0,0.0,0.0,0.0008901225938550445,0.0
three_point_1d,1,2000,38,RR-balanced,86.2579949880003,5.0,5.0,0.01,1.524516335393855e-08,1.0,0.6400373679998665,112.0,0.4764228722530759,0.10925580392628888,0.06009829530012212,0.06009829530012212,0.11480230261872189,0.007576354750759824,1.4307764717463415e-05,0.0007769392780068804,0.029203095263438335
three_point_1d,1,2000,38,RR-tiny,8000000000.0,5.0,5.0,0.01,1.7619269154778294e-08,1.0,0.14839176699979362,8.0,3.8783715199497415e-05,1.1108928229317465e-05,1.964508555829525e-10,1.964508555829525e-10,3.8615183503223203e-10,4.3940404813351007e-07,4.912995435739337e-14,0.0008901279972896594,1.7694326526481035e-06
three_point_1d,1,2000,38,BB,1.0,5.0,5.0,0.01,2.284668143559543e-08,1.0,0.6969802490000347,77.0,8.184940319358793,1.0031235008011172,2.8019417640562096,2.8019417640562096,5.462867326314414,0.05226311953143638,0.0007059299282229563,0.0016424403520973801,0.1387601831479697
three_point_1d,1,2000,39,Ordinary,inf,5.0,5.0,0.01,6.864730717204282e-08,1.0,0.9765330720001657,120.0,0.0,0.0,0.0,0.0,0.0,0.0,0.0,0.00047900252614241004,0.0
three_point_1d,1,2000,39,RR-balanced,86.2579949880003,5.0,5.0,0.01,1.001607086159595e-08,1.0,0.6954100829998424,150.0,0.4003957549146524,0.10645743877605185,0.07582256361274631,0.07582256361274631,0.1469672444184133,0.0085722588743695,1.9212056423945918e-05,0.00048493147587706364,0.0274613157797918
three_point_1d,1,2000,39,RR-tiny,8000000000.0,5.0,5.0,0.01,1.281134176522869e-08,1.0,0.07481993299984424,5.0,4.448617953567435e-05,1.1271105548032709e-05,1.4642864698544145e-10,1.4642864698544145e-10,2.3415774289956067e-10,3.4216789950224776e-07,3.041395362520384e-14,0.00047900283532501876,8.868230949866866e-07
three_point_1d,1,2000,39,BB,1.0,4.0,4.0,0.01,1.0238079273250378e-09,1.0,0.6421782769998572,37.0,7.039324022963196,0.9862151530833326,3.935956293959862,3.935956293959862,7.734598495267635,0.062187613297455126,0.0010134551237524405,0.0025068247384883663,0.13244248358461294
three_point_1d,1,2000,40,Ordinary,inf,3.0,3.0,0.01,2.208699889649779e-10,1.0,0.843120651999925,38.0,0.0,0.0,0.0,0.0,0.0,0.0,0.0,0.0001259025924337717,0.0
three_point_1d,1,2000,40,RR-balanced,86.2579949880003,3.0,3.0,0.01,1.7035373112150864e-10,1.0,0.46548787199981234,25.0,0.4113048938123327,0.1109227229573446,0.03548590150876407,0.03548590150876407,0.06900060047351131,0.005873695620029664,8.546861242467487e-06,0.00010382786346621253,0.016179473635842864
three_point_1d,1,2000,40,RR-tiny,8000000000.0,3.0,3.0,0.01,3.552713678800501e-14,1.0,0.07526476299995011,3.0,3.960049594287085e-05,1.102427848819709e-05,2.955857780762017e-10,2.955857780762017e-10,5.905473619067057e-10,5.433909098920895e-07,7.293356303697235e-14,0.0001259020410540006,1.20090775264226e-06
three_point_1d,1,2000,40,BB,1.0,3.0,3.0,0.01,4.5444759066981533e-10,1.0,0.5892652640000051,32.0,6.452588016780279,1.0007911978407622,6.401299386157007,6.401299386157007,11.536129743076316,0.07594777726529038,0.0016382377229645535,0.0024440575362017223,0.08597509483331381
three_point_1d,1,2000,41,Ordinary,inf,5.0,5.0,0.01,2.3471359744675624e-08,1.0,0.8486110690000714,60.0,0.0,0.0,0.0,0.0,0.0,0.0,0.0,0.0006993343610809228,0.0
three_point_1d,1,2000,41,RR-balanced,86.2579949880003,5.0,5.0,0.01,4.238600515016344e-08,1.0,0.3929287079997721,46.0,0.41356966953157137,0.10783587694759779,0.021189286968365195,0.021189286968365195,0.04134365590009532,0.004546628195712473,5.076835977048367e-06,0.0007052289456841959,0.008664217870403468
three_point_1d,1,2000,41,RR-tiny,8000000000.0,5.0,5.0,0.01,2.4573885148981844e-08,1.0,0.07680177799988996,5.0,4.39742120890152e-05,1.1163855285944955e-05,1.0431904229335487e-09,1.0431904229335487e-09,2.052982100816173e-09,1.0131589462705674e-06,2.4870858227442416e-13,0.0006993455968468348,2.7199524027040183e-06
three_point_1d,1,2000,41,BB,1.0,4.0,4.0,0.01,1.2763605727883487e-08,1.0,0.6331991719998769,51.0,5.848824922728386,0.9775272040380822,1.8629650088823837,1.8629650088823837,3.531084624639644,0.042018356849355995,0.00042993111117421045,0.0018364895720165868,0.09441178609913577
three_point_1d,1,2000,42,Ordinary,inf,4.0,4.0,0.01,1.5001743847165017e-08,1.0,0.7218882180000037,59.0,0.0,0.0,0.0,0.0,0.0,0.0,0.0,0.0005543045111042469,0.0
three_point_1d,1,2000,42,RR-balanced,86.2579949880003,4.0,4.0,0.01,2.5952007431939705e-08,1.0,0.4035441189998892,40.0,0.3472699345222181,0.10655812829961324,0.01743972299300367,0.01743972299300367,0.0337741406441227,0.004109388071484774,4.2107624123708675e-06,0.0005052066748193564,0.01565472186766863
three_point_1d,1,2000,42,RR-tiny,8000000000.0,4.0,4.0,0.01,1.0654955584499248e-08,1.0,0.07672796699989703,7.0,3.802354867032953e-05,1.118731769046208e-05,2.28283170145005e-10,2.28283170145005e-10,4.916259174182579e-10,4.957952790306992e-07,6.102942806494089e-14,0.0005543063661725606,2.2798289814207693e-06
three_point_1d,1,2000,42,BB,1.0,4.0,4.0,0.01,1.616168598950196e-08,1.0,0.769687531000045,70.0,8.81207977061594,0.9852911929962653,6.942649838118086,6.942649838118086,14.009084051859247,0.08369314204837588,0.0016347631418774094,0.0032886214770525535,0.2513559782849851
three_point_1d,1,2000,43,Ordinary,inf,5.0,6.0,0.01,2.2867840954177154e-10,1.0,0.8232039029999214,90.0,0.0,0.0,0.0,0.0,0.0,0.0,0.0,0.00050686368303092,0.0
three_point_1d,1,2000,43,RR-balanced,86.2579949880003,5.0,5.0,0.01,6.368687799351846e-10,1.0,0.47323034100008954,71.0,0.43042103203720616,0.10878084466401122,0.039959197132702684,0.039959197132702684,0.07662204920602288,0.006189590018976333,9.374590800997368e-06,0.000568612800027204,0.0252051492136894
three_point_1d,1,2000,43,RR-tiny,8000000000.0,5.0,5.0,0.01,8.303358001171546e-11,1.0,0.07395954300000085,5.0,4.4118796560965734e-05,1.093465852852267e-05,0.0,-1.0950316209346056e-09,1.0357275999910614e-09,7.196275425492904e-07,1.2567168862024953e-13,0.0005068522514925356,6.401306504380307e-06
three_point_1d,1,2000,43,BB,1.0,4.0,4.0,0.01,5.423284044070442e-10,1.0,0.6352661059997899,40.0,7.540838796346527,0.9756358506892892,2.8555589095749383,2.8555589095749383,5.765351997682489,0.05369055781830959,0.000710491206844129,0.0014818270898010067,0.11011540835545071
three_point_1d,1,2000,44,Ordinary,inf,3.0,3.0,0.01,4.994796132251622e-09,1.0,0.7330560430002606,36.0,0.0,0.0,0.0,0.0,0.0,0.0,0.0,0.0006952696046407592,0.0
three_point_1d,1,2000,44,RR-balanced,86.2579949880003,3.0,3.0,0.01,2.8494984150029268e-11,1.0,0.38619290599990563,27.0,0.33838671434858214,0.10470720349005844,0.01177791255304328,0.01177791255304328,0.022355663282173192,0.003343326433521949,2.920786363939955e-06,0.0006707948287948456,0.006163225557400229
three_point_1d,1,2000,44,RR-tiny,8000000000.0,3.0,3.0,0.01,1.829372253681072e-08,1.0,0.07236195600012252,6.0,3.635473093466235e-05,1.1018992215502104e-05,1.8280843505635858e-10,1.8280843505635858e-10,3.5719636874644514e-10,4.226087840701168e-07,4.5225640524819e-14,0.000695266349542955,1.0029606948555426e-06
three_point_1d,1,2000,44,BB,1.0,3.0,3.0,0.01,1.7176797761919715e-09,1.0,0.5456873819998691,31.0,6.283792324116714,0.9917623155192576,0.4677704618707139,0.4677704618707139,0.9171046292701827,0.021413834655079678,0.00011578855385683176,0.0005180796552985308,0.039697250431223345
three_point_1d,1,2000,45,Ordinary,inf,4.0,4.0,0.01,1.0294958441292579e-08,1.0,0.7850094110001464,91.0,0.0,0.0,0.0,0.0,0.0,0.0,0.0,0.0009149392765689665,0.0
three_point_1d,1,2000,45,RR-balanced,86.2579949880003,4.0,4.0,0.01,1.1496963825408102e-08,1.0,0.40423812200015163,71.0,0.3744529444535134,0.10599232840691325,0.05994624086361,0.05994624086361,0.115182439821092,0.007588887923177282,1.4316737878556257e-05,0.0008661224014814843,0.0552728037045134
three_point_1d,1,2000,45,RR-tiny,8000000000.0,4.0,4.0,0.01,2.7626403387159826e-09,1.0,0.07470304299999952,5.0,4.293486210715791e-05,1.1043903321032954e-05,3.9199221646413207e-10,3.9199221646413207e-10,7.564448151349214e-10,6.149978923276572e-07,9.573655320896523e-14,0.0009149327100316971,1.289824493956009e-06
three_point_1d,1,2000,45,BB,1.0,3.0,3.0,0.01,3.0783562365854777e-09,1.0,0.6808326539999143,32.0,9.36268253892667,1.039515502026475,3.8614819324975542,3.8614819324975542,7.346020103623092,0.06060536322646327,0.0009728687950164548,0.0016737588830278702,0.14906916499793157
three_point_1d,1,2000,46,Ordinary,inf,5.0,5.0,0.01,7.577836136363203e-10,1.0,0.7781661450001138,81.0,0.0,0.0,0.0,0.0,0.0,0.0,0.0,0.00046738486738065997,0.0
three_point_1d,1,2000,46,RR-balanced,86.2579949880003,5.0,5.0,0.01,4.030795230924866e-08,1.0,0.4546359690000372,61.0,0.44622204241435415,0.10882499215718264,0.01594272121474205,0.01594272121474205,0.029493232584371403,0.0038401323274316604,3.3979056286365196e-06,0.0004984133951653349,0.042911160747416535
three_point_1d,1,2000,46,RR-tiny,8000000000.0,5.0,5.0,0.01,1.4237172996089953e-08,1.0,0.07357682599990767,21.0,5.005550116343738e-05,1.1187182081784588e-05,0.0,-3.63706931238994e-09,2.7226068108443918e-09,1.166749075603746e-06,3.559008712185059e-13,0.0004673793869556367,0.00010814770844836797
three_point_1d,1,2000,46,BB,1.0,4.0,4.0,0.01,6.567187016415232e-09,1.0,0.8648021619997053,72.0,8.144376495361483,1.000802156689226,2.5012834564913646,2.5012834564913646,4.478010614211332,0.047318128736306406,0.000630299960702976,0.0008654334353409084,0.2014749753619009
three_point_1d,1,2000,47,Ordinary,inf,3.0,3.0,0.01,3.8008660663280125e-09,1.0,0.8656838009999319,58.0,0.0,0.0,0.0,0.0,0.0,0.0,0.0,0.0002598773619458802,0.0
three_point_1d,1,2000,47,RR-balanced,86.2579949880003,3.0,3.0,0.01,9.194423000735696e-12,1.0,0.45766841699992256,29.0,0.3773855840009429,0.10595613046858261,0.022981094230090093,0.022981094230090093,0.04452471322298987,0.004718300182427453,5.653616257470313e-06,0.00026683382972310463,0.009085673770069552
three_point_1d,1,2000,47,RR-tiny,8000000000.0,3.0,3.0,0.01,1.2420184880568286e-08,1.0,0.06933517700008451,6.0,3.775218549395554e-05,1.1190338016024799e-05,3.5197444958612323e-10,3.5197444958612323e-10,7.632321164685453e-10,6.177508059357532e-07,9.52319688089497e-14,0.0002598760035708881,1.335157666531039e-06
three_point_1d,1,2000,47,BB,1.0,3.0,3.0,0.01,4.32409663631006e-12,1.0,0.39594916500027466,27.0,6.220883795884853,1.0005476861236589,2.0820833086127095,2.0820833086127095,4.158953636280474,0.04560128088267079,0.0005189310651609258,0.0009065514526184332,0.07921385390213757
three_point_1d,1,2000,48,Ordinary,inf,5.0,5.0,0.01,7.839390470110175e-09,1.0,0.8525778660000469,146.0,0.0,0.0,0.0,0.0,0.0,0.0,0.0,0.0005237323724781465,0.0
three_point_1d,1,2000,48,RR-balanced,86.2579949880003,5.0,5.0,0.01,1.5142903819764797e-08,1.0,0.555889981999826,144.0,0.38249418467760266,0.1080899653784338,0.059535673884965945,0.059535673884965945,0.1138819600206809,0.0075459247286426365,1.4155580220614985e-05,0.0005438044229527729,0.03592007411196203
three_point_1d,1,2000,48,RR-tiny,8000000000.0,5.0,5.0,0.01,4.3882774303227734e-08,1.0,0.07942942299996503,5.0,3.9381875745592154e-05,1.106240559596989e-05,2.41016095969826e-10,2.41016095969826e-10,4.778463571785113e-10,4.887976867674965e-07,5.996373816744531e-14,0.0005237333054644909,1.1747997556237854e-06
three_point_1d,1,2000,48,BB,1.0,5.0,5.0,0.01,9.441330828252603e-09,1.0,0.6923162550001507,123.0,8.742027078386386,1.0476665432023693,1.6823654231266119,1.6823654231266119,3.2074981355800345,0.04004683592732411,0.00042798671190517987,0.0009739901940788456,0.1686141371273133
three_point_1d,1,2000,49,Ordinary,inf,4.0,4.0,0.01,1.3920775643327943e-10,1.0,0.8196962970000641,65.0,0.0,0.0,0.0,0.0,0.0,0.0,0.0,0.0008210468185214331,0.0
three_point_1d,1,2000,49,RR-balanced,86.2579949880003,4.0,4.0,0.01,1.4538646730954952e-08,1.0,0.4334006269998554,52.0,0.3774619837843851,0.10784151804864962,0.037969617720591486,0.037969617720591486,0.0754520250374058,0.006142150479978727,9.454597082021898e-06,0.000695788954916217,0.018823551512904702
three_point_1d,1,2000,49,RR-tiny,8000000000.0,4.0,4.0,0.01,1.1296529489612794e-08,1.0,0.07542520199990577,19.0,5.031366918273328e-05,1.1013943042034477e-05,0.0,-7.172275218181312e-09,1.456245971844922e-08,2.698375411099169e-06,2.0779687239142818e-12,0.000821044245086903,4.3082953765218034e-05
three_point_1d,1,2000,49,BB,1.0,3.0,3.0,0.01,1.931711679503678e-09,1.0,0.7046622639998077,35.0,7.275769291757543,0.9929836415756472,3.43708614802199,3.43708614802199,6.614601579448454,0.05750913657606265,0.0008631237801450986,0.002919554797576294,0.3117144726053151
three_point_1d,1,2000,50,Ordinary,inf,4.0,5.0,0.01,2.623901096399095e-11,1.0,0.8069495329998517,107.0,0.0,0.0,0.0,0.0,0.0,0.0,0.0,0.0005534460257321667,0.0
three_point_1d,1,2000,50,RR-balanced,86.2579949880003,4.0,4.0,0.01,1.481158307115038e-09,1.0,0.3993228369999997,99.0,0.4510727710227145,0.10677486805259663,0.010513370554690482,0.010513370554690482,0.020086239339149912,0.003169088144809948,2.499402595839634e-06,0.0005701593418553192,0.009838937810638217
three_point_1d,1,2000,50,RR-tiny,8000000000.0,4.0,4.0,0.01,1.4530533221090991e-08,1.0,0.14899150199994438,4.0,4.3513798000716086e-05,1.1290330697022407e-05,0.0,-1.190528564620763e-09,3.3201937967188106e-10,4.0744286695921004e-07,4.247677358290436e-14,0.0005534461716227031,9.684547115793882e-06
three_point_1d,1,2000,50,BB,1.0,4.0,4.0,0.01,5.407869041462732e-09,1.0,0.557724392999944,66.0,7.935748155457661,1.0051100867254221,2.3214894615039157,2.3214894615039157,4.599191019601637,0.04795409794585671,0.0005784988579506783,0.0003675970601130418,0.13543587770172955
three_point_1d,1,2000,51,Ordinary,inf,4.0,4.0,0.01,1.3575768065265947e-08,1.0,0.6266482629998791,61.0,0.0,0.0,0.0,0.0,0.0,0.0,0.0,0.0006130352149831832,0.0
three_point_1d,1,2000,51,RR-balanced,86.2579949880003,4.0,4.0,0.01,2.0501348396706476e-08,1.0,0.5016229359998761,69.0,0.40205326104706485,0.10875786566530597,0.021810749743053748,0.021810749743053748,0.04253655549347635,0.004611754302512025,5.425791902661535e-06,0.0005825087739298346,0.018124001038545855
three_point_1d,1,2000,51,RR-tiny,8000000000.0,4.0,4.0,0.01,1.060550336440258e-08,1.0,0.07051704599984987,9.0,3.498404486101947e-05,1.148968891341942e-05,3.728928277269006e-10,3.728928277269006e-10,7.250925341233224e-10,6.021181504170599e-07,9.676260131882606e-14,0.0006130276931362312,3.5007639722511315e-06
three_point_1d,1,2000,51,BB,1.0,4.0,4.0,0.01,1.9552608421236073e-08,1.0,0.6872616600001038,126.0,6.331096114835414,1.0158567627734911,4.272507076776492,4.272507076776492,8.21252297681742,0.06408011773092111,0.0010309742729453298,0.0006502227534598419,0.37567281703826044
three_point_1d,1,2000,52,Ordinary,inf,3.0,3.0,0.01,1.3380039298738211e-09,1.0,0.7210102629999255,40.0,0.0,0.0,0.0,0.0,0.0,0.0,0.0,0.0011601430100654214,0.0
three_point_1d,1,2000,52,RR-balanced,86.2579949880003,3.0,3.0,0.01,2.779643182293512e-11,1.0,0.45525353199968777,29.0,0.36367926211161694,0.10796714739523862,0.056526968963225954,0.056526968963225954,0.10931713527854917,0.007393143285455422,1.3768371747815044e-05,0.001126945284012895,0.033379569290254284
three_point_1d,1,2000,52,RR-tiny,8000000000.0,3.0,3.0,0.01,1.5457701785237532e-09,1.0,0.07011110099983853,8.0,4.319944974784384e-05,1.1244399816982476e-05,9.658833732828498e-10,9.658833732828498e-10,1.8288941197009565e-09,9.56267253360941e-07,2.3466887059321327e-13,0.0011601646812915444,4.7314960213636476e-06
three_point_1d,1,2000,52,BB,1.0,4.0,4.0,0.01,1.779560276915504e-08,1.0,0.6781595709999237,86.0,6.178879877581769,0.9878566232656969,0.8556111871457688,0.8556111871457688,1.3872559665717978,0.026336818017480754,0.00017137887517804155,0.0009475672650063789,0.08648394381626362
three_point_1d,1,2000,53,Ordinary,inf,4.0,4.0,0.01,7.437862326042932e-09,1.0,0.8297205690000737,103.0,0.0,0.0,0.0,0.0,0.0,0.0,0.0,0.0007668174330185944,0.0
three_point_1d,1,2000,53,RR-balanced,86.2579949880003,4.0,4.0,0.01,8.162324149907363e-09,1.0,0.4956546870000693,96.0,0.37007602677636764,0.10822135634409041,0.0067526361272030044,0.0067526361272030044,0.013052173139309179,0.0025546206312590898,1.6284440981462667e-06,0.0008016587175388591,0.023345928029378113
three_point_1d,1,2000,53,RR-tiny,8000000000.0,4.0,4.0,0.01,3.5731088976476144e-08,1.0,0.07728822100011712,5.0,3.6242869648317466e-05,1.1079309039579876e-05,3.4015101846307516e-10,3.4015101846307516e-10,6.833070605944555e-10,5.845113602807286e-07,8.673115425036654e-14,0.0007668223750625236,1.3977110360207925e-06
three_point_1d,1,2000,53,BB,1.0,4.0,4.0,0.01,2.0596817806861623e-08,1.0,0.8144429769999988,82.0,6.711905353937793,0.9966206415642732,1.1086159813803533,1.1086159813803533,2.114541195543599,0.03251569771313234,0.0002627482263204291,0.0006401425541650025,0.27423390222381633
three_point_1d,1,2000,54,Ordinary,inf,5.0,5.0,0.01,1.461726029106103e-08,1.0,0.7602638749999642,116.0,0.0,0.0,0.0,0.0,0.0,0.0,0.0,0.000583893609688734,0.0
three_point_1d,1,2000,54,RR-balanced,86.2579949880003,5.0,5.0,0.01,2.206667293336295e-09,1.0,0.5567939939999178,87.0,0.36020475744417846,0.10704843273676629,0.0455414463112902,0.0455414463112902,0.07922571617311092,0.006293874648144453,9.975183041428558e-06,0.0006644774455682071,0.12248069965718221
three_point_1d,1,2000,54,RR-tiny,8000000000.0,5.0,5.0,0.01,1.3215057492743654e-08,1.0,0.14681891700024607,5.0,3.707415580955775e-05,1.1419998082266735e-05,3.3287506084889174e-10,3.3287506084889174e-10,6.967225456452399e-10,5.902213761146066e-07,8.69625435082252e-14,0.0005838905963558262,1.6852350239553317e-06
three_point_1d,1,2000,54,BB,1.0,5.0,5.0,0.01,1.4141577242554604e-08,1.0,0.6374969480000345,95.0,7.559393510252384,1.04179523999994,1.2164173539240437,1.2164173539240437,2.364193386613646,0.03438163308085908,0.00030260652778272656,0.0003325139549480684,0.1120180612545851
three_point_1d,1,2000,55,Ordinary,inf,4.0,4.0,0.01,8.881877011646111e-09,1.0,0.8505661799999871,67.0,0.0,0.0,0.0,0.0,0.0,0.0,0.0,0.0010597725614749582,0.0
three_point_1d,1,2000,55,RR-balanced,86.2579949880003,4.0,4.0,0.01,1.2621377720734017e-08,1.0,0.4722744390001026,50.0,0.5212632186205475,0.10695619804165113,0.036687115776658175,0.036687115776658175,0.07028193894854391,0.005927981905697078,8.607382841116518e-06,0.0009542198433339618,0.03699692376189204
three_point_1d,1,2000,55,RR-tiny,8000000000.0,4.0,4.0,0.01,1.3144627608596693e-09,1.0,0.07046383200008677,5.0,4.288833007548565e-05,1.1281221935326888e-05,2.892193151637912e-10,2.892193151637912e-10,5.832636183140143e-10,5.400294521199813e-07,7.296545177044716e-14,0.0010597698290965084,1.279460179894465e-06
three_point_1d,1,2000,55,BB,1.0,3.0,3.0,0.01,2.845013113983441e-11,1.0,0.5159497380000175,31.0,5.704599375364269,1.0054587990572863,3.4017671987403446,3.4017671987403446,6.894338920731342,0.05871260052463756,0.0008295705501410557,0.0024908733822842236,0.19021876115773367
three_point_1d,1,2000,56,Ordinary,inf,5.0,5.0,0.01,7.501470999926596e-09,1.0,0.9608923779999259,79.0,0.0,0.0,0.0,0.0,0.0,0.0,0.0,0.0006342923947289698,0.0
three_point_1d,1,2000,56,RR-balanced,86.2579949880003,5.0,5.0,0.01,3.419484917444038e-09,1.0,0.5752977260001444,82.0,0.47629382098210193,0.10761692477098664,0.08605248185358505,0.08605248185358505,0.15062165705118039,0.008678181176121538,1.986790266809387e-05,0.0005822446338114199,0.07710111622647246
three_point_1d,1,2000,56,RR-tiny,8000000000.0,5.0,5.0,0.01,5.392745139332078e-09,1.0,0.07127442100022563,2.0,3.856184425432563e-05,1.1527350441330826e-05,9.731593308970332e-11,9.731593308970332e-11,1.9667667119768235e-10,3.135894379580428e-07,2.4274916309984053e-14,0.0006342895038946137,6.434924995512358e-07
three_point_1d,1,2000,56,BB,1.0,4.0,4.0,0.01,5.86066306595967e-10,1.0,0.4754108729998734,45.0,5.81630559259727,0.9940045598517554,1.4772713760557963,1.4772713760557963,2.883395485337312,0.0379696950563032,0.00038096229778940575,0.0009487767066247027,0.1352632170917001
three_point_1d,1,2000,57,Ordinary,inf,4.0,4.0,0.01,3.0783504634257497e-09,1.0,0.759816489999821,64.0,0.0,0.0,0.0,0.0,0.0,0.0,0.0,0.00033385106497016355,0.0
three_point_1d,1,2000,57,RR-balanced,86.2579949880003,4.0,4.0,0.01,7.596213214000613e-09,1.0,0.4768212090000361,65.0,0.4049494181245541,0.10730991175932335,0.008717119210814417,0.008717119210814417,0.015203033787064626,0.002757084854249559,1.9925555008990443e-06,0.000347895958244093,0.014838948707280624
three_point_1d,1,2000,57,RR-tiny,8000000000.0,4.0,4.0,0.01,1.2652612291219612e-10,1.0,0.07784917700018923,7.0,3.9429579414385074e-05,1.1175727315703756e-05,2.4647306418046355e-10,2.4647306418046355e-10,4.893615463058833e-10,4.946521739090426e-07,6.20758073676433e-14,0.0003338457163469408,2.079995840738866e-06
three_point_1d,1,2000,57,BB,1.0,4.0,4.0,0.01,1.7592709511404792e-09,1.0,0.6318713489999936,34.0,7.709354899050215,1.0104280822349285,4.985333823233304,4.985333823233304,7.790805203618493,0.06241316048566397,0.0013440638460034816,0.002259800029919785,0.1419884168146755
three_point_1d,1,2000,58,Ordinary,inf,4.0,4.0,0.01,3.6747656029234577e-09,1.0,0.7425062869999692,52.0,0.0,0.0,0.0,0.0,0.0,0.0,0.0,0.0008374617475425611,0.0
three_point_1d,1,2000,58,RR-balanced,86.2579949880003,4.0,4.0,0.01,1.1768870322725888e-09,1.0,0.5417862770000283,50.0,0.4069872574615334,0.10742956410524537,0.07824398975753866,0.07824398975753866,0.154757125168771,0.008796508545120927,1.936820077672241e-05,0.0006627533706463461,0.02758769602182687
three_point_1d,1,2000,58,RR-tiny,8000000000.0,4.0,4.0,0.01,1.1510792319313623e-12,1.0,0.12975970100023915,6.0,3.49020275657308e-05,1.0964541653255343e-05,1.6007106751203537e-10,1.6007106751203537e-10,3.377787010870162e-10,4.109614952078943e-07,4.17147335054309e-14,0.000837463489071813,1.1968882714807285e-06
three_point_1d,1,2000,58,BB,1.0,4.0,4.0,0.01,1.1353725071217013e-08,1.0,0.5881574879999789,38.0,10.537285237839006,1.0252953955191255,6.191621322189349,6.191621322189349,11.892482611881148,0.07711187525887679,0.001532373089483077,0.0005709467577944674,0.19608619493245186
three_point_1d,1,2000,59,Ordinary,inf,4.0,4.0,0.01,1.741728627990824e-08,1.0,0.8183214600001065,80.0,0.0,0.0,0.0,0.0,0.0,0.0,0.0,0.0003204511366457769,0.0
three_point_1d,1,2000,59,RR-balanced,86.2579949880003,5.0,6.0,0.01,4.7273296388539165e-12,1.0,0.587300052999808,284.0,0.39177451383748774,0.10856864119147705,0.04449680662037281,0.04449680662037281,0.0785684043734833,0.006267711080349959,1.0608780095283564e-05,0.0002903954472440284,0.025686948360859493
three_point_1d,1,2000,59,RR-tiny,8000000000.0,4.0,4.0,0.01,1.3096265139012075e-07,1.0,0.07301339700006793,3.0,3.888881917246678e-05,1.1172578546423687e-05,1.7553247744217515e-10,1.7553247744217515e-10,3.4100464421454716e-10,4.129192682683548e-07,4.2449889769841014e-14,0.0003204491787303816,4.5600362135367216e-07
three_point_1d,1,2000,59,BB,1.0,5.0,5.0,0.01,1.5723114588084286e-08,1.0,0.7363418960001127,285.0,8.463447724013792,1.0111697899421808,3.9259957074618796,3.9259957074618796,6.699594929267491,0.05787743484842556,0.0008666250242561908,0.0006522745557810764,0.31634960441715426
three_point_1d,1,2000,60,Ordinary,inf,3.0,3.0,0.01,2.096484763569606e-09,1.0,0.7799976239998614,39.0,0.0,0.0,0.0,0.0,0.0,0.0,0.0,0.00010921624609221446,0.0
three_point_1d,1,2000,60,RR-balanced,86.2579949880003,3.0,3.0,0.01,3.3211180472392243e-09,1.0,0.3665962559998661,26.0,0.5308596286479976,0.11390656643621491,0.03096256224307581,0.03096256224307581,0.06155986666763359,0.005547966594511614,7.707029165472679e-06,0.00015480251020286536,0.014449590767833588
three_point_1d,1,2000,60,RR-tiny,8000000000.0,3.0,3.0,0.01,3.51299878076361e-09,1.0,0.07409487699987949,4.0,3.8420706215847034e-05,1.095305956878774e-05,9.640643838793039e-11,9.640643838793039e-11,1.9011135781356786e-10,3.083110100317274e-07,2.3636162968131544e-14,0.00010921796043505914,7.994045475912485e-07
three_point_1d,1,2000,60,BB,1.0,3.0,3.0,0.01,1.108364822144381e-08,1.0,0.5609864210000524,30.0,7.760613517620721,1.0436382830073858,0.6404410824925435,0.6404410824925435,1.2463076187374873,0.024963048879669,0.00016004070447142853,0.00020483402501435418,0.06696552297719885
three_point_1d,1,2000,61,Ordinary,inf,3.0,3.0,0.01,9.440221937495608e-10,1.0,0.602261290000115,32.0,0.0,0.0,0.0,0.0,0.0,0.0,0.0,0.0009452283157298888,0.0
three_point_1d,1,2000,61,RR-balanced,86.2579949880003,3.0,3.0,0.01,6.224590398673513e-09,1.0,0.45349658800000725,26.0,0.3684680185130622,0.1097213768718992,0.06615169601445814,0.06615169601445814,0.12948024641161543,0.008046124732180563,1.6406676814760647e-05,0.0011259105105597858,0.01453132011613945
three_point_1d,1,2000,61,RR-tiny,8000000000.0,3.0,3.0,0.01,8.125944361836446e-12,1.0,0.0678850809999858,3.0,4.865972284728848e-05,1.1451098597376534e-05,1.546140993013978e-10,1.546140993013978e-10,3.0655854684698916e-10,3.9150896978676566e-07,3.877540358352695e-14,0.0009452335566624774,6.745549964158358e-07
three_point_1d,1,2000,61,BB,1.0,3.0,3.0,0.01,5.760303345425655e-10,1.0,0.5818609529999321,35.0,10.126464262924454,0.9962764046981197,1.5848289374707747,1.5848289374707747,2.838287412688196,0.03767152381234529,0.000381948626937791,0.0019785797864106842,0.12543412800929543
three_point_1d,1,2000,62,Ordinary,inf,4.0,4.0,0.01,6.296728471966162e-09,1.0,0.8207622610000271,71.0,0.0,0.0,0.0,0.0,0.0,0.0,0.0,0.0008230977992099556,0.0
three_point_1d,1,2000,62,RR-balanced,86.2579949880003,4.0,4.0,0.01,3.752994581773805e-09,1.0,0.6537889749997703,81.0,0.3904656343647521,0.10412818170548832,0.11105200802649051,0.11105200802649051,0.20268981111752035,0.010067020689298307,2.6862365554563976e-05,0.0008140285204118569,0.07501025473942781
three_point_1d,1,2000,62,RR-tiny,8000000000.0,4.0,4.0,0.01,1.952993056164587e-08,1.0,0.07470831199998429,6.0,4.8795531867984465e-05,1.1092381921613616e-05,3.647073754109442e-10,3.647073754109442e-10,7.221244099756701e-10,6.008845188452063e-07,9.153199614885472e-14,0.0008231076960829831,1.8097036933019155e-06
three_point_1d,1,2000,62,BB,1.0,4.0,4.0,0.01,3.830592287812351e-09,1.0,0.6370222430000467,63.0,7.975997903160323,1.020000213451945,1.2976355983182657,1.2976355983182657,2.2341129499696617,0.033422394812233774,0.0002905723311247805,0.0008447035028586348,0.38222367586249717
three_point_1d,1,2000,63,Ordinary,inf,3.0,3.0,0.01,1.9244135174290022e-09,1.0,0.7997297629999593,40.0,0.0,0.0,0.0,0.0,0.0,0.0,0.0,0.0006382768560156729,0.0
three_point_1d,1,2000,63,RR-balanced,86.2579949880003,3.0,3.0,0.01,4.20366852438292e-09,1.0,0.46046305400000165,23.0,0.4349732785453029,0.10539981018892877,0.03428744535995065,0.03428744535995065,0.0681506415923512,0.0058374070267693,8.439560659410484e-06,0.0006786651582053264,0.012612925910671188
three_point_1d,1,2000,63,RR-tiny,8000000000.0,3.0,3.0,0.01,3.732001374601168e-10,1.0,0.07806029099992884,4.0,4.068112949751068e-05,1.1186011809566206e-05,1.7007550923153758e-10,1.7007550923153758e-10,3.303780705225116e-10,4.064345399461712e-07,4.175031423755686e-14,0.000638270448194258,8.905861362799246e-07
three_point_1d,1,2000,63,BB,1.0,3.0,3.0,0.01,3.9967562592835293e-10,1.0,0.60797986700004,33.0,6.66830521370454,0.991881893952509,2.870727002374224,2.870727002374224,5.646839499871454,0.05313586124206257,0.0007077760599220454,0.002038316792376354,0.1056283663876605
three_point_1d,1,2000,64,Ordinary,inf,4.0,4.0,0.01,1.113109604489182e-12,1.0,0.6352942500000154,44.0,0.0,0.0,0.0,0.0,0.0,0.0,0.0,0.0012311456175481384,0.0
three_point_1d,1,2000,64,RR-balanced,86.2579949880003,4.0,4.0,0.01,6.123497464649574e-08,1.0,0.3889328100001421,31.0,0.3735363798167468,0.10986709731372721,0.03815447407669126,0.03815447407669126,0.07545007365517456,0.006142071053609465,9.177958686583256e-06,0.0013036305313205146,0.012808808933096558
three_point_1d,1,2000,64,RR-tiny,8000000000.0,4.0,4.0,0.01,1.2665346105222852e-08,1.0,0.07152482600008625,5.0,4.741714008527076e-05,1.1151533692327252e-05,3.4015101846307516e-10,3.4015101846307516e-10,6.869174023950983e-10,5.860534968734076e-07,8.16773917710414e-14,0.0012311345048243779,1.8214395294946939e-06
three_point_1d,1,2000,64,BB,1.0,4.0,4.0,0.01,6.048667344771275e-09,1.0,0.6304589439998836,40.0,5.571344658448962,0.987303688566011,4.342959269607491,4.342959269607491,7.720684127776346,0.06213165106359377,0.0010895912990100591,0.0007645374165529916,0.24251426583185584
three_point_1d,1,2000,65,Ordinary,inf,5.0,6.0,0.01,7.083036601684967e-09,1.0,0.8267161829999168,248.0,0.0,0.0,0.0,0.0,0.0,0.0,0.0,0.0004563885740005502,0.0
three_point_1d,1,2000,65,RR-balanced,86.2579949880003,5.0,5.0,0.01,1.4857020280700795e-08,1.0,0.5534305270000459,227.0,0.36096892200476627,0.10510483011717832,0.04752347645808186,0.04752347645808186,0.08617198810812193,0.006563992234460745,1.0682074009958081e-05,0.00039229608770995235,0.055911269187622355
three_point_1d,1,2000,65,RR-tiny,8000000000.0,5.0,5.0,0.01,2.3514949543113062e-08,1.0,0.07431546099996922,7.0,4.2561952855235674e-05,1.1218630984638295e-05,0.0,-2.128217602148652e-10,4.587923874396254e-10,4.789532270690038e-07,5.761621156121616e-14,0.00045638959185293984,2.484570402143484e-05
three_point_1d,1,2000,65,BB,1.0,4.0,5.0,0.01,1.6006795888756642e-10,1.0,0.8479609759999676,86.0,8.795941207347369,1.0229473177074724,3.1394562231726013,3.1394562231726013,6.12580436134475,0.05534349266781394,0.0007930250127898433,0.0016172146339857576,0.1691702862655459
three_point_1d,1,2000,68,Ordinary,inf,4.0,4.0,0.01,4.4393009268617334e-08,1.0,0.7617709810001543,56.0,0.0,0.0,0.0,0.0,0.0,0.0,0.0,0.0005792615302164282,0.0
three_point_1d,1,2000,68,RR-balanced,86.2579949880003,4.0,4.0,0.01,4.577193735144647e-09,1.0,0.4733076489999348,43.0,0.44105247975852646,0.10584397924906722,0.03096578769327607,0.03096578769327607,0.05524990113028101,0.005255944307652099,7.70477483397684e-06,0.0006126986365538245,0.012746231080057225
three_point_1d,1,2000,68,RR-tiny,8000000000.0,4.0,4.0,0.01,4.810082998574217e-09,1.0,0.07071329799987325,5.0,4.149692862687182e-05,1.1287874996255351e-05,1.8189894035458565e-10,1.8189894035458565e-10,3.6441527876875586e-10,4.268578678956005e-07,4.7116930847672356e-14,0.000579262074148305,5.809027056880847e-07
three_point_1d,1,2000,68,BB,1.0,4.0,4.0,0.01,1.0350847068352209e-08,1.0,0.5938123299997642,49.0,6.032781385985723,1.0004101920982102,3.0671963321201474,3.0671963321201474,5.657359810663943,0.05318533543498594,0.0008069348186814436,0.0009493502426703417,0.09721479811942933
three_point_1d,1,2000,66,Ordinary,inf,5.0,5.0,0.01,4.8391846751982825e-08,1.0,1.0837422800002514,564.0,0.0,0.0,0.0,0.0,0.0,0.0,0.0,0.0014398358229688094,0.0
three_point_1d,1,2000,66,RR-balanced,86.2579949880003,5.0,5.0,0.01,1.7602941326799737e-09,1.0,0.613570191000008,306.0,0.4498311244967903,0.10803639051551951,0.02349169574881671,0.02349169574881671,0.04634466756710181,0.0048137650320254416,5.804845350206641e-06,0.0014892585883804908,0.02457409411282659
three_point_1d,1,2000,66,RR-tiny,8000000000.0,5.0,5.0,0.01,5.6557539984680716e-08,1.0,0.07799849100001666,8.0,3.969838657047475e-05,1.1122336130308958e-05,0.0,-5.0622475100681186e-09,2.5474105232070738e-09,1.1285855136424253e-06,3.729979452310062e-13,0.0014398420300873673,4.840616856482642e-06
three_point_1d,1,2000,66,BB,1.0,4.0,4.0,0.01,8.19337220292482e-09,1.0,0.6223510780000652,68.0,5.774060161762161,0.9918965200245754,5.548063584612464,5.548063584612464,10.8891509051846,0.07378736648364881,0.0013307650114449568,0.005261154373753659,0.22849394657632494
three_point_1d,1,2000,67,Ordinary,inf,5.0,5.0,0.01,1.2793841763780733e-08,1.0,1.0874046240001007,190.0,0.0,0.0,0.0,0.0,0.0,0.0,0.0,0.0009670179876054455,0.0
three_point_1d,1,2000,67,RR-balanced,86.2579949880003,5.0,5.0,0.01,2.088577777392686e-08,1.0,0.7064997550000953,294.0,0.35664061671899416,0.10728041626177386,0.057653249560644326,0.057653249560644326,0.10730700381946934,0.007324855077729161,1.3896926065091394e-05,0.0008849303815226826,0.063150663456757
three_point_1d,1,2000,67,RR-tiny,8000000000.0,5.0,5.0,0.01,4.1448208865091374e-08,1.0,0.07907732700027736,6.0,4.3352364101245655e-05,1.1170521314221539e-05,2.9831426218152046e-10,2.9831426218152046e-10,5.975192162629319e-10,5.465890669703026e-07,7.650167922646743e-14,0.0009670136251802999,1.6668385745571938e-06
three_point_1d,1,2000,67,BB,1.0,4.0,4.0,0.01,3.30901661627081e-09,1.0,0.8524584859999322,88.0,6.275034663033075,0.9598802856161283,2.4140224941656925,2.4140224941656925,4.405683087099378,0.04693443877953255,0.0005412765801216237,0.0021149783958536905,0.46904443072089763
three_point_1d,1,2000,69,Ordinary,inf,3.0,3.0,0.01,1.306777575038609e-09,1.0,0.6271307789997991,35.0,0.0,0.0,0.0,0.0,0.0,0.0,0.0,0.000488848167077339,0.0
three_point_1d,1,2000,69,RR-balanced,86.2579949880003,3.0,3.0,0.01,5.6501026080013617e-11,1.0,0.3910111139998662,26.0,0.4408291265573929,0.10819951172416405,0.02223209637486434,0.02223209637486434,0.04160830803668382,0.004561157092048235,5.478080367839689e-06,0.000418966153709075,0.007986991209569408
three_point_1d,1,2000,69,RR-tiny,8000000000.0,3.0,3.0,0.01,1.075015831908388e-08,1.0,0.07448432899968793,5.0,4.003505918037664e-05,1.1174666124534286e-05,3.4560798667371273e-10,3.4560798667371273e-10,6.373520039487914e-10,5.645139519749673e-07,8.243901339825883e-14,0.0004888549649835783,1.2063351346906838e-06
three_point_1d,1,2000,69,BB,1.0,3.0,3.0,0.01,2.5665558567311564e-10,1.0,0.5442747389997749,32.0,6.499233924508506,0.9779340415735137,2.61911943852283,2.61911943852283,4.9768199120505905,0.049883964918852386,0.0006117299646594929,0.0009557247281888401,0.12213408715107187
three_point_1d,1,2000,70,Ordinary,inf,4.0,4.0,0.01,2.0254558030785574e-09,1.0,0.6709489620000113,46.0,0.0,0.0,0.0,0.0,0.0,0.0,0.0,0.0003746387970168068,0.0
three_point_1d,1,2000,70,RR-balanced,86.2579949880003,4.0,4.0,0.01,9.229514930098048e-10,1.0,0.3476294259999122,24.0,0.35813717807259926,0.10595777319071384,0.010965620185743319,0.010965620185743319,0.02145697773772828,0.003275437202705028,2.1228900764049093e-06,0.0003934475560608094,0.005601631359078494
three_point_1d,1,2000,70,RR-tiny,8000000000.0,4.0,4.0,0.01,4.994084923382047e-09,1.0,0.0730638679999629,7.0,3.8025908771999184e-05,1.1332794657453472e-05,3.4560798667371273e-10,3.4560798667371273e-10,6.241233558076692e-10,5.586248096028627e-07,8.231314770635741e-14,0.00037464858534459993,2.932389719752881e-06
three_point_1d,1,2000,70,BB,1.0,5.0,5.0,0.01,8.443237220490118e-09,1.0,0.6940715029998046,68.0,6.989012939480435,1.0116627587017315,3.5156046044157847,3.5156046044157847,6.612208323404451,0.05749873182690402,0.0008306321952083885,0.001250146794963332,0.1179763101866131
three_point_1d,1,2000,71,Ordinary,inf,5.0,5.0,0.01,8.321060285254589e-09,1.0,0.6687415179999334,57.0,0.0,0.0,0.0,0.0,0.0,0.0,0.0,0.0008781422345639244,0.0
three_point_1d,1,2000,71,RR-balanced,86.2579949880003,5.0,5.0,0.01,9.436803205531419e-08,1.0,0.6049854249999953,60.0,0.3955272528084439,0.1068600733972127,0.03047548353788443,0.03047548353788443,0.05683947289968955,0.005331016455596885,7.468041143841518e-06,0.0009291962020456813,0.020747695624362475
three_point_1d,1,2000,71,RR-tiny,8000000000.0,5.0,5.0,0.01,2.9437354776007396e-09,1.0,0.07738475700011804,3.0,4.0484170089616356e-05,1.1143352412021242e-05,8.731149137020111e-11,8.731149137020111e-11,1.7891646292354382e-10,2.9909568947374e-07,2.2125161627071677e-14,0.0008781384908559738,5.771736058684066e-07
three_point_1d,1,2000,71,BB,1.0,6.0,6.0,0.01,2.5530653147143312e-08,1.0,0.7526962809999986,129.0,7.031815247149138,0.9815408587911053,2.5697665589514145,2.5697665589514145,3.1090212323768425,0.03942728263764092,0.0003863878248148015,0.0017768148835297633,0.29789058522440737
three_point_1d,1,2000,73,Ordinary,inf,4.0,4.0,0.01,2.6843951062005544e-08,1.0,0.8309372179999173,59.0,0.0,0.0,0.0,0.0,0.0,0.0,0.0,0.0004153364262020847,0.0
three_point_1d,1,2000,73,RR-balanced,86.2579949880003,4.0,4.0,0.01,8.065411005730994e-09,1.0,0.416902293000021,71.0,0.40260018258599994,0.10748052682598386,0.033878878959512804,0.033878878959512804,0.06344894385424499,0.005632448129110688,8.185191459806526e-06,0.00042532908674274434,0.03722962214325688
three_point_1d,1,2000,73,RR-tiny,8000000000.0,4.0,4.0,0.01,7.715146077558188e-09,1.0,0.0714723219998632,21.0,3.741669762657995e-05,1.1301000596878865e-05,0.0,-6.8375811679288745e-09,3.6374559338902303e-09,1.3486022271022375e-06,6.326488437049448e-13,0.00041533826466739235,6.439251946114046e-05
three_point_1d,1,2000,73,BB,1.0,5.0,5.0,0.01,3.2957536477695726e-08,1.0,0.48443122499998026,41.0,6.539311100841703,1.0061944998178127,3.4682145167353156,3.4682145167353156,4.8437467218105486,0.049212532559351936,0.0006943740851956045,0.0006302234973103371,0.22026347059259316
three_point_1d,1,2000,72,Ordinary,inf,5.0,5.0,0.01,9.807943435191646e-08,1.0,0.9559507409999242,111.0,0.0,0.0,0.0,0.0,0.0,0.0,0.0,0.000984591829220389,0.0
three_point_1d,1,2000,72,RR-balanced,86.2579949880003,5.0,5.0,0.01,8.547234475742016e-09,1.0,0.6718204060000517,103.0,0.41563693666832924,0.11147170175791425,0.06613444260710821,0.06613444260710821,0.120221084796871,0.007753098890020397,1.4246819293006954e-05,0.0011276685763579354,0.08504888006664336
three_point_1d,1,2000,72,RR-tiny,8000000000.0,5.0,5.0,0.01,4.0715844251693056e-08,1.0,0.07353982499989797,2.0,3.884139770826689e-05,1.1329689262079564e-05,1.5734258340671659e-10,1.5734258340671659e-10,3.060264713117903e-10,3.911690627540669e-07,3.8055750202609355e-14,0.0009845861543521638,7.631041949324437e-07
three_point_1d,1,2000,72,BB,1.0,6.0,6.0,0.01,1.0972337260994891e-08,1.0,0.5855886619999637,159.0,5.308397389457536,0.9883943875446038,1.8101398274211533,1.8101398274211533,3.1371391271149305,0.03960517091943254,0.0004247911123594262,0.0015014648649530997,0.3245112194538635
three_point_1d,1,2000,74,Ordinary,inf,5.0,5.0,0.01,5.818831194659424e-09,1.0,0.7858046540000032,117.0,0.0,0.0,0.0,0.0,0.0,0.0,0.0,0.0005318806032076003,0.0
three_point_1d,1,2000,74,RR-balanced,86.2579949880003,5.0,5.0,0.01,5.511780365452523e-09,1.0,0.44150164899997435,115.0,0.3475300856072796,0.10577025544805792,0.029626194581396703,0.029626194581396703,0.05724938924025233,0.005350205100753257,6.900463315079807e-06,0.0005815736715573576,0.03850231312735697
three_point_1d,1,2000,74,RR-tiny,8000000000.0,5.0,5.0,0.01,2.5946489401462713e-09,1.0,0.07623664800007646,7.0,4.349593067232149e-05,1.0850992671282294e-05,3.4378899727016687e-10,3.4378899727016687e-10,6.65643637171954e-10,5.769071143485552e-07,8.505266285036016e-14,0.000531882841418952,2.1533225990632125e-06
three_point_1d,1,2000,74,BB,1.0,5.0,5.0,0.01,1.5562800381729858e-08,1.0,0.8322005529998933,88.0,5.689293808027298,0.9859552194745155,2.6838085497165594,2.6838085497165594,5.221735284226563,0.05109665000871663,0.0006266679230731858,0.0014008873055683536,0.3881027714912491
three_point_1d,1,2000,75,Ordinary,inf,4.0,5.0,0.01,1.8095080989155576e-10,1.0,0.6793054109998593,80.0,0.0,0.0,0.0,0.0,0.0,0.0,0.0,0.0009585911493958862,0.0
three_point_1d,1,2000,75,RR-balanced,86.2579949880003,4.0,4.0,0.01,2.141496091567774e-09,1.0,0.6278633720000926,102.0,0.3752391583016548,0.11049657460981475,0.053416122461385385,0.053416122461385385,0.10463602709870615,0.007233119212991935,1.3240277946581178e-05,0.0010953703645484288,0.037383867034202996
three_point_1d,1,2000,75,RR-tiny,8000000000.0,4.0,4.0,0.01,1.1529175392155366e-09,1.0,0.07667270299998563,7.0,3.7597771646247224e-05,1.1131649861928844e-05,0.0,-1.4342731446959078e-09,2.373552895206493e-10,3.4449621878958944e-07,3.112566415388808e-14,0.000958589817932594,7.4141419462874815e-06
three_point_1d,1,2000,75,BB,1.0,4.0,4.0,0.01,1.3506343821134692e-08,1.0,0.6380527910002911,48.0,7.201773645934663,1.0172598951982061,2.282620040459733,2.282620040459733,4.181765137337001,0.045726169407337196,0.0005311988065291886,0.001937610421158994,0.3003349924952606
three_point_1d,1,2000,76,Ordinary,inf,4.0,4.0,0.01,1.1601177796194406e-09,1.0,0.9316565919998538,70.0,0.0,0.0,0.0,0.0,0.0,0.0,0.0,0.0008244051142267792,0.0
three_point_1d,1,2000,76,RR-balanced,86.2579949880003,4.0,4.0,0.01,1.5651468787680756e-08,1.0,0.4194078079999599,56.0,0.4051387839319103,0.10781374300921194,0.008924943183046707,0.008924943183046707,0.01612718695277045,0.0028396467168268,2.0744897031586427e-06,0.0008232640071671866,0.006974971640086061
three_point_1d,1,2000,76,RR-tiny,8000000000.0,4.0,4.0,0.01,2.4811264154323e-12,1.0,0.06924951600012719,6.0,3.964259972155659e-05,1.1313674500057281e-05,1.8735590856522322e-10,1.8735590856522322e-10,3.70567136684978e-10,4.304457786324417e-07,4.818868469701987e-14,0.0008244141148856678,9.5824342240312e-07
three_point_1d,1,2000,76,BB,1.0,3.0,3.0,0.01,9.123026778468102e-10,1.0,0.5476315910000267,33.0,8.954333553267611,1.001382126695079,1.9342745141320847,1.9342745141320847,3.767183405342545,0.04340036523661146,0.00045916768087577776,0.0010641419955667087,0.14886103701090828
three_point_1d,1,2000,77,Ordinary,inf,3.0,3.0,0.01,2.0600410266524705e-11,1.0,0.8792263970001386,41.0,0.0,0.0,0.0,0.0,0.0,0.0,0.0,0.00048061486856938946,0.0
three_point_1d,1,2000,77,RR-balanced,86.2579949880003,3.0,3.0,0.01,9.35651556233097e-12,1.0,0.44635703799986004,23.0,0.46752292586346433,0.11141217379469683,0.010161540433728078,0.010161540433728078,0.019860544521726798,0.0031512334507083728,2.4814293810996524e-06,0.00046563822704299843,0.008601657985204802
three_point_1d,1,2000,77,RR-tiny,8000000000.0,3.0,3.0,0.01,1.1607019345660774e-08,1.0,0.07772020199990948,7.0,4.193055314949401e-05,1.0985748475278224e-05,2.601154847070575e-10,2.601154847070575e-10,4.87187025492449e-10,4.935519352066452e-07,6.270234491896892e-14,0.00048061226260266715,1.3566624100261209e-06
three_point_1d,1,2000,77,BB,1.0,3.0,3.0,0.01,2.9724922523399755e-09,1.0,0.3894319789999372,24.0,4.898841567896782,0.9643782688448223,1.2045896081881438,1.2045896081881438,2.393550031702647,0.03459443619791083,0.000293757827201885,0.0014863940761560065,0.09965148085680145
three_point_1d,1,2000,78,Ordinary,inf,4.0,4.0,0.01,2.662524889451845e-08,1.0,0.8064007789996595,48.0,0.0,0.0,0.0,0.0,0.0,0.0,0.0,0.00036874475820779365,0.0
three_point_1d,1,2000,78,RR-balanced,86.2579949880003,4.0,4.0,0.01,1.2330270138249944e-10,1.0,0.4515525050001088,35.0,0.3970548819032498,0.10803440683550405,0.015064187084135483,0.015064187084135483,0.029210121079576653,0.003821656779433277,3.239912911418591e-06,0.0003912224063819659,0.008467393774597988
three_point_1d,1,2000,78,RR-tiny,8000000000.0,4.0,4.0,0.01,9.7983581248684e-09,1.0,0.1873100750001413,5.0,3.7847753284303565e-05,1.1070874581447596e-05,1.8462742445990443e-10,1.8462742445990443e-10,3.5455864358298246e-10,4.2104551035664925e-07,4.0225068847332015e-14,0.0003687490653313609,1.263884565580908e-06
three_point_1d,1,2000,78,BB,1.0,4.0,4.0,0.01,9.696101699319115e-10,1.0,0.5996086150000792,33.0,9.70576224631023,1.000322175206738,1.643217396167529,1.643217396167529,3.360592511270929,0.04099141685323239,0.00038576287034199416,0.00025853010981391716,0.06702232858612582
three_point_1d,1,2000,79,Ordinary,inf,4.0,4.0,0.01,9.887700436195246e-09,1.0,0.6635015669996847,77.0,0.0,0.0,0.0,0.0,0.0,0.0,0.0,0.0012648425296898158,0.0
three_point_1d,1,2000,79,RR-balanced,86.2579949880003,4.0,4.0,0.01,4.3621595224863086e-10,1.0,0.45985664799991355,65.0,0.3686381786492394,0.10821837746454566,0.059506560483896465,0.059506560483896465,0.1088321649989655,0.0073767257302601915,1.4394825267357769e-05,0.0012172777758109924,0.03659090008786925
three_point_1d,1,2000,79,RR-tiny,8000000000.0,4.0,4.0,0.01,1.674545391239235e-09,1.0,0.07732308400022703,6.0,3.708684278502794e-05,1.082968696995176e-05,5.811671144329011e-10,5.811671144329011e-10,1.1790218645099818e-09,7.677961528003321e-07,1.4957731326487551e-13,0.0012648189229161983,1.6486610076052746e-06
three_point_1d,1,2000,79,BB,1.0,4.0,4.0,0.01,3.556504868384991e-09,1.0,0.8146296869999787,56.0,8.330700399928421,1.0044348428407437,4.209114185036924,4.209114185036924,8.513006646626103,0.06524188319870183,0.0010241781810431238,0.0027875035887911267,0.14512699977755647
three_point_1d,1,2000,80,Ordinary,inf,3.0,3.0,0.01,1.958081696784575e-09,1.0,0.7362287460000516,39.0,0.0,0.0,0.0,0.0,0.0,0.0,0.0,0.0004237985981688537,0.0
three_point_1d,1,2000,80,RR-balanced,86.2579949880003,3.0,3.0,0.01,1.4669288006530223e-10,1.0,0.3684619929999826,24.0,0.384429002382805,0.10699498125758133,0.02095458760868496,0.02095458760868496,0.04111172943293099,0.004533857597726851,5.177399893577116e-06,0.0004412046768060604,0.00964289790853702
three_point_1d,1,2000,80,RR-tiny,8000000000.0,3.0,3.0,0.01,6.817213460408311e-12,1.0,0.07231644599983156,3.0,4.317929261776765e-05,1.1334241454015289e-05,2.519300323911011e-10,2.519300323911011e-10,5.009008227959895e-10,5.004502087101121e-07,6.227448725763103e-14,0.0004237964388169761,8.558463620160505e-07
three_point_1d,1,2000,80,BB,1.0,4.0,4.0,0.01,8.275860663431445e-09,1.0,0.6077174790000299,44.0,6.497530345840052,0.9859817422896169,2.0514829020576144,2.0514829020576144,3.769010078408772,0.043410886183126766,0.0004889652940701113,0.0002408366312015906,0.10813167785704432
three_point_1d,1,2000,81,Ordinary,inf,4.0,5.0,0.01,8.852219401944694e-09,1.0,0.9863321789998736,189.0,0.0,0.0,0.0,0.0,0.0,0.0,0.0,0.00026035885968608553,0.0
three_point_1d,1,2000,81,RR-balanced,86.2579949880003,4.0,5.0,0.01,8.321934696908784e-09,1.0,0.7024757219999174,171.0,0.39034199698812344,0.10727383565544857,0.06770854587193753,0.06770854587193753,0.12990913486849098,0.008059439647658234,1.6802201600361574e-05,0.00025906765063899166,0.049624417802078796
three_point_1d,1,2000,81,RR-tiny,8000000000.0,4.0,4.0,0.01,1.6664191360149516e-08,1.0,0.07788691900009326,5.0,3.76067990600637e-05,1.1395812103755381e-05,0.0,-9.185896487906575e-11,4.762530522770013e-10,4.879820961249507e-07,6.045010670080741e-14,0.0002603642505077398,9.885853631190202e-06
three_point_1d,1,2000,81,BB,1.0,5.0,5.0,0.01,7.388480938175235e-10,1.0,0.6148368340000161,76.0,7.9204787984298655,1.00881826548504,1.5582339972615955,1.5582339972615955,2.7802725746868555,0.03728453147544472,0.00034850792659565916,0.0009623388117342144,0.11438021624180815
three_point_1d,1,2000,82,Ordinary,inf,4.0,4.0,0.01,9.323823491058647e-09,1.0,0.8989202539999042,64.0,0.0,0.0,0.0,0.0,0.0,0.0,0.0,0.000599846680688325,0.0
three_point_1d,1,2000,82,RR-balanced,86.2579949880003,4.0,4.0,0.01,8.761764647147174e-10,1.0,0.5657453739997891,48.0,0.42304872905847946,0.10895371243706488,0.006164736719256325,0.006164736719256325,0.011500725896537606,0.002397991440407743,1.4930719765339235e-06,0.0005872059316894026,0.013478278146929057
three_point_1d,1,2000,82,RR-tiny,8000000000.0,4.0,4.0,0.01,8.843548116033162e-11,1.0,0.07781513900022219,6.0,4.4747473281203654e-05,1.1144562448737946e-05,3.374225343577564e-10,3.374225343577564e-10,6.268846746799046e-10,5.598592120702778e-07,8.203178277787506e-14,0.0005998527730060881,2.6219124642955617e-06
three_point_1d,1,2000,82,BB,1.0,4.0,4.0,0.01,7.064977491921809e-09,1.0,0.8241156710000723,62.0,6.548368331657771,1.0026478426356422,2.4237288473377703,2.4237288473377703,4.629992756773218,0.04811440925945791,0.0006140378561102153,0.0011550286682898876,0.12331328951240482
three_point_1d,1,2000,83,Ordinary,inf,4.0,4.0,0.01,3.149036587046794e-12,1.0,0.823978243000056,115.0,0.0,0.0,0.0,0.0,0.0,0.0,0.0,0.00039931780376748524,0.0
three_point_1d,1,2000,83,RR-balanced,86.2579949880003,4.0,4.0,0.01,1.1547290457158965e-08,1.0,0.6153493399999661,70.0,0.46309478508522517,0.10799911598487776,0.02855780542267894,0.02855780542267894,0.052887396376198534,0.0051423436474140145,7.077852833203963e-06,0.0003503189293809904,0.043283116374393665
three_point_1d,1,2000,83,RR-tiny,8000000000.0,4.0,4.0,0.01,4.4502179719074775e-12,1.0,0.0762224319996676,5.0,4.202278119436187e-05,1.1203942837577718e-05,3.383320290595293e-10,3.383320290595293e-10,6.445599513695965e-10,5.676970809197439e-07,8.146496077283165e-14,0.000399317989192996,1.1954646232848126e-06
three_point_1d,1,2000,83,BB,1.0,4.0,4.0,0.01,4.922474206026095e-09,1.0,0.6044034080000529,118.0,4.952796869106702,0.9849245969619839,1.810027790199456,1.810027790199456,3.4422693077916264,0.041486559918795546,0.0004475098166098258,0.0013702601898572004,0.11520829357140287
three_point_1d,1,2000,84,Ordinary,inf,5.0,5.0,0.01,2.0895291275024874e-08,1.0,0.927934391000008,128.0,0.0,0.0,0.0,0.0,0.0,0.0,0.0,0.000698136664345705,0.0
three_point_1d,1,2000,84,RR-balanced,86.2579949880003,5.0,5.0,0.01,1.5509815654013437e-12,1.0,0.5088240479999513,233.0,0.3816770254825461,0.10686993222252275,0.03497666977091285,0.03497666977091285,0.06752305737489481,0.005810467166024381,8.534991795731273e-06,0.0007391398315799339,0.040686516112519916
three_point_1d,1,2000,84,RR-tiny,8000000000.0,5.0,5.0,0.01,1.423747630902028e-08,1.0,0.06984391300011339,3.0,3.915574704338454e-05,1.0953100901288928e-05,3.0377123039215803e-10,3.0377123039215803e-10,5.958325544826534e-10,5.458170730577478e-07,7.363403158917529e-14,0.0006981421024075838,1.1348516974910012e-06
three_point_1d,1,2000,84,BB,1.0,4.0,4.0,0.01,3.0707800746654357e-09,1.0,0.7209299820001434,65.0,5.654674577496454,0.9931793887249966,2.8555248825905437,2.8555248825905437,5.22224799441746,0.05109915847847917,0.000709960239941154,0.0018500746549273647,0.29869415039656416
three_point_1d,1,2000,85,Ordinary,inf,3.0,3.0,0.01,2.4947306442868467e-09,1.0,0.5557904879999569,29.0,0.0,0.0,0.0,0.0,0.0,0.0,0.0,0.0005204848623537487,0.0
three_point_1d,1,2000,85,RR-balanced,86.2579949880003,3.0,3.0,0.01,1.8334631590732897e-09,1.0,0.4270529999998871,36.0,0.3573604342157739,0.10787391317766298,0.020079110955521173,0.020079110955521173,0.03935088056267508,0.004435700652809829,4.958966860346124e-06,0.0005678335702674414,0.01278018695257583
three_point_1d,1,2000,85,RR-tiny,8000000000.0,3.0,3.0,0.01,7.992960959768425e-09,1.0,0.0741170780001994,6.0,3.8270219884450896e-05,1.1027281784296712e-05,2.764863893389702e-10,2.764863893389702e-10,5.325402352138496e-10,5.160136796703405e-07,6.838034517762013e-14,0.0005204840997024307,1.3656791676147912e-06
three_point_1d,1,2000,85,BB,1.0,4.0,4.0,0.01,1.7650578776340353e-09,1.0,0.5963526299997284,50.0,6.732504865900756,0.9916225658394906,4.814252460721946,4.814252460721946,8.865547272080772,0.0665790780654132,0.0011747456740999018,0.00033573057395504545,0.2018295000268187
three_point_1d,1,2000,86,Ordinary,inf,3.0,3.0,0.01,8.393272299400678e-09,1.0,0.7550284469998587,40.0,0.0,0.0,0.0,0.0,0.0,0.0,0.0,0.0012786898013032216,0.0
three_point_1d,1,2000,86,RR-balanced,86.2579949880003,3.0,3.0,0.01,7.220266162732969e-09,1.0,0.6604483189998973,26.0,0.4307353372791225,0.11115095810952949,0.020401808859787707,0.020401808859787707,0.03912120676447842,0.004422737091693244,5.005717009824539e-06,0.0012716890242392039,0.011550795379395956
three_point_1d,1,2000,86,RR-tiny,8000000000.0,3.0,3.0,0.01,6.982148192946624e-11,1.0,0.09851671999990685,5.0,4.79771461701084e-05,1.1379569298762927e-05,3.4015101846307516e-10,3.4015101846307516e-10,6.613775858109404e-10,5.750554694161862e-07,8.34881494585548e-14,0.001278694900923907,1.1870387743365402e-06
three_point_1d,1,2000,86,BB,1.0,4.0,4.0,0.01,9.492041819214592e-09,1.0,0.4810217949998332,110.0,8.594702154480528,1.0103656883625514,0.8917250035055986,0.8917250035055986,1.7134063144939744,0.029269491919864055,0.00021365015137522463,0.0010827685553511735,0.04688633074471033
three_point_1d,1,2000,87,Ordinary,inf,3.0,3.0,0.01,6.265017393758399e-10,1.0,0.681276096999909,39.0,0.0,0.0,0.0,0.0,0.0,0.0,0.0,0.000633013594495042,0.0
three_point_1d,1,2000,87,RR-balanced,86.2579949880003,3.0,3.0,0.01,9.026879244089514e-10,1.0,0.5699691160000384,27.0,0.36891756856227964,0.10939360415364138,0.014678079460281879,0.014678079460281879,0.02695566433805751,0.003671216715072641,3.455589600284442e-06,0.0006650830832955067,0.02009462684044565
three_point_1d,1,2000,87,RR-tiny,8000000000.0,3.0,3.0,0.01,8.924814220989674e-09,1.0,0.10006920299974809,6.0,4.253283412736231e-05,1.1276456326606424e-05,1.1459633242338896e-10,1.1459633242338896e-10,2.1230440565375993e-10,3.258100717087794e-07,2.7673488922166285e-14,0.0006330101682157695,9.04537080996609e-07
three_point_1d,1,2000,87,BB,1.0,5.0,5.0,0.01,5.8257665358496524e-09,1.0,0.5424226600000566,96.0,7.285754309102456,0.9872736228267198,6.315499277499839,6.315499277499839,10.162425934629303,0.07128262738784712,0.0013292481912632451,0.002543877665071145,0.14699572614002562
three_point_1d,1,2000,88,Ordinary,inf,4.0,4.0,0.01,8.682410790328277e-09,1.0,0.7744698950000384,44.0,0.0,0.0,0.0,0.0,0.0,0.0,0.0,0.0013119144037272849,0.0
three_point_1d,1,2000,88,RR-balanced,86.2579949880003,4.0,4.0,0.01,1.2182739261845654e-09,1.0,0.5163132390000555,36.0,0.41518472655728234,0.10672319566951652,0.04726095182013523,0.04726095182013523,0.09128550681110595,0.006755942081275784,1.1581495506932899e-05,0.001261267224209839,0.012781190864204626
three_point_1d,1,2000,88,RR-tiny,8000000000.0,4.0,4.0,0.01,8.59407833786463e-09,1.0,0.07592562299987549,5.0,4.419064826799435e-05,1.1111356958211817e-05,1.9099388737231493e-10,1.9099388737231493e-10,3.5429695665308094e-10,4.2089010243356933e-07,4.598490712023823e-14,0.0013119196186373906,1.6909677066280757e-06
three_point_1d,1,2000,88,BB,1.0,4.0,4.0,0.01,1.7549010689066336e-08,1.0,0.5922383319998517,35.0,7.325424726703391,0.9728384738600914,1.1800108730039938,1.1800108730039938,2.3474882195236195,0.034259949062452055,0.0002878275475444415,0.001623770773239951,0.08314380071964653
three_point_1d,1,2000,89,Ordinary,inf,5.0,5.0,0.01,7.892043463186837e-09,1.0,0.9433195670001169,73.0,0.0,0.0,0.0,0.0,0.0,0.0,0.0,0.0011101943898424267,0.0
three_point_1d,1,2000,89,RR-balanced,86.2579949880003,5.0,5.0,0.01,2.278564914526271e-08,1.0,0.4612612689998059,50.0,0.4130116402129336,0.10965663456539886,0.032121418944370816,0.032121418944370816,0.06283763787156568,0.00560524923047877,7.782605716019006e-06,0.0010771600987715265,0.023631567937715117
three_point_1d,1,2000,89,RR-tiny,8000000000.0,5.0,5.0,0.01,2.1006619554952977e-08,1.0,0.08112985299999309,5.0,3.730871756502108e-05,1.1268526990682256e-05,5.093170329928398e-11,5.093170329928398e-11,1.1611693596316001e-10,2.40953248539172e-07,1.3894190384365836e-14,0.001110196396920011,6.138707738074825e-07
three_point_1d,1,2000,89,BB,1.0,5.0,5.0,0.01,1.2605604116089353e-08,1.0,0.6703381710001395,58.0,6.284497103433303,1.0137391242200837,2.9522639281731244,2.9522639281731244,5.510181338497403,0.05248895759346628,0.0007486058221371031,0.0025406944048406467,0.10557460287567946
three_point_1d,1,2000,91,Ordinary,inf,4.0,4.0,0.01,3.884310206814234e-09,1.0,0.7658716039998126,65.0,0.0,0.0,0.0,0.0,0.0,0.0,0.0,0.000716016995616379,0.0
three_point_1d,1,2000,91,RR-balanced,86.2579949880003,4.0,4.0,0.01,1.2945604588310289e-08,1.0,0.514028357999905,50.0,0.46166299443694636,0.10690815499770646,0.03283035978802218,0.03283035978802218,0.06397270701364213,0.005655647929885758,8.05581016855594e-06,0.0006761411813675218,0.026465976148856162
three_point_1d,1,2000,91,RR-tiny,8000000000.0,4.0,4.0,0.01,1.1389545084838915e-08,1.0,0.07741067400024804,3.0,3.707237508931982e-05,1.0798538933541197e-05,7.548806024715304e-11,7.548806024715304e-11,1.451222417228951e-10,2.6937171503602146e-07,1.8045484623284802e-14,0.0007160168325236403,8.878182364025672e-07
three_point_1d,1,2000,91,BB,1.0,3.0,3.0,0.01,1.1014056333635835e-09,1.0,0.46957024800008185,32.0,6.556933679139101,0.9995173360464548,1.8985556887737403,1.8985556887737403,3.8203959844501547,0.04370581188154588,0.00046522383714604597,0.0015795411747428073,0.13500149748591972
three_point_1d,1,2000,90,Ordinary,inf,4.0,4.0,0.01,2.3409849614353107e-09,1.0,0.6909699400000591,81.0,0.0,0.0,0.0,0.0,0.0,0.0,0.0,0.0003891943680740141,0.0
three_point_1d,1,2000,90,RR-balanced,86.2579949880003,4.0,4.0,0.01,1.2353391642960787e-08,1.0,0.5420490999999856,59.0,0.332209346813495,0.10766340484970638,0.014132000974313996,0.014132000974313996,0.02636219629504131,0.0036305782111835374,3.7610236108193997e-06,0.00043210123507020815,0.011667609730291045
three_point_1d,1,2000,90,RR-tiny,8000000000.0,4.0,4.0,0.01,6.6310172908146114e-09,1.0,0.1171762439998929,6.0,3.6605808058531863e-05,1.1139747980975217e-05,5.393303581513464e-10,5.393303581513464e-10,1.0677995001865398e-09,7.306844394766252e-07,1.3331967581506736e-13,0.00038919130242707567,9.007206802911816e-07
three_point_1d,1,2000,90,BB,1.0,4.0,4.0,0.01,1.4137893966648107e-08,1.0,0.6509383510001499,47.0,5.98435121555432,0.9848648244543444,3.719649985247088,3.719649985247088,5.790037869807487,0.05380538016689171,0.0007679517657908314,0.0015162953566324896,0.3899253201794195
three_point_1d,1,2000,92,Ordinary,inf,4.0,4.0,0.01,3.5376923612773226e-08,1.0,0.9029679079999369,57.0,0.0,0.0,0.0,0.0,0.0,0.0,0.0,0.000552068954188004,0.0
three_point_1d,1,2000,92,RR-balanced,86.2579949880003,4.0,4.0,0.01,2.794079190238108e-09,1.0,0.479071630999897,92.0,0.39208779175284003,0.1065927333751719,0.023617779808773776,0.023617779808773776,0.04407943148249675,0.004694647563049688,5.639537207916497e-06,0.0006204636325258393,0.05367497905854889
three_point_1d,1,2000,92,RR-tiny,8000000000.0,4.0,4.0,0.01,4.726498059604012e-08,1.0,0.0750057810000726,10.0,4.1374793474435734e-05,1.1293221420674676e-05,2.646629582159221e-10,2.646629582159221e-10,6.114991022572588e-10,5.529462461475161e-07,8.2561554466683e-14,0.0005520594507070823,4.640452038000652e-06
three_point_1d,1,2000,92,BB,1.0,3.0,3.0,0.01,2.5733237762892713e-10,1.0,0.46231041999999434,27.0,7.846743624622041,1.0089219182476425,1.753864273914587,1.753864273914587,3.4402152464544207,0.04147418019957972,0.00044053551138764874,0.0008397765207053804,0.28385715640315534
three_point_1d,1,2000,93,Ordinary,inf,3.0,3.0,0.01,8.668576967352237e-11,1.0,0.7090345169999637,38.0,0.0,0.0,0.0,0.0,0.0,0.0,0.0,7.49660409342423e-05,0.0
three_point_1d,1,2000,93,RR-balanced,86.2579949880003,3.0,3.0,0.01,3.070876886113183e-11,1.0,0.45059843400008504,29.0,0.40129526986089303,0.1083617675366151,0.04652016808722692,0.04652016808722692,0.08682432030642198,0.0065887904924356935,1.1428947480741932e-05,6.600219216802342e-05,0.0252615131319899
three_point_1d,1,2000,93,RR-tiny,8000000000.0,3.0,3.0,0.01,2.7159139381893738e-09,1.0,0.0676927730000898,6.0,4.866318812113413e-05,1.1154129842466775e-05,4.029061528854072e-10,4.029061528854072e-10,7.86601728399493e-10,6.27137037815298e-07,1.0001746169781271e-13,7.496176516217536e-05,1.6873000600599364e-06
three_point_1d,1,2000,93,BB,1.0,3.0,3.0,0.01,1.4829371952629344e-08,1.0,0.5271477930002675,31.0,5.927826180879453,1.0076401210524264,2.574745803120095,2.574745803120095,4.891920294834415,0.049456649172959624,0.0006462142913106831,0.000454499332624372,0.10910624391861412
three_point_1d,1,2000,94,Ordinary,inf,4.0,4.0,0.01,6.134707408733675e-09,1.0,0.6746616929999618,48.0,0.0,0.0,0.0,0.0,0.0,0.0,0.0,0.0005555877712260735,0.0
three_point_1d,1,2000,94,RR-balanced,86.2579949880003,4.0,4.0,0.01,8.333604917254434e-10,1.0,0.32116176099998484,18.0,0.3992709417763425,0.10916546745253046,0.02906801123117475,0.02906801123117475,0.05578526794105569,0.005281347741867396,7.258158491234038e-06,0.0005964004503977948,0.007786235974846646
three_point_1d,1,2000,94,RR-tiny,8000000000.0,4.0,4.0,0.01,7.987241090745556e-09,1.0,0.07313068500002373,4.0,4.343404212059365e-05,1.1253355725010468e-05,8.094502845779061e-11,8.094502845779061e-11,1.3791188582245595e-10,2.625946361052106e-07,1.836900714344599e-14,0.0005555873022496366,6.980000635644076e-07
three_point_1d,1,2000,94,BB,1.0,4.0,4.0,0.01,2.5455399343954355e-08,1.0,0.5998977540000396,39.0,6.029687072885706,0.9855131893164202,3.561602946953826,3.561602946953826,6.668004339868614,0.057740818923308554,0.0008303995268541651,0.0011473430361260647,0.08101628145813618
three_point_1d,1,2000,95,Ordinary,inf,3.0,3.0,0.01,6.147585995819327e-09,1.0,0.7017321550001725,39.0,0.0,0.0,0.0,0.0,0.0,0.0,0.0,0.00037421566450055035,0.0
three_point_1d,1,2000,95,RR-balanced,86.2579949880003,3.0,3.0,0.01,5.230720301341307e-09,1.0,0.48028416600004675,23.0,0.5193130280710101,0.10638431503074484,0.013110411816342094,0.013110411816342094,0.023980173612262935,0.003462670473223155,3.01582826535276e-06,0.0003347421828497069,0.01639743394672787
three_point_1d,1,2000,95,RR-tiny,8000000000.0,3.0,3.0,0.01,6.7642877965568005e-09,1.0,0.08023320699999203,7.0,4.4378193266858545e-05,1.1085272801192899e-05,5.211404641158879e-10,5.211404641158879e-10,9.981218227927947e-10,7.064424331793762e-07,1.2682497358181348e-13,0.00037422179031497806,1.7482237409423286e-06
three_point_1d,1,2000,95,BB,1.0,3.0,3.0,0.01,1.3619956273913658e-09,1.0,0.6362339790000533,35.0,6.926439689392489,0.980818206181618,4.7343995319542955,4.7343995319542955,9.191928388613825,0.06779354094828587,0.0011869821032817396,0.0021547103387409457,0.13085079372428793
three_point_1d,1,2000,97,Ordinary,inf,4.0,4.0,0.01,3.1911657094596535e-08,1.0,0.7918417949999821,51.0,0.0,0.0,0.0,0.0,0.0,0.0,0.0,0.0010530078887778882,0.0
three_point_1d,1,2000,97,RR-balanced,86.2579949880003,4.0,4.0,0.01,1.0706523001502433e-08,1.0,0.4570853690001968,36.0,0.389033632383023,0.10490159092315711,0.046702054573870555,0.046702054573870555,0.0926866867655286,0.006807594537188911,1.157720695010202e-05,0.0011265458661453651,0.013243065593634761
three_point_1d,1,2000,97,RR-tiny,8000000000.0,4.0,4.0,0.01,5.088479992920725e-08,1.0,0.06788801900006547,3.0,4.0483954163228475e-05,1.1273016759864244e-05,2.7193891583010554e-10,2.7193891583010554e-10,5.467694022703599e-10,5.228620287754504e-07,6.683983126769974e-14,0.0010530115709341996,8.698180674307823e-07
three_point_1d,1,2000,97,BB,1.0,4.0,4.0,0.01,5.970321792503341e-09,1.0,0.6679587700000411,48.0,6.599580155524778,0.9786877411652057,3.564016419654763,3.564016419654763,6.646305646026782,0.0576467936923936,0.0008336723592388023,0.0031241145337271396,0.20429100574550846
three_point_1d,1,2000,96,Ordinary,inf,4.0,4.0,0.01,1.451621600701003e-08,1.0,0.7917521350002517,73.0,0.0,0.0,0.0,0.0,0.0,0.0,0.0,0.0004359734866445198,0.0
three_point_1d,1,2000,96,RR-balanced,86.2579949880003,4.0,4.0,0.01,4.9746247121618126e-09,1.0,0.5751921139999467,88.0,0.41841306787377497,0.10408757033590568,0.015016562021628488,0.015016562021628488,0.026109934463971935,0.003613165818501272,3.387698074744798e-06,0.0004665378153733313,0.02475137166258952
three_point_1d,1,2000,96,RR-tiny,8000000000.0,4.0,4.0,0.01,1.4315729046643355e-08,1.0,0.07332718200018462,5.0,4.492058570448876e-05,1.1306422571182447e-05,5.44787326361984e-10,5.44787326361984e-10,1.0671410086645198e-09,7.304591051744511e-07,1.3530540643711115e-13,0.00043598153124427275,1.6048489680776977e-06
three_point_1d,1,2000,96,BB,1.0,5.0,5.0,0.01,1.9405473894451575e-08,1.0,0.7315146490000188,72.0,6.542170887641659,1.0095442041717655,2.553255766314578,2.553255766314578,4.867031436233435,0.049330677251753975,0.0006021938457146963,0.001178473393100142,0.1937046812801695
uniform_1d,1,200,0,Ordinary,inf,4.0,4.0,0.01,1.1995935356168275e-09,1.0,0.11410494100005053,61.0,0.0,0.0,0.0,0.0,0.0,0.0,0.0,0.006971539065499356,0.0
uniform_1d,1,200,0,RR-balanced,44.90816739296055,4.0,4.0,0.01,1.2919183278725654e-08,1.0,0.08980366300033893,72.0,0.39276187713718547,0.1316712708661079,0.011066367928719956,0.011066367928719956,0.01806274841599236,0.009503354254154783,2.775253974991979e-05,0.007400472860064591,0.06331853820281666
uniform_1d,1,200,0,RR-tiny,8000000.0,4.0,4.0,0.01,3.554846905728937e-08,1.0,0.01148988900013137,23.0,0.0010163598127269635,0.0003458258231702646,1.922351771099784e-07,1.922351771099784e-07,3.725414754184468e-07,4.315909379368656e-05,4.813150662784864e-10,0.006971725104426074,0.00012811550416040842
uniform_1d,1,200,0,BB,1.0,3.0,3.0,0.01,6.263571217246522e-09,1.0,0.08497432900003332,33.0,4.29243713184781,0.9651085676033118,2.904673180587224,2.904673180587224,5.842624931961328,0.1709184737230199,0.0069880608583103455,0.009092852642819744,0.6188236339005889
uniform_1d,1,200,1,Ordinary,inf,4.0,4.0,0.01,7.522645173452247e-09,1.0,0.1168671739999354,60.0,0.0,0.0,0.0,0.0,0.0,0.0,0.0,0.0042571149915557015,0.0
uniform_1d,1,200,1,RR-balanced,44.90816739296055,4.0,4.0,0.01,2.1018940810080267e-08,1.0,0.08895152900004177,41.0,0.5183592578836209,0.1547307957637005,0.12469597606377647,0.12469597606377647,0.19406545214169663,0.031150076415772773,0.00028807766994342027,0.004541460716097793,0.14524907264909773
uniform_1d,1,200,1,RR-tiny,8000000.0,4.0,4.0,0.01,1.2483094558035646e-09,1.0,0.009192178000148488,23.0,0.0010721302579375092,0.0003492831285219104,1.9757385416596662e-07,1.9757385416596662e-07,2.751673275121318e-07,3.7092271938513804e-05,3.4282022206381197e-10,0.004258695638366041,0.00021594219342351928
uniform_1d,1,200,1,BB,1.0,3.0,3.0,0.01,1.02156505477069e-10,1.0,0.05339755099998911,28.0,5.0107555589561885,1.063707167797147,0.7551671499992381,0.7551671499992381,1.4345248924922485,0.08469134821492241,0.0020193808766262767,0.004211519403947733,0.2074841536344723
uniform_1d,1,200,3,Ordinary,inf,3.0,3.0,0.01,1.44683975911164e-09,1.0,0.07739849699987644,38.0,0.0,0.0,0.0,0.0,0.0,0.0,0.0,0.00365851683562095,0.0
uniform_1d,1,200,3,RR-balanced,44.90816739296055,3.0,3.0,0.01,1.2483515998695793e-08,1.0,0.05294558899981894,25.0,0.4558273917609872,0.15254681729087471,0.00923193672844036,0.00923193672844036,0.014953800816170653,0.00864690719742344,2.0407016813084995e-05,0.0036837258300576672,0.038895273122555064
uniform_1d,1,200,3,RR-tiny,8000000.0,3.0,3.0,0.01,1.2786955938537403e-09,1.0,0.0074497920002158935,12.0,0.0015095781618286175,0.0004058076038974354,3.6625374377763364e-07,3.6625374377763364e-07,5.696890369172811e-07,5.337082709295786e-05,8.47501421166405e-10,0.0036609600833901017,0.00018545595320547804
uniform_1d,1,200,3,BB,1.0,3.0,3.0,0.01,4.939645359414158e-09,1.0,0.08027084299988019,35.0,7.054748031144076,1.1118577930376374,1.8468469917914376,1.8468469917914376,3.311832716691418,0.12868241365259314,0.0045793176757600775,0.007091592925179074,0.2585473347146855
uniform_1d,1,200,2,Ordinary,inf,3.0,3.0,0.01,2.7124080759222124e-11,1.0,0.09401620899984664,40.0,0.0,0.0,0.0,0.0,0.0,0.0,0.0,0.006541433757315238,0.0
uniform_1d,1,200,2,RR-balanced,44.90816739296055,3.0,3.0,0.01,1.0492319013621909e-08,1.0,0.06498543700013215,29.0,0.3633859155435082,0.13142310712611752,0.06583761323122417,0.06583761323122417,0.11488258108679904,0.02396691272220924,0.0001637324557594836,0.006660529156240639,0.07198014540975499
uniform_1d,1,200,2,RR-tiny,8000000.0,3.0,3.0,0.01,3.681905891284032e-10,1.0,0.008702609999772903,10.0,0.0010857727279035556,0.0003763273808381079,3.7701323662986397e-07,3.7701323662986397e-07,5.17256615522199e-07,5.085551177218645e-05,7.197650554611737e-10,0.006541281924262577,0.0003269814431233278
uniform_1d,1,200,2,BB,1.0,3.0,3.0,0.01,3.8959435677554666e-10,1.0,0.073881978999907,35.0,3.3966321319918613,0.9196301498693484,3.625169440466209,3.625169440466209,8.33417380834028,0.20413443864694023,0.00826927573673497,0.019533555086372768,0.4295049718690822
uniform_1d,1,200,4,Ordinary,inf,3.0,3.0,0.01,1.3589425140736466e-09,1.0,0.08573909999995522,39.0,0.0,0.0,0.0,0.0,0.0,0.0,0.0,0.006465790983436738,0.0
uniform_1d,1,200,4,RR-balanced,44.90816739296055,3.0,3.0,0.01,4.546968579433042e-09,1.0,0.0753986720001194,37.0,0.3825914336705567,0.14558885508758898,0.06654209495428631,0.06654209495428631,0.11766838316737029,0.024255760467090107,0.0001468144827169641,0.0069179984396183555,0.08348828937767802
uniform_1d,1,200,4,RR-tiny,8000000.0,3.0,3.0,0.01,7.474976193577731e-11,1.0,0.007402040999977544,13.0,0.0010497281921337809,0.0003616259856831858,1.0089269153468194e-07,1.0089269153468194e-07,1.7616366883148518e-07,2.9678583931135022e-05,2.2465108767962028e-10,0.006467063965858384,0.00014943158201289228
uniform_1d,1,200,4,BB,1.0,3.0,3.0,0.01,1.364974799855645e-11,1.0,0.07893640199972651,36.0,6.349969569828172,1.1284581526556308,1.8026218810039722,1.8026218810039722,2.898176825573807,0.1203780882381384,0.004008117028941414,0.00561371735975633,0.6313101848104118
uniform_1d,1,200,5,Ordinary,inf,4.0,4.0,0.01,6.360253435033769e-09,1.0,0.11080905599988,62.0,0.0,0.0,0.0,0.0,0.0,0.0,0.0,0.011998522653176925,0.0
uniform_1d,1,200,5,RR-balanced,44.90816739296055,4.0,4.0,0.01,4.3394927651263515e-09,1.0,0.08273740900017401,44.0,0.417133011208106,0.14175870916640543,0.03310934413184441,0.03310934413184441,0.03868303587959914,0.013907378595479298,7.750403881408676e-05,0.012293639694238747,0.08243779147644666
uniform_1d,1,200,5,RR-tiny,8000000.0,4.0,4.0,0.01,4.742298109761123e-09,1.0,0.010598786000173277,23.0,0.0009235324105898446,0.00035056485381884547,2.074331746371172e-07,2.074331746371172e-07,3.7289745378834355e-07,4.317970899556547e-05,4.666990536689422e-10,0.01199923251933579,0.00026458279072343055
uniform_1d,1,200,5,BB,1.0,4.0,4.0,0.01,1.3139553889374156e-08,1.0,0.11076738299993849,47.0,3.943565485091006,0.9162577084313064,2.3098408369076537,2.3098408369076537,4.283944888206783,0.14635478960742596,0.005964271717880738,0.009885188623982043,0.3906090450761946
uniform_1d,1,200,6,Ordinary,inf,3.0,3.0,0.01,1.0572972053424223e-08,1.0,0.12076918999991904,41.0,0.0,0.0,0.0,0.0,0.0,0.0,0.0,0.007783092174105133,0.0
uniform_1d,1,200,6,RR-balanced,44.90816739296055,3.0,3.0,0.01,4.8965720367277754e-11,1.0,0.07429292799997711,33.0,0.489985382024386,0.15513295591685372,0.06752822394787472,0.06752822394787472,0.12984681908416662,0.025480072516004208,0.000168441752312517,0.008828176654050605,0.05706857180910635
uniform_1d,1,200,6,RR-tiny,8000000.0,3.0,3.0,0.01,5.710656392210467e-10,1.0,0.007738748000065243,13.0,0.0009748926056543095,0.0003506145063117674,3.26600570588198e-07,3.26600570588198e-07,6.459427555668753e-07,5.6830570803348235e-05,7.856456577292904e-10,0.0077836260850917705,0.00014103300624164776
uniform_1d,1,200,6,BB,1.0,3.0,3.0,0.01,1.429837470645623e-08,1.0,0.06728235600007793,33.0,4.309416585380389,1.0083182829469781,1.6512694391750529,1.6512694391750529,3.531124498734402,0.13287446140501194,0.003978954357685923,0.004675610417756736,0.19978268472746483
uniform_1d,1,200,7,Ordinary,inf,4.0,4.0,0.01,4.1300421971257606e-08,1.0,0.08760915800007751,69.0,0.0,0.0,0.0,0.0,0.0,0.0,0.0,0.0014748077749219303,0.0
uniform_1d,1,200,7,RR-balanced,44.90816739296055,4.0,4.0,0.01,1.7861672363395087e-08,1.0,0.07564424300016981,43.0,0.39987300807451187,0.15406977951883535,0.09233409161004147,0.09233409161004147,0.16532838730942037,0.028751381471976294,0.00023770319639151654,0.001814310813340367,0.18305616566704042
uniform_1d,1,200,7,RR-tiny,8000000.0,4.0,4.0,0.01,6.876519798026948e-09,1.0,0.011314494999851377,30.0,0.0011416095559272366,0.000366243300407343,2.7271153157926165e-07,2.7271153157926165e-07,4.904056929553385e-07,4.9517961032101196e-05,6.927114330179822e-10,0.0014747545732797503,0.00017070112482762143
uniform_1d,1,200,7,BB,1.0,4.0,4.0,0.01,5.213923959246358e-09,1.0,0.13113574700014397,69.0,4.74282807319777,1.0034374134463817,3.017315514392749,3.017315514392749,5.581787410032834,0.16705968110278485,0.007399917347349686,0.007687053443833648,0.5808968422605323
three_point_1d,1,2000,99,Ordinary,inf,3.0,3.0,0.01,1.4721570629205871e-09,1.0,0.7574496130000625,40.0,0.0,0.0,0.0,0.0,0.0,0.0,0.0,0.0009740369001389219,0.0
three_point_1d,1,2000,99,RR-balanced,86.2579949880003,3.0,3.0,0.01,1.684195005680067e-10,1.0,0.3182573239998874,22.0,0.38214972131089,0.10558439731889116,0.013613676231216232,0.013613676231216232,0.02650083440960679,0.0036401122516762302,3.3920752200497018e-06,0.0010075541006338603,0.005598370742385213
three_point_1d,1,2000,99,RR-tiny,8000000000.0,3.0,3.0,0.01,7.52567230755119e-09,1.0,0.0692697810000027,6.0,3.745676441035961e-05,1.119378485936633e-05,3.2741809263825417e-10,3.2741809263825417e-10,5.911260172229314e-10,5.436570689427902e-07,7.940798258867306e-14,0.0009740355008912981,1.4827358495356972e-06
three_point_1d,1,2000,99,BB,1.0,3.0,3.0,0.01,1.8001999890771003e-09,1.0,0.5534476319999158,27.0,5.94449107710095,0.9913160981396338,1.6135861790589843,1.6135861790589843,3.074031294203126,0.039204791124320036,0.00039330674397803527,0.001358144949625851,0.1120501397772101
three_point_1d,1,2000,98,Ordinary,inf,4.0,5.0,0.01,1.4512762103180421e-08,1.0,0.7884049980000327,103.0,0.0,0.0,0.0,0.0,0.0,0.0,0.0,0.0004709395615977227,0.0
three_point_1d,1,2000,98,RR-balanced,86.2579949880003,4.0,4.0,0.01,2.0423148727743978e-08,1.0,0.440876240000307,77.0,0.3561594076405252,0.10566250891557778,0.024534226288778882,0.024534226288778882,0.03758624005192722,0.004335103231292607,4.88897703096715e-06,0.0004855811321140986,0.11828000934827106
three_point_1d,1,2000,98,RR-tiny,8000000000.0,4.0,4.0,0.01,3.691140504358259e-09,1.0,0.07761055600008149,22.0,4.195914453630767e-05,1.1185471496455648e-05,0.0,-3.2287061912938952e-09,4.360602908208222e-09,1.4765843877354626e-06,5.597687783243733e-13,0.00047093319475948045,7.474215516903415e-05
three_point_1d,1,2000,98,BB,1.0,4.0,4.0,0.01,1.1800890042934498e-08,1.0,0.7613884410000082,68.0,7.5149907685098025,0.9903901876303371,3.8345652300331494,3.8345652300331494,6.929609829768005,0.058862593511363415,0.0009100195255561591,0.0009314069747678102,0.38910340796375326
uniform_1d,1,200,8,Ordinary,inf,4.0,4.0,0.01,1.3589392056090333e-08,1.0,0.12763613599986456,63.0,0.0,0.0,0.0,0.0,0.0,0.0,0.0,0.009065952090713108,0.0
uniform_1d,1,200,8,RR-balanced,44.90816739296055,4.0,4.0,0.01,2.2355945983321135e-08,1.0,0.0652586070000325,39.0,0.4656117343526993,0.15058265734511425,0.04954316949482518,0.04954316949482518,0.08593858227640985,0.02072903546675651,0.00012811489350433264,0.010523120509519897,0.03108273735974372
uniform_1d,1,200,8,RR-tiny,8000000.0,4.0,4.0,0.01,7.408356150762074e-09,1.0,0.008285561999855418,19.0,0.0009526866254335742,0.00034384686482638225,3.523846316966228e-07,3.523846316966228e-07,6.527019194148841e-07,5.7127135383059605e-05,8.605302448058019e-10,0.009067179854446968,0.00017146063953826278
uniform_1d,1,200,8,BB,1.0,4.0,4.0,0.01,1.1932138388459634e-08,1.0,0.07170600099993862,45.0,3.7152876330627436,0.9264820255968703,0.8602113634757984,0.8602113634757984,1.558592977071032,0.08827777118479578,0.0021230880074480656,0.005988323507006237,0.23888291847691345
uniform_1d,1,200,11,Ordinary,inf,3.0,3.0,0.01,8.675036466954111e-09,1.0,0.06785836400013068,36.0,0.0,0.0,0.0,0.0,0.0,0.0,0.0,0.004057231213996445,0.0
uniform_1d,1,200,11,RR-balanced,44.90816739296055,3.0,3.0,0.01,4.328829739108642e-09,1.0,0.04152391299999181,30.0,0.4434379448773531,0.1500817850991563,0.05989453815453771,0.05989453815453771,0.09997543933407536,0.0223579336404413,0.00013736189996037295,0.004874408495198436,0.08550787861696717
uniform_1d,1,200,11,RR-tiny,8000000.0,3.0,3.0,0.01,1.5792893659494212e-09,1.0,0.008222316000001229,17.0,0.0010969851549599285,0.00032705698007740784,1.687631652202981e-07,1.687631652202981e-07,3.0951688821693734e-07,3.933934977963777e-05,4.3863096208712304e-10,0.004055754057776766,0.00010290935486310146
uniform_1d,1,200,11,BB,1.0,2.0,2.0,0.01,9.744893780805342e-10,1.0,0.03375203600012355,18.0,7.2343219772222245,0.9865331056460862,2.2450797510231837,2.2450797510231837,4.070115597061076,0.14265545199993365,0.0059255874874302415,0.010439884532072584,0.3539103437109959
uniform_1d,1,200,10,Ordinary,inf,3.0,3.0,0.01,1.5323431412639366e-10,1.0,0.10344205899991721,43.0,0.0,0.0,0.0,0.0,0.0,0.0,0.0,0.003081662872848673,0.0
uniform_1d,1,200,10,RR-balanced,44.90816739296055,3.0,3.0,0.01,5.459732665968886e-10,1.0,0.07198091500004011,33.0,0.45662377250457054,0.15768526036270153,0.05096531702770335,0.05096531702770335,0.08701168849277663,0.02085805461839342,0.00011693063744726206,0.003596455738445177,0.07646530220930077
uniform_1d,1,200,10,RR-tiny,8000000.0,3.0,3.0,0.01,4.212394211222659e-09,1.0,0.007233395999946879,11.0,0.0008569309993901042,0.00034132675024548757,2.808706085488666e-07,2.808706085488666e-07,4.502739459288959e-07,4.744860092399437e-05,6.663574827833079e-10,0.0030810107625225767,0.0001965044437559521
uniform_1d,1,200,10,BB,1.0,3.0,3.0,0.01,4.115697560536091e-09,1.0,0.07409499800019148,34.0,4.674347906489498,0.9575415357605361,4.991912274995855,4.991912274995855,9.632892466065847,0.21946403425237865,0.012288637763767558,0.014707966145348408,0.4906045486795122
uniform_1d,1,200,9,Ordinary,inf,4.0,4.0,0.01,2.9662994283086164e-09,1.0,0.16993703000002824,78.0,0.0,0.0,0.0,0.0,0.0,0.0,0.0,0.0015061439446701153,0.0
uniform_1d,1,200,9,RR-balanced,44.90816739296055,4.0,4.0,0.01,6.470379787515412e-13,1.0,0.07330081399982191,34.0,0.3863118339263021,0.1437504743931329,0.04750023169549422,0.04750023169549422,0.08164695105242042,0.020204820099721306,0.00011534058793376896,0.0019558048831614583,0.10963494918565656
uniform_1d,1,200,9,RR-tiny,8000000.0,4.0,4.0,0.01,4.498912353767537e-10,1.0,0.009366850000105842,26.0,0.0011045470202760699,0.00035955858531383603,3.0677699669467984e-07,3.0677699669467984e-07,5.297961472718063e-07,5.146824978915673e-05,7.033410974628443e-10,0.0015059484469336025,0.0004778509750873677
uniform_1d,1,200,9,BB,1.0,4.0,4.0,0.01,6.8471894820731904e-12,1.0,0.09750632700001916,41.0,4.420034717486946,0.957664481416482,2.329173598708394,2.329173598708394,4.040497805584129,0.142135460135466,0.006221369154419627,0.007690027431159497,0.3148290904478652
uniform_1d,1,200,12,Ordinary,inf,4.0,4.0,0.01,9.179949911342078e-09,1.0,0.11334146200010764,62.0,0.0,0.0,0.0,0.0,0.0,0.0,0.0,0.004935201630165337,0.0
uniform_1d,1,200,12,RR-balanced,44.90816739296055,4.0,4.0,0.01,2.7954007997266217e-09,1.0,0.08374981399992976,47.0,0.45431433765645557,0.13874710457872572,0.07086340371563438,0.07086340371563438,0.11468874720290581,0.023946685282404515,0.0001548686475873474,0.005605198105763005,0.10937593649239265
uniform_1d,1,200,12,RR-tiny,8000000.0,4.0,4.0,0.01,9.784032029003242e-09,1.0,0.009743258000298738,33.0,0.0010671576499794444,0.0003609934677837886,2.124027673744422e-07,2.124027673744422e-07,3.901844682538379e-07,4.416924655537141e-05,5.966073361820474e-10,0.004933352519541921,0.00010053925298760722
uniform_1d,1,200,12,BB,1.0,4.0,4.0,0.01,2.309421653912125e-08,1.0,0.10920075399985762,54.0,4.369016154039328,0.908950237509672,2.1105287787790985,2.1105287787790985,3.8646489057649016,0.1390080736102206,0.005110343999560667,0.008313144094895043,0.41165379942740743
uniform_1d,1,200,13,Ordinary,inf,4.0,4.0,0.01,6.460705304078829e-10,1.0,0.12096566700006406,77.0,0.0,0.0,0.0,0.0,0.0,0.0,0.0,0.008077388332521673,0.0
uniform_1d,1,200,13,RR-balanced,44.90816739296055,5.0,5.0,0.01,6.949009812018403e-09,1.0,0.10684238199996798,160.0,0.4717504383801516,0.14587712511875064,0.05769972345694896,0.05769972345694896,0.10507206954464196,0.02292074055791413,0.0001474260084377868,0.006536960863213377,0.11420361944755894
uniform_1d,1,200,13,RR-tiny,8000000.0,4.0,4.0,0.01,7.327447537619491e-10,1.0,0.008707237000180612,23.0,0.001323621712417622,0.00035231943242948455,2.871289552786038e-07,2.871289552786038e-07,5.710022827008977e-07,5.343230683308075e-05,7.360447418358218e-10,0.008079247472709628,0.00011028930456494371
uniform_1d,1,200,13,BB,1.0,3.0,3.0,0.01,1.6394805513186839e-09,1.0,0.09084173699989151,47.0,4.497442475650094,0.9739529706594539,0.9046438027550607,0.9046438027550607,1.8510429688395234,0.09620402717245062,0.002238737659334187,0.006366941031139871,0.18909045619312395
uniform_1d,1,200,14,Ordinary,inf,4.0,4.0,0.01,7.2922994309720934e-09,1.0,0.10180675600008726,61.0,0.0,0.0,0.0,0.0,0.0,0.0,0.0,0.008457083355215538,0.0
uniform_1d,1,200,14,RR-balanced,44.90816739296055,4.0,4.0,0.01,1.6005509406724627e-07,1.0,0.07104793899998185,66.0,0.5785746471170745,0.15773032560122988,0.11683015750458026,0.11683015750458026,0.22480164147793963,0.033526231631212274,0.0002699190480479069,0.008145260542045143,0.19094438698980726
uniform_1d,1,200,14,RR-tiny,8000000.0,4.0,4.0,0.01,4.675178910673594e-09,1.0,0.011094574000253488,24.0,0.00107026635420171,0.00034083500210748855,4.958042154612485e-08,4.958042154612485e-08,9.677654326072667e-08,2.1997334299947194e-05,1.2349450268720855e-10,0.00845748504207546,7.090900057816796e-05
uniform_1d,1,200,14,BB,1.0,4.0,4.0,0.01,5.348944398519961e-09,1.0,0.10673164400009227,51.0,5.360342095571634,0.940498374565273,2.83597843372155,2.83597843372155,4.332327606271436,0.1471789320227497,0.007153347450364915,0.00369017463694383,0.6734991980751663
uniform_1d,1,200,15,Ordinary,inf,3.0,3.0,0.01,1.4091394717752337e-11,1.0,0.08308599399993,39.0,0.0,0.0,0.0,0.0,0.0,0.0,0.0,0.005442305108744663,0.0
uniform_1d,1,200,15,RR-balanced,44.90816739296055,3.0,3.0,0.01,5.444180661839937e-10,1.0,0.06807337800000823,32.0,0.5214339816277482,0.15594380968020888,0.03168905524950105,0.03168905524950105,0.05438329967412085,0.016489890793167924,7.066199437172864e-05,0.005598370637869215,0.050594246157238384
uniform_1d,1,200,15,RR-tiny,8000000.0,3.0,3.0,0.01,2.575999413778618e-10,1.0,0.007516233000160355,12.0,0.0008986544416846876,0.00033771280183853236,1.5911928130663e-07,1.5911928130663e-07,2.7829371145031046e-07,3.730239345205013e-05,3.332497435314656e-10,0.005442390954403129,0.00011038352521648143
uniform_1d,1,200,15,BB,1.0,3.0,3.0,0.01,2.3282931138624008e-11,1.0,0.0782861130001038,36.0,5.60783337585691,1.028300538229562,4.521672903437548,4.521672903437548,7.3422509181794915,0.19160181259815226,0.011145303805814641,0.01951724360746392,0.5865197547617746
uniform_1d,1,200,16,Ordinary,inf,4.0,4.0,0.01,2.7847943950831677e-08,1.0,0.11321761499993954,57.0,0.0,0.0,0.0,0.0,0.0,0.0,0.0,0.006753902695731037,0.0
uniform_1d,1,200,16,RR-balanced,44.90816739296055,4.0,4.0,0.01,1.0449243026400268e-08,1.0,0.10336276900011399,81.0,0.5719749895782593,0.15324415824651993,0.11507576864789826,0.11507576864789826,0.1727838070852805,0.029392499645766818,0.0002715862506912337,0.005297486872456745,0.12641375555715595
uniform_1d,1,200,16,RR-tiny,8000000.0,4.0,4.0,0.01,8.212183155720254e-09,1.0,0.008381075999977838,19.0,0.001155814910147046,0.00034272877650992807,2.236261025245767e-07,2.236261025245767e-07,4.0613917756308515e-07,4.506324320125467e-05,4.984806328835015e-10,0.006753847255424392,0.0002698324735859073
uniform_1d,1,200,16,BB,1.0,4.0,4.0,0.01,1.4290918892712057e-08,1.0,0.07423348899988014,41.0,3.0305331730523006,0.900594729728305,3.5168481059647547,3.5168481059647547,7.339392768570242,0.19156451613712602,0.00832492374136204,0.017099163108605944,0.33936990488430613
uniform_1d,1,200,19,Ordinary,inf,3.0,3.0,0.01,7.289654879727436e-09,1.0,0.08501291599986871,36.0,0.0,0.0,0.0,0.0,0.0,0.0,0.0,0.005983288556876057,0.0
uniform_1d,1,200,19,RR-balanced,44.90816739296055,3.0,3.0,0.01,1.4809300452611751e-09,1.0,0.06669398100007129,32.0,0.4007115483784558,0.14572970598252083,0.09487030658260664,0.09487030658260664,0.18898299012304373,0.03073946893840586,0.00023339798477062555,0.005440953104842046,0.04777462880130095
uniform_1d,1,200,19,RR-tiny,8000000.0,3.0,3.0,0.01,1.2124558690373988e-08,1.0,0.008217410000042946,15.0,0.0011811966516872552,0.0003645008651549203,2.8944373298145365e-07,2.8944373298145365e-07,3.9460454416902555e-07,4.4418720387299856e-05,6.203691908559897e-10,0.005980684589133561,0.00047777632301260133
uniform_1d,1,200,19,BB,1.0,3.0,3.0,0.01,5.195524011014641e-10,1.0,0.05704727800002729,32.0,3.1061417512808704,0.9539326362100348,1.5695689237523425,1.5695689237523425,3.018733169727034,0.12285628127464697,0.0038557582422266068,0.0026701975508024345,0.3771867536278864
uniform_1d,1,200,17,Ordinary,inf,4.0,4.0,0.01,4.607462189554212e-09,1.0,0.12128236400008063,58.0,0.0,0.0,0.0,0.0,0.0,0.0,0.0,0.009767600694143178,0.0
uniform_1d,1,200,17,RR-balanced,44.90816739296055,4.0,4.0,0.01,3.4444271879152666e-09,1.0,0.09501112799989642,62.0,0.5748848364858343,0.15326521368979867,0.04723025436192074,0.04723025436192074,0.0808443164409943,0.020105262550013405,0.00010086926164107443,0.010268586095666913,0.1763105559657056
uniform_1d,1,200,17,RR-tiny,8000000.0,4.0,4.0,0.01,3.6622846977252266e-09,1.0,0.014264648000107627,19.0,0.0009413773429161054,0.00036922307988158557,1.055601046573429e-06,1.055601046573429e-06,1.985858394864462e-06,9.964583269922686e-05,2.5538655525512097e-09,0.009765595215138262,0.0004423021916495704
uniform_1d,1,200,17,BB,1.0,4.0,4.0,0.01,2.16136708530712e-09,1.0,0.116523104999942,53.0,4.764961805083697,0.9374392505620236,1.508910798594286,1.508910798594286,2.8755357637582675,0.11990695900902223,0.003649498291578769,0.007727422164795375,0.3255630751503128
uniform_1d,1,200,18,Ordinary,inf,4.0,4.0,0.01,8.266411777313465e-09,1.0,0.11836565000021437,121.0,0.0,0.0,0.0,0.0,0.0,0.0,0.0,0.003714433641168301,0.0
uniform_1d,1,200,18,RR-balanced,44.90816739296055,5.0,6.0,0.01,6.011951847462171e-08,1.0,0.13198532699993848,136.0,0.47648890791801946,0.15434212528684413,0.15399227824559603,0.15399227824559603,0.30557414248283427,0.03908798680431331,0.00037633645276628823,0.005611466081066718,0.19109798188826935
uniform_1d,1,200,18,RR-tiny,8000000.0,4.0,4.0,0.01,8.53885562257517e-09,1.0,0.021224884999810456,89.0,0.0010678943423245713,0.00035374534865229294,5.864032459612645e-07,5.864032459612645e-07,1.1619563865412795e-06,7.622192553790803e-05,1.3986149064757616e-09,0.0037160589684186464,0.0002862432873444452
uniform_1d,1,200,18,BB,1.0,4.0,4.0,0.01,1.8341281826650402e-09,1.0,0.10555268799998885,51.0,5.896789588518375,1.0170232495613594,1.0826827526602187,1.0826827526602187,2.035764453527373,0.1008901495074562,0.0026791208105663637,0.006715574444910994,0.579450300148043
uniform_1d,1,200,20,Ordinary,inf,4.0,4.0,0.01,2.4981039459248677e-09,1.0,0.09351473299989266,52.0,0.0,0.0,0.0,0.0,0.0,0.0,0.0,0.00482074171000844,0.0
uniform_1d,1,200,20,RR-balanced,44.90816739296055,4.0,4.0,0.01,6.627333570818905e-09,1.0,0.0905108989998098,56.0,0.5781274972430521,0.1570765497688064,0.14846757196659155,0.14846757196659155,0.3107616265242643,0.039418373033666944,0.000384733667504519,0.005401492947809022,0.08339659375172068
uniform_1d,1,200,20,RR-tiny,8000000.0,4.0,4.0,0.01,4.557259014603687e-09,1.0,0.008456640999838783,18.0,0.0009716971192363921,0.0003426219001264385,9.192319794237847e-08,9.192319794237847e-08,1.4528193715905992e-07,2.6951988531373705e-05,1.719335721546769e-10,0.004821609077626613,0.00016363061899979655
uniform_1d,1,200,20,BB,1.0,3.0,3.0,0.01,2.831235246247843e-10,1.0,0.07686690499986071,36.0,4.670284753485697,1.0182358910239746,1.8081267325065937,1.8081267325065937,3.112599120122317,0.1247517358621177,0.004099808628773448,0.005242834101893196,0.6790430912424231
uniform_1d,1,200,21,Ordinary,inf,4.0,4.0,0.01,4.853368262836e-08,1.0,0.09835037900006682,51.0,0.0,0.0,0.0,0.0,0.0,0.0,0.0,0.004424803226961113,0.0
uniform_1d,1,200,21,RR-balanced,44.90816739296055,4.0,4.0,0.01,2.996043413361349e-09,1.0,0.0803025609998258,39.0,0.4842074417538351,0.146936333248466,0.05636346973471973,0.05636346973471973,0.10580790379467722,0.023000859092072758,0.00014593152136958452,0.00414749277482884,0.052967229784115846
uniform_1d,1,200,21,RR-tiny,8000000.0,4.0,4.0,0.01,3.342388632532334e-08,1.0,0.008050808000007237,19.0,0.0009442017517704571,0.00035563637845629874,4.01256784243742e-07,4.01256784243742e-07,7.014777467429617e-07,5.922321110607571e-05,1.0747293329729826e-09,0.004426636442495606,0.00020230362420216912
uniform_1d,1,200,21,BB,1.0,3.0,3.0,0.01,1.2142606031773084e-08,1.0,0.061557633000120404,30.0,6.984224506637901,1.1859064946358624,3.9204323683768507,3.9204323683768507,6.854724542723069,0.18513136609882005,0.010060558304208723,0.015230966170833901,0.42684472921046385
uniform_1d,1,200,22,Ordinary,inf,4.0,4.0,0.01,3.088218569757828e-11,1.0,0.09556938900004752,54.0,0.0,0.0,0.0,0.0,0.0,0.0,0.0,0.01090623674094457,0.0
uniform_1d,1,200,22,RR-balanced,44.90816739296055,4.0,4.0,0.01,5.086761900585657e-09,1.0,0.08087896799997907,61.0,0.4536375732026998,0.1445293530985117,0.036133882654496574,0.036133882654496574,0.05663407446986149,0.01682766687183067,7.745522292305279e-05,0.010390636404677682,0.07817803866137023
uniform_1d,1,200,22,RR-tiny,8000000.0,4.0,4.0,0.01,1.3287626554614462e-09,1.0,0.01020196800004669,33.0,0.0010525745052851754,0.00032469160020884085,1.9811790252788342e-07,1.9811790252788342e-07,3.189936616008925e-07,3.993705432307774e-05,4.256718133762655e-10,0.010909042613551464,0.0003527702543886795
uniform_1d,1,200,22,BB,1.0,3.0,3.0,0.01,1.3224839001679811e-09,1.0,0.07083223399990857,35.0,5.0508740303995445,1.0268724695155815,0.8415555929868788,0.8415555929868788,1.54900332149482,0.088005775989273,0.0019341018407869294,0.005951510022583878,0.2319344077338586
uniform_1d,1,200,23,Ordinary,inf,3.0,3.0,0.01,2.0968157654621677e-08,1.0,0.06735598700015544,35.0,0.0,0.0,0.0,0.0,0.0,0.0,0.0,0.004189787810520521,0.0
uniform_1d,1,200,23,RR-balanced,44.90816739296055,3.0,3.0,0.01,6.672529195839161e-11,1.0,0.06337115500014079,32.0,0.5247779846573293,0.14906823764277533,0.08525249618361386,0.08525249618361386,0.16585342601857223,0.028796998629941648,0.00020899878947980969,0.004621668153919637,0.0635121934223682
uniform_1d,1,200,23,RR-tiny,8000000.0,3.0,3.0,0.01,3.6456371255155773e-10,1.0,0.007346226999970895,11.0,0.0009510978829441186,0.0003454535367622809,2.1360966684369487e-07,2.1360966684369487e-07,3.423819432135975e-07,4.137523070712703e-05,4.741357557057734e-10,0.0041896812180724505,0.00013983342169053694
uniform_1d,1,200,23,BB,1.0,5.0,5.0,0.01,1.853196796020029e-08,1.0,0.11841100800006643,182.0,3.9450006527234143,0.952440270009636,2.0649278768649992,2.0649278768649992,2.9597440005103914,0.12164998973510831,0.0038426916634816885,0.0050386681040271684,0.5283348251774843
uniform_1d,1,200,24,Ordinary,inf,3.0,3.0,0.01,5.4961590834068375e-11,1.0,0.06594459099983396,35.0,0.0,0.0,0.0,0.0,0.0,0.0,0.0,0.001702647286597032,0.0
uniform_1d,1,200,24,RR-balanced,44.90816739296055,3.0,3.0,0.01,5.904907673937032e-10,1.0,0.06209631500018986,32.0,0.3726925408356443,0.15238512230086607,0.11259126697268584,0.11259126697268584,0.2054777594684965,0.03205290622303199,0.0002865965156694675,0.002136579479165804,0.04156387592726951
uniform_1d,1,200,24,RR-tiny,8000000.0,3.0,3.0,0.01,9.655365396099569e-11,1.0,0.007200577000048725,11.0,0.0009280432371991942,0.0003508218882081099,1.3166993539925897e-07,1.3166993539925897e-07,2.5137598420425576e-07,3.545250232383151e-05,3.2703526860433337e-10,0.0017030602640761678,9.076055706142033e-05
uniform_1d,1,200,24,BB,1.0,3.0,3.0,0.01,9.437626236064034e-10,1.0,0.0704397119998248,50.0,4.358419248046372,0.8869500283840571,0.4247138926338039,0.4247138926338039,0.7823438148042461,0.06254373728856655,0.0010766994263408229,0.0010017111549697841,0.1452795913851651
uniform_1d,1,200,25,Ordinary,inf,3.0,3.0,0.01,2.770836893262185e-10,1.0,0.07219355600000199,35.0,0.0,0.0,0.0,0.0,0.0,0.0,0.0,0.0024223109144634325,0.0
uniform_1d,1,200,25,RR-balanced,44.90816739296055,3.0,3.0,0.01,2.674189758522516e-10,1.0,0.07380588299997726,30.0,0.4570296962993867,0.15968874548551146,0.07500815894218249,0.07500815894218249,0.1449731113464628,0.026923327371116558,0.00018890548465024112,0.0031267526823201813,0.04593392763726991
uniform_1d,1,200,25,RR-tiny,8000000.0,3.0,3.0,0.01,3.6970870809227563e-10,1.0,0.006898691000060353,10.0,0.0012342934110396442,0.00037496670232149064,1.5294517652364448e-07,1.5294517652364448e-07,2.9935541318873666e-07,3.868820318835812e-05,3.6523414238267357e-10,0.0024217855617914815,9.259103809361772e-05
uniform_1d,1,200,25,BB,1.0,4.0,4.0,0.01,5.4384801995155385e-08,1.0,0.08882312700006878,51.0,3.1658350447731216,0.9635516265835548,0.7810754560412079,0.7810754560412079,1.3568629095733828,0.08236695058011384,0.0019486373555712615,0.005022206853649019,0.16748682021724634
uniform_1d,1,200,26,Ordinary,inf,4.0,4.0,0.01,7.069488106026256e-09,1.0,0.0929199779998271,54.0,0.0,0.0,0.0,0.0,0.0,0.0,0.0,0.001598642611406477,0.0
uniform_1d,1,200,26,RR-balanced,44.90816739296055,4.0,4.0,0.01,6.757252313249751e-09,1.0,0.06903443699980016,39.0,0.44421783200012843,0.14241996880904634,0.04126899891645053,0.04126899891645053,0.07613694853986516,0.019511144064337328,0.00010091730029241689,0.0014971066628560463,0.06093602300717986
uniform_1d,1,200,26,RR-tiny,8000000.0,4.0,4.0,0.01,2.6955704335307473e-09,1.0,0.010691926000163221,23.0,0.001228559830123821,0.0003718983700339171,3.916933906111808e-07,3.916933906111808e-07,7.398821807583971e-07,6.082278276922214e-05,9.619454596298456e-10,0.0015989443258421143,0.0003038137297771732
uniform_1d,1,200,26,BB,1.0,4.0,4.0,0.01,9.138289014387624e-09,1.0,0.10706831200013767,60.0,5.810181398557251,1.0563545593967292,1.6180866803246658,1.6180866803246658,2.871364896480234,0.11981996696044099,0.00392897492200351,0.004375310049325982,0.6321805102731797
uniform_1d,1,200,28,Ordinary,inf,3.0,3.0,0.01,1.0009168160962645e-08,1.0,0.0850686300000234,41.0,0.0,0.0,0.0,0.0,0.0,0.0,0.0,0.001976477049259022,0.0
uniform_1d,1,200,28,RR-balanced,44.90816739296055,3.0,3.0,0.01,8.767371273421531e-10,1.0,0.06748379000009663,34.0,0.4031645131790478,0.15607262251674747,0.06978558572075144,0.06978558572075144,0.1303728417211581,0.0255316315304328,0.00016576908084509737,0.002926030592790684,0.11437933936235412
uniform_1d,1,200,28,RR-tiny,8000000.0,3.0,3.0,0.01,1.5451806500976772e-09,1.0,0.007394178000140528,14.0,0.0008375067666747116,0.0003271463767477905,6.798352387704654e-07,6.798352387704654e-07,1.3222602314213462e-06,8.130990811153786e-05,1.6986194554624914e-09,0.001976162601341435,0.00014935287562877964
uniform_1d,1,200,28,BB,1.0,2.0,2.0,0.01,1.8529622280993863e-12,1.0,0.05142303500019807,24.0,4.008530667601742,0.9777369791113872,1.6074015966199795,1.6074015966199795,3.285461174769614,0.12816905193473216,0.0037124305224531706,0.01005377232443016,0.5554424373178415
uniform_1d,1,200,27,Ordinary,inf,4.0,4.0,0.01,1.1540698174883346e-08,1.0,0.10024291900003846,57.0,0.0,0.0,0.0,0.0,0.0,0.0,0.0,0.007051665187290122,0.0
uniform_1d,1,200,27,RR-balanced,44.90816739296055,4.0,4.0,0.01,3.795563463526719e-08,1.0,0.07351950300017052,43.0,0.47321295871057145,0.1470375191732388,0.036565466387969536,0.036565466387969536,0.06825903591377935,0.018474176018672572,8.397874740841656e-05,0.006754622541658047,0.10161237131726411
uniform_1d,1,200,27,RR-tiny,8000000.0,4.0,4.0,0.01,8.982669941204335e-09,1.0,0.009594714000058957,28.0,0.00091087351529473,0.0003473527727549617,6.906800535944058e-07,6.906800535944058e-07,1.2943451688037273e-06,8.044703750927461e-05,1.7115128053144815e-09,0.007051353550101209,0.00032901790021046284
uniform_1d,1,200,27,BB,1.0,4.0,4.0,0.01,1.635761592844176e-08,1.0,0.07848068599992075,41.0,4.280319156446815,0.9417421498256936,2.4359459905952576,2.4359459905952576,4.1003315463056165,0.14318399956534278,0.005626442613584382,0.003982407677483189,0.4775267347380544
uniform_1d,1,200,29,Ordinary,inf,5.0,5.0,0.01,1.0019762797242038e-09,1.0,0.13073897000003853,77.0,0.0,0.0,0.0,0.0,0.0,0.0,0.0,0.007334405266855396,0.0
uniform_1d,1,200,29,RR-balanced,44.90816739296055,5.0,5.0,0.01,4.268982500832408e-09,1.0,0.11345282899992526,87.0,0.424009677788294,0.14555638265125123,0.05874147221038584,0.05874147221038584,0.09047043481422429,0.021268572450240317,0.00011102525751513732,0.007160881948279451,0.18974230905742187
uniform_1d,1,200,29,RR-tiny,8000000.0,5.0,5.0,0.01,4.2392198640328616e-09,1.0,0.010096510000039416,24.0,0.0009251726097644353,0.0003528029979534993,5.607465709545068e-07,5.607465709545068e-07,1.092529173725346e-06,7.390971430486476e-05,1.3283887567601778e-09,0.007337692107481593,0.0002177264157411252
uniform_1d,1,200,29,BB,1.0,4.0,4.0,0.01,9.291936109434573e-10,1.0,0.10653240300007383,49.0,5.462169634103649,1.1075667460541445,0.9096019380053235,0.9096019380053235,1.474503919295755,0.08586337750449126,0.001969533286574147,0.01021594953126498,0.4352049063887646
uniform_1d,1,200,32,Ordinary,inf,4.0,4.0,0.01,1.2245209557448788e-07,1.0,0.08510621799996443,53.0,0.0,0.0,0.0,0.0,0.0,0.0,0.0,0.007026839264091334,0.0
uniform_1d,1,200,32,RR-balanced,44.90816739296055,4.0,4.0,0.01,4.194079528119232e-09,1.0,0.0772603089999393,53.0,0.6553012567824104,0.14742349967403265,0.09762531720696188,0.09762531720696188,0.17195043356603606,0.029321530789339433,0.0002218436671229922,0.006926423300776315,0.07376015337217456
uniform_1d,1,200,32,RR-tiny,8000000.0,4.0,4.0,0.01,3.669513137793956e-08,1.0,0.008466193000003841,20.0,0.0012057154782196822,0.0003567708150694692,5.566846539295511e-07,5.566846539295511e-07,1.078948628670209e-06,7.344891519519566e-05,1.3079449051061787e-09,0.007025982791825312,0.00014839308504756483
uniform_1d,1,200,32,BB,1.0,4.0,4.0,0.01,2.808356591721406e-08,1.0,0.10536620800007768,30.0,7.136165372587556,0.9729606609153897,0.4648354081492698,0.4648354081492698,1.081423614138456,0.0735331086701241,0.0009883297640963752,0.008391950671630254,0.08431891386100737
uniform_1d,1,200,30,Ordinary,inf,4.0,4.0,0.01,2.623102601795324e-08,1.0,0.10334076599997388,59.0,0.0,0.0,0.0,0.0,0.0,0.0,0.0,0.008191875967046531,0.0
uniform_1d,1,200,30,RR-balanced,44.90816739296055,4.0,4.0,0.01,3.217362820606695e-09,1.0,0.07437893700011955,50.0,0.37183499857871194,0.13888293929467624,0.07196966551447304,0.07196966551447304,0.11617184904832467,0.024101021663855318,0.00014866980511406803,0.008864613992245293,0.07171325800283958
uniform_1d,1,200,30,RR-tiny,8000000.0,4.0,4.0,0.01,2.5738260189811513e-08,1.0,0.008948109000357363,26.0,0.001097782895898125,0.00038957852837559985,4.060485707668704e-07,4.060485707668704e-07,7.50330455817576e-07,6.125073288612864e-05,1.016453202785112e-09,0.008193358690769927,0.0001400265004565916
uniform_1d,1,200,30,BB,1.0,4.0,4.0,0.01,3.875422094345993e-08,1.0,0.13251430400009667,40.0,4.988651393722205,1.0454295973866679,4.9265431846567935,4.9265431846567935,9.83465066326555,0.22175043025060348,0.011959041120295139,0.016097150434928768,0.5643415262739314
uniform_1d,1,200,31,Ordinary,inf,4.0,4.0,0.01,1.3323997460901182e-09,1.0,0.10073322700009157,54.0,0.0,0.0,0.0,0.0,0.0,0.0,0.0,0.009642105314160054,0.0
uniform_1d,1,200,31,RR-balanced,44.90816739296055,4.0,4.0,0.01,1.4572588913353002e-08,1.0,0.10001196200005324,62.0,0.5241370650813348,0.14475643284308432,0.05886742222890007,0.05886742222890007,0.10042027023045577,0.022407618149912295,0.00012734959821571168,0.01019230047186508,0.22356426085267822
uniform_1d,1,200,31,RR-tiny,8000000.0,4.0,4.0,0.01,4.911599571499892e-09,1.0,0.010031943000058163,26.0,0.0010485873941308288,0.0003312061627110473,3.5781016549663036e-07,3.5781016549663036e-07,6.928529948996531e-07,5.8858006885200124e-05,9.391360310257166e-10,0.009646389409255537,0.00025793663362204833
uniform_1d,1,200,31,BB,1.0,4.0,4.0,0.01,3.43299559890653e-08,1.0,0.14088675600009992,49.0,6.763607862530519,1.0418415943905905,2.2375195456590973,2.2375195456590973,3.7150338240181937,0.13629075214441722,0.0052048025502959665,0.014213844298005478,0.6043196686701132
uniform_1d,1,200,33,Ordinary,inf,5.0,5.0,0.01,2.6100164030040673e-08,1.0,0.15927514800000608,64.0,0.0,0.0,0.0,0.0,0.0,0.0,0.0,0.0018995437337916594,0.0
uniform_1d,1,200,33,RR-balanced,44.90816739296055,5.0,5.0,0.01,5.208924624966471e-09,1.0,0.07152015899964681,57.0,0.5357719404629886,0.1653670221221824,0.032725876433630674,0.032725876433630674,0.055032511593331945,0.016588024534785924,8.177177985240828e-05,0.002052016694604715,0.0687611967084662
uniform_1d,1,200,33,RR-tiny,8000000.0,5.0,5.0,0.01,6.420498577242029e-09,1.0,0.009686961999932464,32.0,0.001127452848329824,0.0003699876042779713,7.993609756340447e-07,7.993609756340447e-07,1.5452295409606398e-06,8.78985079782541e-05,1.945243944271063e-09,0.001898201374128739,0.0002801433126500813
uniform_1d,1,200,33,BB,1.0,4.0,4.0,0.01,1.6550192327713376e-08,1.0,0.07047098000020924,54.0,5.355067771947413,0.9268282705619032,1.4581360608294744,1.4581360608294744,2.948240172586527,0.12141334713668277,0.0035530846974107457,0.004774564443320596,0.3445627324457303
uniform_1d,1,200,35,Ordinary,inf,4.0,4.0,0.01,1.5109553608283477e-09,1.0,0.10630289000005178,66.0,0.0,0.0,0.0,0.0,0.0,0.0,0.0,0.0014457277765940204,0.0
uniform_1d,1,200,35,RR-balanced,44.90816739296055,4.0,5.0,0.01,6.429345944525267e-11,1.0,0.07737232599993149,64.0,0.4343704166793627,0.14675036912494965,0.0219143406301896,0.0219143406301896,0.03397712799098033,0.013034018565081977,4.9376825202010886e-05,0.0013884429189961914,0.13584708754143385
uniform_1d,1,200,35,RR-tiny,8000000.0,4.0,4.0,0.01,2.4061428405275365e-09,1.0,0.012195010999903388,58.0,0.0013179694039049394,0.00034841911818061567,3.396750685169536e-07,3.396750685169536e-07,6.294623114299078e-07,5.61009051366334e-05,8.168476441599639e-10,0.0014443762821621524,0.0009605622594972623
uniform_1d,1,200,35,BB,1.0,4.0,4.0,0.01,9.122634647695804e-09,1.0,0.0845545569998194,67.0,5.351812035030465,1.054938142554289,1.4931436750510443,1.4931436750510443,3.0147246817525977,0.1227746855372189,0.003684019020728271,0.005549668745613151,0.4236170686495974
uniform_1d,1,200,34,Ordinary,inf,4.0,4.0,0.01,1.4704744977223072e-08,1.0,0.09477982899989001,63.0,0.0,0.0,0.0,0.0,0.0,0.0,0.0,0.0017324749655317378,0.0
uniform_1d,1,200,34,RR-balanced,44.90816739296055,4.0,4.0,0.01,1.5126893071482073e-09,1.0,0.07608635900010086,49.0,0.5072270301838167,0.14466788815118162,0.030530550293633496,0.030530550293633496,0.050832314423252103,0.015942445612774112,6.745749772042889e-05,0.0022650752945210678,0.16014522942072695
uniform_1d,1,200,34,RR-tiny,8000000.0,4.0,4.0,0.01,7.1280421565234064e-09,1.0,0.010185624000087046,28.0,0.0009467958513944552,0.0003428861574374691,6.221321200428065e-07,6.221321200428065e-07,1.2411043106256495e-06,7.877513283472296e-05,1.526441225973931e-09,0.001733044036295314,0.0001864537321963081
uniform_1d,1,200,34,BB,1.0,4.0,4.0,0.01,2.6856297186128586e-09,1.0,0.10515716300005806,56.0,3.341612390806926,1.0168682006640735,1.8321772280780806,1.8321772280780806,3.244380633829863,0.1273652353240448,0.004460804839008226,0.010895737408403853,0.5784975707626953
uniform_1d,1,200,36,Ordinary,inf,4.0,4.0,0.01,9.424017122228179e-12,1.0,0.10947956299992256,55.0,0.0,0.0,0.0,0.0,0.0,0.0,0.0,0.002146204173867949,0.0
uniform_1d,1,200,36,RR-balanced,44.90816739296055,3.0,3.0,0.01,1.5908099282313515e-09,1.0,0.04548618299986629,29.0,0.4382113498197169,0.15015435889693385,0.06034960420538482,0.06034960420538482,0.1158502505065698,0.02406763911423073,0.00014827283371385535,0.002589226388341202,0.09782348743898354
uniform_1d,1,200,36,RR-tiny,8000000.0,4.0,4.0,0.01,2.357256612128822e-10,1.0,0.027094790999854013,44.0,0.0009171125972328165,0.00036556370332398885,4.413313376971928e-07,4.413313376971928e-07,8.022493197665222e-07,6.333440296420747e-05,1.1606825797980274e-09,0.0021488372413059524,0.0003687766385203493
uniform_1d,1,200,36,BB,1.0,3.0,3.0,0.01,1.8749615193769387e-09,1.0,0.07441244100004951,36.0,5.207880393922826,1.0311593679098436,1.8868274272623466,1.8868274272623466,3.8258947030320556,0.13830933994188635,0.0044544584529031955,0.007504943886595964,0.38920523819598746
uniform_1d,1,200,38,Ordinary,inf,4.0,4.0,0.01,8.597249578912169e-10,1.0,0.09584893999999622,60.0,0.0,0.0,0.0,0.0,0.0,0.0,0.0,0.016593636687501377,0.0
uniform_1d,1,200,38,RR-balanced,44.90816739296055,4.0,4.0,0.01,1.1599924354399604e-08,1.0,0.06789916599973367,63.0,0.4791405353049687,0.15406336153149947,0.05709858447858096,0.05709858447858096,0.1125897382710156,0.023726539809990795,0.00014121793294044282,0.018565949844353297,0.07909490892632293
uniform_1d,1,200,38,RR-tiny,8000000.0,4.0,4.0,0.01,3.2882596645578133e-09,1.0,0.009057944000005591,21.0,0.0011244429649961418,0.00037271310191113605,3.720328436429554e-07,3.720328436429554e-07,7.016313185353558e-07,5.922969350483572e-05,9.658413296715313e-10,0.01659680979668652,0.0002608978132329147
uniform_1d,1,200,38,BB,1.0,4.0,4.0,0.01,2.3656807623950726e-09,1.0,0.08504423399995176,104.0,5.320690616468857,0.942627004103453,1.4031774867974036,1.4031774867974036,2.7653191013023224,0.11758654475113899,0.0035483031949486484,0.010492366245971468,0.220544132617781
uniform_1d,1,200,37,Ordinary,inf,4.0,4.0,0.01,2.9937248235967218e-09,1.0,0.13772360200005096,72.0,0.0,0.0,0.0,0.0,0.0,0.0,0.0,0.003822228683898348,0.0
uniform_1d,1,200,37,RR-balanced,44.90816739296055,4.0,4.0,0.01,9.941833800652944e-09,1.0,0.10437964099992314,72.0,0.40816493847761603,0.14733051170622305,0.051358327647562874,0.051358327647562874,0.09694694667097191,0.0220166921528839,0.00012862017418203248,0.0028252306846037294,0.09160414070321034
uniform_1d,1,200,37,RR-tiny,8000000.0,4.0,4.0,0.01,2.0919356247262044e-08,1.0,0.010136508999949001,28.0,0.00114002233631183,0.000313237530374371,3.224826627956645e-07,3.224826627956645e-07,5.932239390151985e-07,5.446209411210694e-05,7.941388296511819e-10,0.0038217931599299594,0.0006046789448006879
uniform_1d,1,200,37,BB,1.0,4.0,4.0,0.01,1.697546414547446e-08,1.0,0.09625938900012443,68.0,4.882833554320638,1.075711593863075,2.554151996761732,2.554151996761732,4.234921606951788,0.14551497529381277,0.00676607520936157,0.0061347847705658255,0.7216006697306121
uniform_1d,1,200,39,Ordinary,inf,4.0,4.0,0.01,2.4903638040640885e-08,1.0,0.11440136799978973,57.0,0.0,0.0,0.0,0.0,0.0,0.0,0.0,0.0015038784513929742,0.0
uniform_1d,1,200,39,RR-balanced,44.90816739296055,4.0,4.0,0.01,6.0327274287175214e-09,1.0,0.09006141199984086,59.0,0.46924486546795285,0.14665629943583972,0.04972614441129508,0.04972614441129508,0.09267524272800964,0.021526175081515254,0.00011847277257089765,0.002096888069978266,0.09659828954216071
uniform_1d,1,200,39,RR-tiny,8000000.0,4.0,4.0,0.01,1.8880154328826393e-08,1.0,0.013399235999941084,31.0,0.0013444026926532349,0.0003332114495892999,1.4979212892285432e-07,1.4979212892285432e-07,2.6647146745119016e-07,3.650147034375397e-05,3.5899328753213765e-10,0.001503402963762179,0.00013677609911526674
uniform_1d,1,200,39,BB,1.0,3.0,3.0,0.01,7.234057797234072e-11,1.0,0.08147727100003976,36.0,5.464333050306266,1.0432833659934193,1.1914734087304168,1.1914734087304168,2.2572095842595012,0.10623581280009818,0.002741392335593764,0.007455471422374074,0.42108589626773113
uniform_1d,1,200,40,Ordinary,inf,4.0,4.0,0.01,3.306905638211788e-09,1.0,0.12008668399994349,76.0,0.0,0.0,0.0,0.0,0.0,0.0,0.0,0.002359379655326072,0.0
uniform_1d,1,200,40,RR-balanced,44.90816739296055,4.0,4.0,0.01,4.78000972137238e-10,1.0,0.06888823600024807,48.0,0.4017519451405296,0.1546299449900397,0.0871174730700659,0.0871174730700659,0.16835538108465065,0.029013391829002918,0.00021790775479102754,0.002930210860155618,0.07303819626682431
uniform_1d,1,200,40,RR-tiny,8000000.0,4.0,4.0,0.01,5.288377957768375e-09,1.0,0.010144471999865345,32.0,0.0014983829751344935,0.00034691749047916973,5.596637038252084e-07,5.596637038252084e-07,1.0739611112204262e-06,7.327895711663841e-05,1.4006357834830124e-09,0.0023622212633128163,0.0003101299186600446
uniform_1d,1,200,40,BB,1.0,4.0,4.0,0.01,2.628735185083997e-08,1.0,0.09719114300014553,58.0,6.324803360969087,1.127035775874755,2.8437754286246673,2.8437754286246673,4.963050854724786,0.1575285824021277,0.0068276565781211895,0.004822094193891209,0.6287882236136308
uniform_1d,1,200,41,Ordinary,inf,4.0,4.0,0.01,8.445480537133676e-09,1.0,0.0870296729999609,73.0,0.0,0.0,0.0,0.0,0.0,0.0,0.0,0.006827746881077357,0.0
uniform_1d,1,200,41,RR-balanced,44.90816739296055,4.0,4.0,0.01,2.9937676782054723e-09,1.0,0.08544723999966664,84.0,0.3764332507352923,0.13843883859235415,0.05832729472678011,0.05832729472678011,0.1127251151957425,0.023740799817586443,0.00014589646258957368,0.007026449350640587,0.13170384206930855
uniform_1d,1,200,41,RR-tiny,8000000.0,4.0,4.0,0.01,7.51506967766602e-09,1.0,0.00902195099979508,22.0,0.00111549307214176,0.0003590781870625776,6.078721526137087e-08,6.078721526137087e-08,9.637103628710331e-08,2.1951199999897876e-05,1.287625044448072e-10,0.006827230199812628,0.00018160661879528138
uniform_1d,1,200,41,BB,1.0,4.0,4.0,0.01,9.075791851387294e-08,1.0,0.10116599899993162,56.0,4.561065320772233,0.9956139638637851,4.237150757305869,4.237150757305869,8.577584180529932,0.207093990503466,0.010241939483295947,0.024866599180666395,0.7174838406524697
uniform_1d,1,200,42,Ordinary,inf,4.0,4.0,0.01,6.725281442854225e-09,1.0,0.10022667400016871,83.0,0.0,0.0,0.0,0.0,0.0,0.0,0.0,0.0010866737395765647,0.0
uniform_1d,1,200,42,RR-balanced,44.90816739296055,4.0,4.0,0.01,7.242200839030488e-09,1.0,0.08297577300004377,87.0,0.5127367547889172,0.1462995316325931,0.06855657064204479,0.06855657064204479,0.13186280610175533,0.025677111023414932,0.00017143232249784067,0.001153721068364494,0.07986937012020297
uniform_1d,1,200,42,RR-tiny,8000000.0,4.0,4.0,0.01,3.943497972613841e-09,1.0,0.010929764999900726,37.0,0.0013500300004787302,0.0003785327788990962,3.826215788649279e-08,3.826215788649279e-08,6.68879217108087e-08,1.8287690082512976e-05,9.152503302450163e-11,0.0010865932149804927,0.00021428132089203837
uniform_1d,1,200,42,BB,1.0,4.0,4.0,0.01,9.873866169129997e-10,1.0,0.07701161299974046,55.0,6.610430636429614,1.064124404926863,2.0355401513492097,2.0355401513492097,4.017498078024225,0.14173034392860664,0.004999528961400778,0.008608784511682836,0.33374913946957496
uniform_1d,1,200,43,Ordinary,inf,4.0,4.0,0.01,8.702321085962694e-10,1.0,0.09574347100010527,48.0,0.0,0.0,0.0,0.0,0.0,0.0,0.0,0.010087442067839828,0.0
uniform_1d,1,200,43,RR-balanced,44.90816739296055,4.0,4.0,0.01,1.269672011972034e-08,1.0,0.08307342400007656,40.0,0.43859146985287123,0.1538229063220221,0.04646197713202582,0.04646197713202582,0.07097208695930649,0.018837739641382998,9.984615055488528e-05,0.010863646948062808,0.09964921544570847
uniform_1d,1,200,43,RR-tiny,8000000.0,4.0,4.0,0.01,9.190878924592027e-08,1.0,0.008504141000003074,15.0,0.0009628035160567094,0.00033767349139135716,3.834402946267801e-07,3.834402946267801e-07,7.150661262214357e-07,5.979406852779947e-05,8.421603615832096e-10,0.010088926392408206,8.567885707181696e-05
uniform_1d,1,200,43,BB,1.0,4.0,4.0,0.01,2.4008002252884353e-09,1.0,0.08130387799997152,46.0,4.002758737755709,0.9601881944515516,1.2759490611083493,1.2759490611083493,2.485395086159921,0.11147634471402264,0.003042053787062206,0.00802623645813328,0.279808662808949
uniform_1d,1,200,44,Ordinary,inf,5.0,5.0,0.01,2.8395175100115466e-10,1.0,0.14559218399995189,218.0,0.0,0.0,0.0,0.0,0.0,0.0,0.0,0.006459737388132526,0.0
uniform_1d,1,200,44,RR-balanced,44.90816739296055,4.0,4.0,0.01,5.348639753322004e-09,1.0,0.07404404200019599,65.0,0.4678046346937177,0.13907540563073628,0.09729397071868107,0.09729397071868107,0.19272207140497302,0.031042073980725983,0.0002411059544334706,0.007665901353801811,0.09287620158679363
uniform_1d,1,200,44,RR-tiny,8000000.0,5.0,6.0,0.01,7.231950593933334e-10,1.0,0.030003899000121237,221.0,0.0009219100268458291,0.0003532860792175967,6.747023917341721e-07,6.747023917341721e-07,1.2563785073213165e-06,7.92583909539336e-05,1.4919931606437224e-09,0.006459477059868199,0.002232175519516061
uniform_1d,1,200,44,BB,1.0,3.0,3.0,0.01,1.6084866771848283e-10,1.0,0.05968667399997685,32.0,3.127018655880426,0.9124393727916534,1.2379169656146587,1.2379169656146587,2.6331950460449987,0.11474308358339073,0.002951304684645116,0.014665005763778273,0.26948988989862455
uniform_1d,1,200,45,Ordinary,inf,3.0,3.0,0.01,1.218501721744758e-08,1.0,0.05810395899993637,30.0,0.0,0.0,0.0,0.0,0.0,0.0,0.0,0.0005730605515657959,0.0
uniform_1d,1,200,45,RR-balanced,44.90816739296055,3.0,3.0,0.01,1.2145839889399213e-13,1.0,0.06677137600013339,31.0,0.4163071360233186,0.14304828225532146,0.02955890953984408,0.02955890953984408,0.0484327356693966,0.015561609118178717,7.468306670417089e-05,0.0006179543822513168,0.07288824715638904
uniform_1d,1,200,45,RR-tiny,8000000.0,3.0,3.0,0.01,1.9596790856724056e-09,1.0,0.008142916999986483,11.0,0.0010987644586379908,0.000343421390613814,1.7759259662852855e-07,1.7759259662852855e-07,2.2293016923545827e-07,3.338638713873203e-05,3.52091666705331e-10,0.0005726670114762364,0.00029859595275609274
uniform_1d,1,200,45,BB,1.0,4.0,4.0,0.01,1.1791238874181431e-08,1.0,0.05460678100007499,51.0,5.543958221578825,0.9922977940110483,0.8921476325518825,0.8921476325518825,1.2503378044655729,0.07906762309775009,0.0019284850225912578,0.002008531023043272,0.43171046720669104
uniform_1d,1,200,46,Ordinary,inf,3.0,3.0,0.01,1.2021028616970852e-10,1.0,0.0698354430001018,33.0,0.0,0.0,0.0,0.0,0.0,0.0,0.0,0.0019567772948170066,0.0
uniform_1d,1,200,46,RR-balanced,44.90816739296055,3.0,3.0,0.01,3.839595308363641e-12,1.0,0.05738385399990875,28.0,0.4793036443617176,0.14167469803736596,0.013018732139926215,0.013018732139926215,0.024821590330101076,0.011140374843357174,3.263587252950182e-05,0.0018778452149457278,0.017950627060869428
uniform_1d,1,200,46,RR-tiny,8000000.0,3.0,3.0,0.01,9.351992513728646e-09,1.0,0.008093972999859034,9.0,0.0009644933710692971,0.0003463752262505782,4.9109985411632806e-08,4.9109985411632806e-08,9.400615158686382e-08,2.168019275593091e-05,1.2117541238173116e-10,0.0019564682363705163,5.016752207764176e-05
uniform_1d,1,200,46,BB,1.0,3.0,3.0,0.01,1.97283145375593e-09,1.0,0.05127704699975766,29.0,4.357317432697261,0.9677897853393667,0.65720179770085,0.65720179770085,1.2502301512539715,0.0790642191909201,0.001631241989459299,0.003852235398192137,0.19572551742279026
uniform_1d,1,200,47,Ordinary,inf,5.0,5.0,0.01,2.868145720924531e-09,1.0,0.12264908299994204,60.0,0.0,0.0,0.0,0.0,0.0,0.0,0.0,0.004212649414239336,0.0
uniform_1d,1,200,47,RR-balanced,44.90816739296055,5.0,5.0,0.01,4.0582639471153925e-09,1.0,0.10135295100030817,83.0,0.43481614819304903,0.14602026468054682,0.09600352405311696,0.09600352405311696,0.1739804311637853,0.029494103746663104,0.00020139986428164614,0.0034362783380210045,0.16670629594056824
uniform_1d,1,200,47,RR-tiny,8000000.0,5.0,5.0,0.01,1.44764552123533e-07,1.0,0.022116287000244483,33.0,0.0010017118960803373,0.00035707667459556643,5.440124368760735e-07,5.440124368760735e-07,1.0552166838565635e-06,7.263665341466949e-05,1.3748850525464694e-09,0.004213654418716486,0.00027672529583538756
uniform_1d,1,200,47,BB,1.0,5.0,5.0,0.01,3.540072013308304e-09,1.0,0.05575695400011682,35.0,4.234689382360468,1.0083616688492103,5.71684387140607,5.71684387140607,8.90952548734689,0.21106308875958027,0.015505791380510323,0.022390330957022697,0.45728835468418627
uniform_1d,1,200,48,Ordinary,inf,3.0,3.0,0.01,5.788270085460567e-09,1.0,0.09003434999999627,43.0,0.0,0.0,0.0,0.0,0.0,0.0,0.0,0.00970999921555251,0.0
uniform_1d,1,200,48,RR-balanced,44.90816739296055,3.0,3.0,0.01,1.0739009681515199e-10,1.0,0.07253292600012173,36.0,0.5090468067505642,0.14781568497880204,0.057545024228943475,0.057545024228943475,0.09233870345168449,0.021487054643631882,0.00013190851120466134,0.009461051732656966,0.17715762207970473
uniform_1d,1,200,48,RR-tiny,8000000.0,3.0,3.0,0.01,1.2148814843015998e-08,1.0,0.009213289999934204,14.0,0.0012369568307879497,0.0003802926067980025,2.053775460808538e-07,2.053775460808538e-07,3.8742115158565637e-07,4.401256363731022e-05,5.097454793122146e-10,0.00970859200720824,0.00018019987904703988
uniform_1d,1,200,48,BB,1.0,3.0,3.0,0.01,1.8242296340176267e-08,1.0,0.0626481250001234,32.0,3.688939215210798,0.9714240137897046,4.993593667673963,4.993593667673963,9.624952699785819,0.21937357064817334,0.012458947433889488,0.006471543256719052,0.6043543515744695
uniform_1d,1,200,49,Ordinary,inf,3.0,3.0,0.01,4.893698335450836e-09,1.0,0.0909034609999253,42.0,0.0,0.0,0.0,0.0,0.0,0.0,0.0,0.0016986725194924656,0.0
uniform_1d,1,200,49,RR-balanced,44.90816739296055,3.0,3.0,0.01,3.0115225868598827e-09,1.0,0.07459108700004435,33.0,0.4654624541773249,0.1439808707907655,0.07496667751951236,0.07496667751951236,0.11825184989962556,0.02431582302736487,0.00015513611000145196,0.0017324570022085638,0.19033078946453572
uniform_1d,1,200,49,RR-tiny,8000000.0,3.0,3.0,0.01,7.878913299563806e-09,1.0,0.008235425999828294,12.0,0.0011041637611728383,0.0003698433226814708,6.876917382214742e-07,6.876917382214742e-07,1.3413606049533462e-06,8.189507326308909e-05,1.7032220450922579e-09,0.0016977670799174006,0.00016308158919617027
uniform_1d,1,200,49,BB,1.0,4.0,4.0,0.01,7.491037790074984e-09,1.0,0.08920172600005571,68.0,5.41841076780177,0.9891422133850762,1.747391750155316,1.747391750155316,3.2484758453808347,0.1274455932031554,0.0040937888865919935,0.006222066336895652,0.3349710178987515
uniform_1d,1,200,50,Ordinary,inf,4.0,4.0,0.01,1.988626285864825e-08,1.0,0.1295444109998698,53.0,0.0,0.0,0.0,0.0,0.0,0.0,0.0,0.0060000882946090964,0.0
uniform_1d,1,200,50,RR-balanced,44.90816739296055,4.0,4.0,0.01,8.412398555535106e-09,1.0,0.09122556500005885,39.0,0.3706297269188381,0.12697959609406678,0.01979756500276153,0.01979756500276153,0.03739242089834989,0.013673408663963403,4.956426018593222e-05,0.006877805121435608,0.02870288028514534
uniform_1d,1,200,50,RR-tiny,8000000.0,4.0,4.0,0.01,3.411185556245755e-09,1.0,0.00962316699974508,18.0,0.0010634658284329745,0.0003262241429498354,1.8548706748333643e-07,1.8548706748333643e-07,3.11146187673955e-07,3.944275520763953e-05,3.939831568453285e-10,0.006001446386872465,0.0001886362356225492
uniform_1d,1,200,50,BB,1.0,4.0,4.0,0.01,1.4876988529977098e-14,1.0,0.10345675100006702,59.0,5.950410231982539,1.022168866783941,3.317150891223207,3.317150891223207,5.669052010352487,0.1683605062114106,0.007014840519369422,0.016507567135468526,0.8242681098537937
uniform_1d,1,200,51,Ordinary,inf,4.0,4.0,0.01,2.8490978243311815e-08,1.0,0.10745777800002543,56.0,0.0,0.0,0.0,0.0,0.0,0.0,0.0,0.012663886819864575,0.0
uniform_1d,1,200,51,RR-balanced,44.90816739296055,4.0,4.0,0.01,5.204626285504332e-09,1.0,0.06578905799983659,45.0,0.3859200255724229,0.14355909757146196,0.023431589381402773,0.023431589381402773,0.04314045676852895,0.014686806454864337,5.422987429354768e-05,0.013458790449817242,0.08363438940901018
uniform_1d,1,200,51,RR-tiny,8000000.0,4.0,4.0,0.01,1.7541036845258873e-08,1.0,0.009251656999822444,27.0,0.0008967167540320231,0.0003518301577079133,2.5059000563487643e-07,2.5059000563487643e-07,4.2861762522025853e-07,4.629349982558343e-05,5.557512769409895e-10,0.012667084822052093,0.00032478030894223756
uniform_1d,1,200,51,BB,1.0,3.0,3.0,0.01,6.213189518433637e-09,1.0,0.059027010999898266,31.0,6.1046414139612715,1.0796637674655525,0.8798987008696031,0.8798987008696031,1.7532548245386517,0.09362838310412744,0.0021463618925923063,0.012035604187721387,0.2725229335274115
uniform_1d,1,200,52,Ordinary,inf,4.0,4.0,0.01,2.696027179283078e-09,1.0,0.09918154000001778,70.0,0.0,0.0,0.0,0.0,0.0,0.0,0.0,0.008760446598988062,0.0
uniform_1d,1,200,52,RR-balanced,44.90816739296055,4.0,4.0,0.01,6.487188763948382e-08,1.0,0.08203624299994772,86.0,0.49206640014893765,0.16051315762425616,0.04841346024835502,0.04841346024835502,0.09261166915295217,0.021518790527461362,0.0001226394864156428,0.009952909216468821,0.10191080457894242
uniform_1d,1,200,52,RR-tiny,8000000.0,4.0,4.0,0.01,1.3189762615439804e-09,1.0,0.01019505800013576,37.0,0.0008951254711355716,0.0003415605347415227,5.317506293067709e-07,5.317506293067709e-07,1.022702821773767e-06,7.150883937576413e-05,1.2829653855224624e-09,0.008755842349300904,0.0003106046743375213
uniform_1d,1,200,52,BB,1.0,4.0,4.0,0.01,1.8574453086728226e-09,1.0,0.08499769699983517,53.0,3.8235049707908075,0.9328612966412257,0.30657525570899224,0.30657525570899224,0.5206294897161586,0.05102104907369892,0.0005173330213760273,0.006477654319427152,0.34646019285667967
uniform_1d,1,200,53,Ordinary,inf,4.0,4.0,0.01,1.1700751700871592e-08,1.0,0.12941650800007665,58.0,0.0,0.0,0.0,0.0,0.0,0.0,0.0,0.00634653847722802,0.0
uniform_1d,1,200,53,RR-balanced,44.90816739296055,4.0,4.0,0.01,5.162479554954302e-09,1.0,0.08521828299990375,51.0,0.460559465278235,0.15099802452168498,0.07256050122111901,0.07256050122111901,0.13290721823703697,0.025778597541084053,0.0001746861379070521,0.006341561189211915,0.15744894483069724
uniform_1d,1,200,53,RR-tiny,8000000.0,4.0,4.0,0.01,2.3546369298799164e-09,1.0,0.0095610929997747,27.0,0.0011237478788044264,0.00034908423293191697,3.90983132092515e-07,3.90983132092515e-07,7.503450813002869e-07,6.125132983455489e-05,9.493568825291294e-10,0.006343060456597628,0.0003388069065506367
uniform_1d,1,200,53,BB,1.0,4.0,4.0,0.01,3.585382879478516e-09,1.0,0.09558804499988582,71.0,3.6413253152035034,0.9233874619000032,0.8148143305342614,0.8148143305342614,1.5565223722789412,0.08821911278965973,0.001961275153254081,0.004159533531675903,0.44750524772789174
uniform_1d,1,200,56,Ordinary,inf,3.0,3.0,0.01,3.0093700864597395e-09,1.0,0.08422474499980126,38.0,0.0,0.0,0.0,0.0,0.0,0.0,0.0,0.003098501391580636,0.0
uniform_1d,1,200,56,RR-balanced,44.90816739296055,3.0,3.0,0.01,2.3690227557437993e-10,1.0,0.06836125700010598,32.0,0.3622460312874427,0.1335631100538796,0.04353358277251118,0.04353358277251118,0.08277608466456615,0.020344051300634068,0.0001026563225282806,0.0027473873713281137,0.0584117660763934
uniform_1d,1,200,56,RR-tiny,8000000.0,3.0,3.0,0.01,1.6817182313388912e-08,1.0,0.008548819000225194,13.0,0.0012201341694622059,0.00037325865528834096,2.2123469989310252e-07,2.2123469989310252e-07,4.331666083318088e-07,4.653851138206984e-05,5.475698729435198e-10,0.003096848089258501,9.858441572378202e-05
uniform_1d,1,200,56,BB,1.0,3.0,3.0,0.01,3.5283065358271415e-10,1.0,0.07561121799994908,36.0,5.583559606648038,1.026638492777711,2.1776682485584615,2.1776682485584615,3.79077599615917,0.13767309098293629,0.0049969742387735005,0.011714911978656851,0.49695026994980984
uniform_1d,1,200,55,Ordinary,inf,4.0,4.0,0.01,3.66974415300092e-08,1.0,0.11802271300007305,64.0,0.0,0.0,0.0,0.0,0.0,0.0,0.0,0.004219380203179128,0.0
uniform_1d,1,200,55,RR-balanced,44.90816739296055,4.0,4.0,0.01,8.557274666642911e-08,1.0,0.08279721400003837,55.0,0.3422675196088314,0.1444807314321805,0.03630755172548561,0.03630755172548561,0.06816979946918827,0.018462096233795917,9.127228791373653e-05,0.004066295008094181,0.04726723327432119
uniform_1d,1,200,55,RR-tiny,8000000.0,4.0,4.0,0.01,1.912391800473756e-08,1.0,0.010448289999885674,27.0,0.0009705998114775127,0.0003629501191385456,2.2655655129710794e-07,2.2655655129710794e-07,4.090840028387397e-07,4.522631992760077e-05,5.836283130903937e-10,0.0042179859731130125,0.00012374264086086672
uniform_1d,1,200,55,BB,1.0,3.0,3.0,0.01,2.665778708887956e-10,1.0,0.09669383000004927,42.0,6.713427533451995,1.0346099837448302,1.9004982745066172,1.9004982745066172,3.732363255161365,0.13660825844657717,0.003807377173020412,0.010500494863303574,0.6198421257610245
uniform_1d,1,200,54,Ordinary,inf,5.0,5.0,0.01,1.0388927718096852e-08,1.0,0.12359518499988553,71.0,0.0,0.0,0.0,0.0,0.0,0.0,0.0,0.015166509070438434,0.0
uniform_1d,1,200,54,RR-balanced,44.90816739296055,5.0,5.0,0.01,9.965610114903711e-09,1.0,0.131911596000009,91.0,0.3935182246955091,0.14173625912773488,0.1286794087211547,0.1286794087211547,0.24181133285984854,0.03477149212069052,0.0003142536535103808,0.013204274290570863,0.14847951457435896
uniform_1d,1,200,54,RR-tiny,8000000.0,5.0,5.0,0.01,2.2078672001768496e-08,1.0,0.010860491999892474,33.0,0.0012486854720417107,0.0003674140978495928,9.322536698164186e-08,9.322536698164186e-08,1.6270382404790813e-07,2.8522256576917975e-05,1.9651787076305913e-10,0.015166941960956023,0.00036978929420951876
uniform_1d,1,200,54,BB,1.0,4.0,4.0,0.01,4.152049815075998e-09,1.0,0.10121798700015461,67.0,4.5186061332990155,0.9325110220938285,3.163769758722765,3.163769758722765,6.60495809334842,0.1817272419499677,0.007839089642670034,0.01757240864460918,0.48391919814155687
uniform_1d,1,200,57,Ordinary,inf,4.0,4.0,0.01,1.9856295940812174e-08,1.0,0.11101875099984682,56.0,0.0,0.0,0.0,0.0,0.0,0.0,0.0,0.007687986296744711,0.0
uniform_1d,1,200,57,RR-balanced,44.90816739296055,4.0,4.0,0.01,7.757325670709747e-09,1.0,0.08247061300016867,53.0,0.4447708570323228,0.1521283941421198,0.03803111136636517,0.03803111136636517,0.06614478172713721,0.018185816138839798,9.020805618126671e-05,0.007394279898434802,0.08718467019891839
uniform_1d,1,200,57,RR-tiny,8000000.0,4.0,4.0,0.01,2.402936960521629e-09,1.0,0.008477511000137383,19.0,0.000975961617959431,0.000352656026006348,2.4517743213436916e-07,2.4517743213436916e-07,4.619297897617241e-07,4.805880719294457e-05,5.664569810256653e-10,0.007688956155381153,0.00021588781229186648
uniform_1d,1,200,57,BB,1.0,4.0,4.0,0.01,4.5326189468397615e-09,1.0,0.09889226299992515,49.0,3.610596146489052,0.9945929206795392,0.6806103908669456,0.6806103908669456,1.3245420715886627,0.0813800366056892,0.001722936245254849,0.009762302091753928,0.11407066169123684
uniform_1d,1,200,60,Ordinary,inf,3.0,3.0,0.01,1.8701109549823514e-09,1.0,0.10394490399994538,50.0,0.0,0.0,0.0,0.0,0.0,0.0,0.0,0.00563719004123594,0.0
uniform_1d,1,200,60,RR-balanced,44.90816739296055,3.0,3.0,0.01,1.6888828113792442e-09,1.0,0.06818589299996347,36.0,0.4673827427180304,0.15497565868621146,0.03525112683558973,0.03525112683558973,0.05686532690065927,0.016861987857405673,8.545291822230899e-05,0.00626588901110135,0.04902600306447555
uniform_1d,1,200,60,RR-tiny,8000000.0,3.0,3.0,0.01,2.6589670465426707e-09,1.0,0.007977048000157083,15.0,0.0009174982441431112,0.000350844062113963,2.1800229887958267e-07,2.1800229887958267e-07,4.1816497127237484e-07,4.572553833867759e-05,5.412351070740583e-10,0.005635149965672567,0.0001079601298966288
uniform_1d,1,200,60,BB,1.0,3.0,3.0,0.01,5.349063414428201e-10,1.0,0.08069398599991473,37.0,4.83529549094613,0.9486690096233898,4.5523276027115,4.5523276027115,7.468814124945198,0.19324613999955081,0.011832807300495015,0.014755027540167357,0.5788834332709439
uniform_1d,1,200,59,Ordinary,inf,4.0,4.0,0.01,2.8197415513631086e-09,1.0,0.11740652399998908,56.0,0.0,0.0,0.0,0.0,0.0,0.0,0.0,0.0020878712664977395,0.0
uniform_1d,1,200,59,RR-balanced,44.90816739296055,4.0,4.0,0.01,3.4917307711879175e-08,1.0,0.10269829599997138,49.0,0.40975891805595777,0.14731061208174853,0.049667315385988786,0.049667315385988786,0.09025226630953195,0.021242912501530004,0.00011895395265604132,0.002421554712974457,0.0836366468055301
uniform_1d,1,200,59,RR-tiny,8000000.0,4.0,4.0,0.01,4.9369828225565016e-09,1.0,0.009607043000187332,23.0,0.0011186000462263257,0.0003644625320370031,4.4441617319535e-07,4.4441617319535e-07,8.345261247026527e-07,6.459590252882347e-05,1.0930217445729186e-09,0.0020866604208916876,0.00024185796516658646
uniform_1d,1,200,59,BB,1.0,4.0,4.0,0.01,4.929112007445724e-09,1.0,0.10806614199987052,79.0,3.9284702203496353,1.0208204353687096,2.6341530816144996,2.6341530816144996,5.717831777454894,0.16908328979315038,0.005865121203838779,0.003854729817956605,0.6719632219369559
uniform_1d,1,200,58,Ordinary,inf,5.0,5.0,0.01,2.3567481299835435e-10,1.0,0.11463376799997604,92.0,0.0,0.0,0.0,0.0,0.0,0.0,0.0,0.012326792658549312,0.0
uniform_1d,1,200,58,RR-balanced,44.90816739296055,5.0,5.0,0.01,2.576036162160733e-08,1.0,0.11478951200024312,116.0,0.3926722063917838,0.13871034203626137,0.06861307776563308,0.06861307776563308,0.1229259286743299,0.024791725300423315,0.00015284181347311414,0.013605964152494621,0.14716001491694267
uniform_1d,1,200,58,RR-tiny,8000000.0,5.0,5.0,0.01,7.834713988685849e-09,1.0,0.011040052999987893,21.0,0.0009061751745556013,0.00034801209628552217,2.9892316888435744e-07,2.9892316888435744e-07,5.148820990945608e-07,5.073864893227651e-05,6.691856082463604e-10,0.01233014816390766,0.0004212118346797735
uniform_1d,1,200,58,BB,1.0,5.0,5.0,0.01,2.058632375678826e-09,1.0,0.169641214999956,57.0,3.668489883250774,0.8911732401877286,3.444941338291301,3.444941338291301,5.275951571977087,0.16241846526760875,0.008577921221469324,0.02672851073124028,0.7377908690889586
uniform_1d,1,200,61,Ordinary,inf,3.0,3.0,0.01,1.0517555715239268e-09,1.0,0.07034084900010384,33.0,0.0,0.0,0.0,0.0,0.0,0.0,0.0,0.00572058116941027,0.0
uniform_1d,1,200,61,RR-balanced,44.90816739296055,3.0,3.0,0.01,3.7858878254581896e-09,1.0,0.08837583899980928,28.0,0.4114018641117573,0.14291125028624987,0.051474413959908816,0.051474413959908816,0.08991923219387096,0.02120368272186119,0.0001169268985377051,0.006450249397343727,0.06868015675354751
uniform_1d,1,200,61,RR-tiny,8000000.0,3.0,3.0,0.01,3.2832003782345964e-10,1.0,0.006894705999911821,11.0,0.001062803641157295,0.0003702833265012909,1.9915745497200987e-07,1.9915745497200987e-07,3.287765482954903e-07,4.054482385554846e-05,5.002880786534411e-10,0.005722955400432375,7.962373458396403e-05
uniform_1d,1,200,61,BB,1.0,3.0,3.0,0.01,1.2837497731510439e-09,1.0,0.07378297500008557,34.0,3.9657118655419774,0.9650914854751019,0.4355294271140906,0.4355294271140906,0.6475038159855657,0.05689920104823818,0.0008796354760367765,0.004248383692146858,0.26554506945882217
uniform_1d,1,200,62,Ordinary,inf,3.0,3.0,0.01,2.866595849582154e-12,1.0,0.1127691680001135,40.0,0.0,0.0,0.0,0.0,0.0,0.0,0.0,0.006044216317359941,0.0
uniform_1d,1,200,62,RR-balanced,44.90816739296055,3.0,3.0,0.01,1.2223133616373616e-10,1.0,0.05538392599987674,28.0,0.4061539867595281,0.14869899467501962,0.041359940515405924,0.041359940515405924,0.0696369852076194,0.018659713985967122,0.00010059438435341638,0.00593067563749811,0.05401575334387351
uniform_1d,1,200,62,RR-tiny,8000000.0,3.0,3.0,0.01,3.859594865929239e-10,1.0,0.007326957000032053,10.0,0.000803718541809717,0.00032051621156157926,1.3719125036004698e-07,1.3719125036004698e-07,2.6288366947931424e-07,3.625490790771053e-05,3.188292982282736e-10,0.006044138847797014,7.715355956643298e-05
uniform_1d,1,200,62,BB,1.0,3.0,3.0,0.01,7.703051529972527e-10,1.0,0.07108053399997516,32.0,4.525069883733463,0.936653310063231,1.471394487727423,1.471394487727423,2.6645883070774246,0.1154250472617929,0.003621755443126087,0.002879380723625562,0.23524203150905806
uniform_1d,1,200,63,Ordinary,inf,3.0,3.0,0.01,3.2812397243731084e-10,1.0,0.054303268000012395,29.0,0.0,0.0,0.0,0.0,0.0,0.0,0.0,0.0014200986978013708,0.0
uniform_1d,1,200,63,RR-balanced,44.90816739296055,3.0,3.0,0.01,4.050537683042421e-12,1.0,0.06907506300012756,32.0,0.3743682003687354,0.1468315809300227,0.08118682226523788,0.08118682226523788,0.12162786796497993,0.024660481338061906,0.00017216771637536558,0.0022071834978024973,0.1263067433830006
uniform_1d,1,200,63,RR-tiny,8000000.0,3.0,3.0,0.01,1.6864731833265978e-10,1.0,0.008361025000112932,11.0,0.001078566825616467,0.00032994817373328085,4.826718509320926e-07,4.826718509320926e-07,6.702672102148626e-07,5.789072508679014e-05,1.1442066900841719e-09,0.0014219241653104855,0.0002550442782045198
uniform_1d,1,200,63,BB,1.0,4.0,4.0,0.01,4.380390716818283e-09,1.0,0.06759965999981432,59.0,4.478736607428018,1.050498191244212,1.5831741516520879,1.5831741516520879,2.987248700684573,0.12221392516167241,0.0036492744691013186,0.0055833744576328954,0.3298949684341396
uniform_1d,1,200,64,Ordinary,inf,3.0,3.0,0.01,5.2215229917607076e-09,1.0,0.06159194900010334,37.0,0.0,0.0,0.0,0.0,0.0,0.0,0.0,0.0041174147442539985,0.0
uniform_1d,1,200,64,RR-balanced,44.90816739296055,3.0,3.0,0.01,1.7031871468731197e-09,1.0,0.05928266999967491,31.0,0.4517010738544436,0.14802341535269842,0.026554032862918575,0.026554032862918575,0.050192994300262,0.015841873989566702,6.148008949280005e-05,0.004843768176550529,0.060166966451266284
uniform_1d,1,200,64,RR-tiny,8000000.0,3.0,3.0,0.01,4.435881439945888e-09,1.0,0.007849624999835214,15.0,0.000992503950464796,0.0003709886590373312,4.228793955007859e-07,4.228793955007859e-07,6.901737862893114e-07,5.8744096992349426e-05,9.307867571620456e-10,0.004116773771792552,0.0004172150805501059
uniform_1d,1,200,64,BB,1.0,3.0,3.0,0.01,1.1104757779989427e-08,1.0,0.051377341000033994,36.0,4.893499373047969,1.0290312783548978,2.879851366995922,2.879851366995922,5.6212608248885125,0.1676493487146388,0.006650274425222491,0.01177282136620518,0.4483220214124763
uniform_1d,1,200,65,Ordinary,inf,3.0,3.0,0.01,2.3971384877086166e-09,1.0,0.09371130699992136,43.0,0.0,0.0,0.0,0.0,0.0,0.0,0.0,0.008515619058096533,0.0
uniform_1d,1,200,65,RR-balanced,44.90816739296055,3.0,3.0,0.01,6.8125685093178845e-09,1.0,0.062040986000056364,30.0,0.47063414507393464,0.14723723373813422,0.07795186615436478,0.07795186615436478,0.13198981585815908,0.025689474095255346,0.00015915772100723037,0.00851541451821623,0.09679537005279498
uniform_1d,1,200,65,RR-tiny,8000000.0,3.0,3.0,0.01,1.3088947703465692e-09,1.0,0.008002084999816361,14.0,0.001298213899656564,0.0003566033384779753,2.774031599983573e-07,2.774031599983573e-07,5.229150893098656e-07,5.11329194017839e-05,6.837375553703849e-10,0.008515706926943561,0.00010411584774182943
uniform_1d,1,200,65,BB,1.0,3.0,3.0,0.01,6.57618182131614e-10,1.0,0.07006251999996493,35.0,2.9394577034578413,0.9065596452508639,1.915140947650798,1.915140947650798,3.8464872411868436,0.13868105929049654,0.004341358120568774,0.009071747315246634,0.1926586494117853
uniform_1d,1,200,66,Ordinary,inf,3.0,3.0,0.01,1.1712188330292861e-08,1.0,0.08252088799986268,42.0,0.0,0.0,0.0,0.0,0.0,0.0,0.0,0.004741935766275648,0.0
uniform_1d,1,200,66,RR-balanced,44.90816739296055,3.0,3.0,0.01,8.380942606578401e-10,1.0,0.05318620599996393,29.0,0.37168654517759725,0.1448484577332009,0.010701060310282173,0.010701060310282173,0.02044352597040517,0.010110273480575383,2.6142357541448577e-05,0.005202129051696953,0.02897254345137977
uniform_1d,1,200,66,RR-tiny,8000000.0,3.0,3.0,0.01,1.731200760524132e-08,1.0,0.0072537280000233295,13.0,0.0010188694455846026,0.00034988559668271016,5.737251740356442e-07,5.737251740356442e-07,1.0392482833383516e-06,7.208495971207695e-05,1.4112476900809865e-09,0.004741092628502924,0.00025181768753679
uniform_1d,1,200,66,BB,1.0,3.0,3.0,0.01,4.194463221196543e-09,1.0,0.06907487199987372,34.0,4.182264000678462,1.0724939320672315,0.6292545701447807,0.6292545701447807,0.9788239857890918,0.06995798688459709,0.0013112404045860838,0.007850243327287053,0.30597422779404926
uniform_1d,1,200,68,Ordinary,inf,3.0,3.0,0.01,1.7587009182307156e-08,1.0,0.07686719000002995,39.0,0.0,0.0,0.0,0.0,0.0,0.0,0.0,0.003378716139357851,0.0
uniform_1d,1,200,68,RR-balanced,44.90816739296055,3.0,3.0,0.01,1.8851690208876448e-08,1.0,0.06012438699985978,28.0,0.6133777173677459,0.1537329069525187,0.016208173712641383,0.016208173712641383,0.028286283398473114,0.011892494145147417,3.3530006780534615e-05,0.0036674327228977746,0.05954145018511523
uniform_1d,1,200,68,RR-tiny,8000000.0,3.0,3.0,0.01,3.046498608938464e-10,1.0,0.007475101999716571,13.0,0.0010344592236118944,0.0003980859947382509,2.7030893079427187e-07,2.7030893079427187e-07,4.868925085642151e-07,4.934027303148084e-05,6.556674017116575e-10,0.0033768417308212046,0.00013051654364050133
uniform_1d,1,200,68,BB,1.0,3.0,3.0,0.01,7.227929366138142e-11,1.0,0.06485238100026436,33.0,6.075387823561205,1.07711692212545,0.5961078414202916,0.5961078414202916,0.7383719455858042,0.060760675835025243,0.0013346965916796625,0.0017040886943961563,0.3697884977528674
uniform_1d,1,200,67,Ordinary,inf,4.0,4.0,0.01,7.56613327546063e-09,1.0,0.10011714800020854,64.0,0.0,0.0,0.0,0.0,0.0,0.0,0.0,0.013852359710345666,0.0
uniform_1d,1,200,67,RR-balanced,44.90816739296055,4.0,4.0,0.01,3.509589285854986e-09,1.0,0.05142772700014575,48.0,0.4097955966402871,0.1435656043373722,0.03078916682562749,0.03078916682562749,0.06014175898125471,0.0173409571508113,8.14504485167686e-05,0.012903908256570343,0.04374302940836723
uniform_1d,1,200,67,RR-tiny,8000000.0,4.0,4.0,0.01,1.1052973203362626e-08,1.0,0.011742539000124452,30.0,0.0012719125912009632,0.0003763810959458392,8.588267519371584e-07,8.588267519371584e-07,1.51697123625552e-06,8.709107980314403e-05,2.0633220099896684e-09,0.013854811246101276,0.0004619360323912067
uniform_1d,1,200,67,BB,1.0,3.0,3.0,0.01,1.9107173621080165e-09,1.0,0.07092004100013583,32.0,3.9969657268288854,0.9870715873179102,4.2214494583998885,4.2214494583998885,8.083600488537893,0.2010422901846511,0.010700937565392036,0.018368194493424632,0.5127004468780679
uniform_1d,1,200,69,Ordinary,inf,4.0,4.0,0.01,2.0622068941378302e-08,1.0,0.10738835200027097,50.0,0.0,0.0,0.0,0.0,0.0,0.0,0.0,0.00875448209221517,0.0
uniform_1d,1,200,69,RR-balanced,44.90816739296055,4.0,4.0,0.01,4.941438369598927e-10,1.0,0.07950410299986288,36.0,0.4947863044279017,0.15815893138278708,0.039773588833611484,0.039773588833611484,0.07219899089560834,0.01899986722264242,9.142011299320826e-05,0.007925242864239167,0.06243583907479607
uniform_1d,1,200,69,RR-tiny,8000000.0,4.0,4.0,0.01,2.5843419626525588e-08,1.0,0.008748569999852407,19.0,0.0010613063170084036,0.00036737090883160974,2.0908754549964215e-07,2.0908754549964215e-07,4.0903576329611403e-07,4.522365328542764e-05,4.974375224929338e-10,0.008753894239289975,0.00012390999305189796
uniform_1d,1,200,69,BB,1.0,4.0,4.0,0.01,6.181629874646433e-09,1.0,0.07663452099995993,43.0,5.280759474027439,0.9934004753491432,2.1572743547380924,2.1572743547380924,4.4752913901047044,0.14958762298573877,0.005079581327358384,0.01594510214524731,0.3087556233900326
uniform_1d,1,200,72,Ordinary,inf,3.0,3.0,0.01,3.3396319043532685e-09,1.0,0.09637222500009557,43.0,0.0,0.0,0.0,0.0,0.0,0.0,0.0,0.006095328680885804,0.0
uniform_1d,1,200,72,RR-balanced,44.90816739296055,3.0,3.0,0.01,1.0706613595701242e-08,1.0,0.05636140899991915,25.0,0.4761154998116377,0.14512973389100445,0.024047154369554846,0.024047154369554846,0.03732972068036616,0.013661939957481543,6.3166757652754e-05,0.007084759112580365,0.01645886384940517
uniform_1d,1,200,72,RR-tiny,8000000.0,3.0,3.0,0.01,8.832339748465756e-09,1.0,0.007557276000170532,11.0,0.0008742946529091133,0.00035291512624857115,1.3876888260710984e-07,1.3876888260710984e-07,2.2913228796257155e-07,3.384762088851826e-05,2.882920328264252e-10,0.006095336395447324,0.0001584704921160567
uniform_1d,1,200,72,BB,1.0,3.0,3.0,0.01,1.1521750220566673e-09,1.0,0.05280470200000309,29.0,5.284547013638233,1.0219549039411249,1.5916409013059933,1.5916409013059933,3.4848579395662505,0.13200109733570875,0.0034692858969852516,0.004118884790092085,0.2154709059314171
uniform_1d,1,200,71,Ordinary,inf,4.0,4.0,0.01,1.3933321163506207e-09,1.0,0.1047949549997611,57.0,0.0,0.0,0.0,0.0,0.0,0.0,0.0,0.0023714574090627346,0.0
uniform_1d,1,200,71,RR-balanced,44.90816739296055,4.0,4.0,0.01,3.889763844355798e-09,1.0,0.0805824379999649,53.0,0.5730211460673955,0.1568363641343105,0.05098395390342603,0.05098395390342603,0.08133794372782893,0.02016654949759985,0.00013780941609206135,0.003357139243929044,0.08524043473875091
uniform_1d,1,200,71,RR-tiny,8000000.0,4.0,4.0,0.01,3.1475744233233627e-09,1.0,0.009746633000077054,21.0,0.0010451428359368187,0.000343745004505663,2.6187933599430835e-07,2.6187933599430835e-07,5.035088724679453e-07,5.017513689408058e-05,6.634138011572207e-10,0.0023702715206454796,0.00015192034284523213
uniform_1d,1,200,71,BB,1.0,4.0,4.0,0.01,1.1495526752725027e-09,1.0,0.08950342800017097,48.0,3.939842258389426,0.9337432339637212,1.1082817034986192,1.1082817034986192,1.8960616829170882,0.09736687534570183,0.002874955724116851,0.009333931099791266,0.17331209841609124
uniform_1d,1,200,70,Ordinary,inf,4.0,4.0,0.01,8.356086267369278e-09,1.0,0.12425559199982672,60.0,0.0,0.0,0.0,0.0,0.0,0.0,0.0,0.010608776524009007,0.0
uniform_1d,1,200,70,RR-balanced,44.90816739296055,4.0,4.0,0.01,1.0266198779973479e-08,1.0,0.08823243300003014,46.0,0.4151971135579735,0.14550041833982022,0.04060560416883163,0.04060560416883163,0.06966251308478921,0.018663133858597972,9.363647913812373e-05,0.010636558228968416,0.08905284416826988
uniform_1d,1,200,70,RR-tiny,8000000.0,4.0,4.0,0.01,2.8963959675110118e-08,1.0,0.008998335999876872,19.0,0.0008837228783442619,0.0003603329822382739,3.9602491597179323e-07,3.9602491597179323e-07,7.773881608702612e-07,6.234533506487319e-05,9.790696570259163e-10,0.010604961123041825,0.00014315550903964465
uniform_1d,1,200,70,BB,1.0,4.0,4.0,0.01,2.639791274461345e-09,1.0,0.10990889900017464,55.0,4.511652330196616,0.9835935124347885,1.8997552550424643,1.8997552550424643,3.71055543830318,0.13620857972798886,0.004448914744552253,0.01090313768199811,0.3768121141947319
uniform_1d,1,200,73,Ordinary,inf,5.0,5.0,0.01,2.6888218096488004e-08,1.0,0.09235336099982305,93.0,0.0,0.0,0.0,0.0,0.0,0.0,0.0,0.016371523014991292,0.0
uniform_1d,1,200,73,RR-balanced,44.90816739296055,5.0,5.0,0.01,3.2166869168293033e-10,1.0,0.08983712100007324,44.0,0.477937080002961,0.13854221437359188,0.028999122689810974,0.028999122689810974,0.04468033601765736,0.014946627716253817,5.741361433653742e-05,0.015483456327110326,0.19821771710964
uniform_1d,1,200,73,RR-tiny,8000000.0,5.0,5.0,0.01,1.095768142889142e-09,1.0,0.011491892999856645,20.0,0.0009773205207619373,0.0003655828793360526,4.953031975674094e-07,4.953031975674094e-07,9.72984932743256e-07,6.974901191928298e-05,1.2613763748282843e-09,0.01637200276902452,0.00022848819582305696
uniform_1d,1,200,73,BB,1.0,4.0,4.0,0.01,4.61380689209534e-09,1.0,0.06198479999989104,34.0,6.476476283183474,1.0945632515507286,0.9991308231836342,0.9991308231836342,1.7769881725773875,0.09425996426313209,0.0024598830311904404,0.01914498955894432,0.6429447237372207
uniform_1d,1,200,74,Ordinary,inf,4.0,4.0,0.01,7.18568249347129e-09,1.0,0.11723328299990499,75.0,0.0,0.0,0.0,0.0,0.0,0.0,0.0,0.002816335279934914,0.0
uniform_1d,1,200,74,RR-balanced,44.90816739296055,4.0,4.0,0.01,5.23163024013229e-09,1.0,0.08072957000013048,41.0,0.44595192477106793,0.1505681318272713,0.08382000360722941,0.08382000360722941,0.14051457224598796,0.02650609102130942,0.0001850377948998003,0.0024630919702419915,0.19219529086127127
uniform_1d,1,200,74,RR-tiny,8000000.0,4.0,4.0,0.01,3.320244967852659e-09,1.0,0.009750769999982367,21.0,0.000983235036343455,0.0003730845889108303,2.0134802980464883e-07,2.0134802980464883e-07,3.1195892435703197e-07,3.949423529814396e-05,4.6552779344592977e-10,0.002817418535753572,0.0002826217933958298
uniform_1d,1,200,74,BB,1.0,4.0,4.0,0.01,7.2006391960144356e-09,1.0,0.09275645899992924,49.0,3.6954712244894337,0.9529913913682488,4.606522356438006,4.606522356438006,9.311303681016447,0.21576959564563825,0.01058220182272527,0.01579691235654516,0.5394265920804019
uniform_1d,1,200,76,Ordinary,inf,4.0,4.0,0.01,3.3854785641551643e-10,1.0,0.11449241399986931,60.0,0.0,0.0,0.0,0.0,0.0,0.0,0.0,0.00507396365577472,0.0
uniform_1d,1,200,76,RR-balanced,44.90816739296055,4.0,4.0,0.01,7.99904720238942e-09,1.0,0.06204107400003522,53.0,0.5859208507280182,0.1595389801755867,0.11429122193931107,0.11429122193931107,0.22153062594731132,0.03328142319277463,0.0002854607400909091,0.004614227429296419,0.1117277113794224
uniform_1d,1,200,76,RR-tiny,8000000.0,4.0,4.0,0.01,8.427700981528119e-09,1.0,0.008967169000015929,20.0,0.001076843960813867,0.00035778686206109137,8.099004276118649e-07,8.099004276118649e-07,1.5568901217182572e-06,8.822953365280407e-05,2.018313683225106e-09,0.005074934197764586,0.00031201639422090926
uniform_1d,1,200,76,BB,1.0,3.0,3.0,0.01,1.2637565660611472e-08,1.0,0.08338469000000259,47.0,6.181962906530821,1.0822382389449818,1.81138117379993,1.81138117379993,3.1028373714120305,0.12455595873767,0.004434881336900801,0.008460369145818946,0.7544475279669752
uniform_1d,1,200,75,Ordinary,inf,4.0,4.0,0.01,9.751524254753008e-09,1.0,0.09401224000021102,63.0,0.0,0.0,0.0,0.0,0.0,0.0,0.0,0.002217522092481763,0.0
uniform_1d,1,200,75,RR-balanced,44.90816739296055,4.0,4.0,0.01,1.6975285621612102e-09,1.0,0.08716006800023024,62.0,0.5047705389042783,0.17002465820565865,0.12569608657832987,0.12569608657832987,0.2456030104915091,0.035043045707494454,0.00030379487750982107,0.002785677492346997,0.17373497177021285
uniform_1d,1,200,75,RR-tiny,8000000.0,4.0,4.0,0.01,4.094719452396589e-09,1.0,0.010151874000030148,35.0,0.001131938122375109,0.00033886685960252507,7.186725952124107e-07,7.186725952124107e-07,1.376956072593608e-06,8.297457660613907e-05,1.8279477613565022e-09,0.0022155767568902214,0.0005330339367254732
uniform_1d,1,200,75,BB,1.0,4.0,4.0,0.01,1.7499939275467113e-09,1.0,0.10440965400016466,93.0,4.058640814364969,0.9417436695000156,1.2938639793221114,1.2938639793221114,2.1681084781845135,0.10411792540635147,0.003465097960404457,0.006865424076664996,0.5200485198808611
uniform_1d,1,200,77,Ordinary,inf,3.0,3.0,0.01,4.553434074239249e-09,1.0,0.07912401200019303,38.0,0.0,0.0,0.0,0.0,0.0,0.0,0.0,0.0036393295309059396,0.0
uniform_1d,1,200,77,RR-balanced,44.90816739296055,3.0,3.0,0.01,4.432993083725023e-09,1.0,0.051112591999981305,26.0,0.4937453937497962,0.1219138040999827,0.06436384302094211,0.06436384302094211,0.11783051788587495,0.024272465664397894,0.0001559913088993208,0.0037303117404554,0.03700586524953164
uniform_1d,1,200,77,RR-tiny,8000000.0,3.0,3.0,0.01,3.90481869061432e-10,1.0,0.009052186999952028,15.0,0.0011600822874331396,0.0003690700765644181,1.2366933788143797e-07,1.2366933788143797e-07,1.9094466508770502e-07,3.089859746717519e-05,2.825146574944272e-10,0.0036396335443508038,0.00011197358839985517
uniform_1d,1,200,77,BB,1.0,3.0,3.0,0.01,6.6607805937479725e-09,1.0,0.06776664200015148,31.0,6.271419849364261,1.0062349223273885,0.5827699570601226,0.5827699570601226,1.0947592007127842,0.07398510663345645,0.0014595095440572096,0.007541274324304424,0.1479326589431197
uniform_1d,1,200,79,Ordinary,inf,3.0,3.0,0.01,3.1904745512179034e-10,1.0,0.08502500100007637,40.0,0.0,0.0,0.0,0.0,0.0,0.0,0.0,0.002187263470213988,0.0
uniform_1d,1,200,79,RR-balanced,44.90816739296055,3.0,3.0,0.01,4.398265085470143e-09,1.0,0.05936110699985875,30.0,0.676478470612865,0.1615335740794515,0.05580947573702133,0.05580947573702133,0.09788631394532646,0.022123100364248957,0.0001310166819068517,0.002422119575414529,0.058396901712171635
uniform_1d,1,200,79,RR-tiny,8000000.0,3.0,3.0,0.01,3.895381794905006e-10,1.0,0.007841884000072241,12.0,0.0009094982849897626,0.00037551486613542816,1.941488108059275e-07,1.941488108059275e-07,3.868933064137733e-07,4.39825707760343e-05,4.746188061916157e-10,0.0021871795707377635,7.19026780983008e-05
uniform_1d,1,200,79,BB,1.0,3.0,3.0,0.01,4.5216896893407466e-10,1.0,0.058811369999830276,32.0,5.6579949389234585,1.023126364955226,3.119851139078321,3.119851139078321,6.52162660034598,0.18057722171339857,0.0070832546832524995,0.01038739729518162,0.39460880190226266
uniform_1d,1,200,80,Ordinary,inf,3.0,3.0,0.01,3.143056925836163e-10,1.0,0.09580634400003873,45.0,0.0,0.0,0.0,0.0,0.0,0.0,0.0,0.00486248538614853,0.0
uniform_1d,1,200,80,RR-balanced,44.90816739296055,3.0,3.0,0.01,8.670580919911686e-09,1.0,0.07166433299994424,33.0,0.38526152557830917,0.13740728217149537,0.03480251810640311,0.03480251810640311,0.06328158763273284,0.01778785929120377,8.260219718828643e-05,0.004957116078663242,0.03776720948643118
uniform_1d,1,200,80,RR-tiny,8000000.0,3.0,3.0,0.01,6.461386981015949e-10,1.0,0.007792409000103362,12.0,0.0012476431653809517,0.00036455861838371296,3.659411049738992e-07,3.659411049738992e-07,6.404091671159396e-07,5.658662240830158e-05,8.764616197447218e-10,0.004863203387942422,0.00011360482517795463
uniform_1d,1,200,80,BB,1.0,4.0,4.0,0.01,1.1314400305550976e-08,1.0,0.10714057799987131,62.0,7.820845423519996,1.14827559651994,1.7362566992960637,1.7362566992960637,2.290106787946536,0.10700716770260149,0.003068669172819334,0.0016563556089133132,0.4736867677435004
uniform_1d,1,200,78,Ordinary,inf,5.0,5.0,0.01,8.432443410200108e-09,1.0,0.14484860600009597,87.0,0.0,0.0,0.0,0.0,0.0,0.0,0.0,0.010625345225214128,0.0
uniform_1d,1,200,78,RR-balanced,44.90816739296055,6.0,6.0,0.01,7.09176521951349e-08,1.0,0.1197453070001302,203.0,0.4198259817327412,0.15180259418787215,0.09583602760449139,0.09583602760449139,0.18453710751691238,0.030375739292806715,0.0002346686677106575,0.008584262026660716,0.14846546374047337
uniform_1d,1,200,78,RR-tiny,8000000.0,5.0,5.0,0.01,2.574067847760375e-09,1.0,0.010406486999954723,33.0,0.0009274552261069324,0.0003364167557566511,4.961605100106681e-07,4.961605100106681e-07,9.808909126881822e-07,7.003181108211404e-05,1.1727594540986086e-09,0.01062142554162089,0.0002305254093101644
uniform_1d,1,200,78,BB,1.0,4.0,4.0,0.01,2.767737150577432e-10,1.0,0.10480385899995781,51.0,5.022357922553972,0.9952205225966774,5.704007673006231,5.704007673006231,14.411744031995717,0.2684375535575799,0.012357049239131479,0.023544044706098305,0.5240869803631151
uniform_1d,1,200,81,Ordinary,inf,4.0,4.0,0.01,1.910964320117614e-08,1.0,0.12065783299999566,56.0,0.0,0.0,0.0,0.0,0.0,0.0,0.0,0.0030612261508182075,0.0
uniform_1d,1,200,81,RR-balanced,44.90816739296055,4.0,4.0,0.01,5.1479025708900394e-08,1.0,0.0739374869999665,45.0,0.4044771507748186,0.14994032898706808,0.14618378805289467,0.14618378805289467,0.2910021357718925,0.038144602224423084,0.0003359445676216476,0.0032202207715609967,0.11441018535937444
uniform_1d,1,200,81,RR-tiny,8000000.0,4.0,4.0,0.01,1.3200295967408238e-08,1.0,0.009567092999759552,19.0,0.0010728464251090752,0.00036736329203109424,2.92327570150519e-07,2.92327570150519e-07,5.480620038718928e-07,5.2347970537160884e-05,7.435114623534232e-10,0.0030602274214963855,9.898908491885717e-05
uniform_1d,1,200,81,BB,1.0,4.0,4.0,0.01,2.8440310106958577e-09,1.0,0.10773646600023312,58.0,3.29647607953648,0.9307068109086333,1.7886727750600357,1.7886727750600357,3.2065991833239265,0.12662146704496688,0.003752784743087704,0.0029509413023662335,0.4784870951827488
uniform_1d,1,200,82,Ordinary,inf,4.0,4.0,0.01,1.1691638768240864e-09,1.0,0.10696301100006167,53.0,0.0,0.0,0.0,0.0,0.0,0.0,0.0,0.0026890828899278642,0.0
uniform_1d,1,200,82,RR-balanced,44.90816739296055,4.0,4.0,0.01,7.844367377884964e-09,1.0,0.08246824000002562,54.0,0.4625962820626689,0.1532962650379074,0.04275848953250261,0.04275848953250261,0.08154680406926723,0.02019242482581862,0.00010096222273083184,0.00316963941307402,0.07418231302468516
uniform_1d,1,200,82,RR-tiny,8000000.0,4.0,4.0,0.01,1.1406818378745243e-08,1.0,0.008990092999738408,25.0,0.0010400847069225172,0.0003291265317016121,1.8385651401331415e-07,1.8385651401331415e-07,3.510975854716021e-07,4.189854326057185e-05,4.0643078346190464e-10,0.002688860680651603,0.00011458012341726029
uniform_1d,1,200,82,BB,1.0,3.0,3.0,0.01,9.24515086708766e-09,1.0,0.07900504199983516,44.0,3.412688098356086,0.994311019966055,1.9268933988253139,1.9268933988253139,3.711613420995282,0.13622799677370437,0.004574357831637365,0.00931314036785132,0.3053892287903467
uniform_1d,1,200,83,Ordinary,inf,3.0,3.0,0.01,8.071000090481562e-09,1.0,0.10273796599994967,54.0,0.0,0.0,0.0,0.0,0.0,0.0,0.0,0.009920553976198097,0.0
uniform_1d,1,200,83,RR-balanced,44.90816739296055,3.0,3.0,0.01,6.685056952449031e-09,1.0,0.06802656300010312,59.0,0.6071804042916489,0.15354783099993347,0.06958858207713092,0.06958858207713092,0.10405541952500891,0.022809583460138953,0.00016259563684006985,0.009077741300768005,0.1742725435835382
uniform_1d,1,200,83,RR-tiny,8000000.0,3.0,3.0,0.01,1.7853891698393909e-09,1.0,0.007461340999952881,13.0,0.00104881953992364,0.0003527994152736267,9.277647450289805e-08,9.277647450289805e-08,1.722264972352136e-07,2.934505897380457e-05,2.28858310233483e-10,0.009919819592028749,0.0001322244828408539
uniform_1d,1,200,83,BB,1.0,4.0,4.0,0.01,2.751336269923854e-09,1.0,0.11617664200002764,72.0,4.031259703728811,0.9466148929547333,1.2399228797107185,1.2399228797107185,1.9702424027369019,0.09925327205530561,0.0028655916397009014,0.008696733981057653,0.46267639914929415
uniform_1d,1,200,84,Ordinary,inf,4.0,4.0,0.01,1.3014263444688368e-08,1.0,0.13283962500008784,58.0,0.0,0.0,0.0,0.0,0.0,0.0,0.0,0.008196419399094263,0.0
uniform_1d,1,200,84,RR-balanced,44.90816739296055,4.0,4.0,0.01,1.2337351806834818e-08,1.0,0.07295791199999258,41.0,0.4036984323936048,0.14952360922290805,0.051776168656203936,0.051776168656203936,0.09722722613256359,0.022048494975004936,0.00012206006006722114,0.007485645819117417,0.0754393146826485
uniform_1d,1,200,84,RR-tiny,8000000.0,4.0,4.0,0.01,1.874427590919936e-08,1.0,0.008782810999946378,21.0,0.0010044402276472297,0.0003825743516904072,3.487099888843659e-07,3.487099888843659e-07,5.750753547569696e-07,5.3622539792375074e-05,8.289415356283564e-10,0.008196422383710319,0.00017568444565588286
uniform_1d,1,200,84,BB,1.0,4.0,4.0,0.01,1.1313470604790155e-08,1.0,0.07868095499998162,39.0,5.340144921382287,1.1112010055532968,2.5578131200072107,2.5578131200072107,4.8242191267218715,0.15530967656140862,0.006427176784533492,0.01722718030076514,0.3252122827728131
uniform_1d,1,200,86,Ordinary,inf,3.0,3.0,0.01,2.8453552847196306e-09,1.0,0.07752545299990743,41.0,0.0,0.0,0.0,0.0,0.0,0.0,0.0,0.01616334853565568,0.0
uniform_1d,1,200,86,RR-balanced,44.90816739296055,3.0,3.0,0.01,1.2514382863315632e-09,1.0,0.05318164899995281,33.0,0.42281831155657,0.14096734277412054,0.01900004710688563,0.01900004710688563,0.024098930031467052,0.010977005518689296,4.655464791273099e-05,0.015106968320911181,0.022710593886984303
uniform_1d,1,200,86,RR-tiny,8000000.0,3.0,3.0,0.01,4.598577074688137e-10,1.0,0.008074986000110584,15.0,0.0011193896064422004,0.0003246481676132651,5.153849542693933e-07,5.153849542693933e-07,9.863088981163921e-07,7.022495632310469e-05,1.2208328051137812e-09,0.016160336816811033,0.00010844760966574473
uniform_1d,1,200,86,BB,1.0,3.0,3.0,0.01,9.46151157421582e-10,1.0,0.06150526800001899,33.0,5.72221045490019,1.0268491360678433,0.3210359698064167,0.3210359698064167,0.5756540844248405,0.05364951464947472,0.0007995364209499223,0.019138533681488597,0.0933570938837831
uniform_1d,1,200,85,Ordinary,inf,4.0,4.0,0.01,4.761280703036164e-09,1.0,0.10176695299992389,51.0,0.0,0.0,0.0,0.0,0.0,0.0,0.0,0.006290057211316327,0.0
uniform_1d,1,200,85,RR-balanced,44.90816739296055,4.0,4.0,0.01,1.5489256988132638e-08,1.0,0.10907315999997991,52.0,0.42122889599455426,0.15384878030897445,0.18057918830561448,0.18057918830561448,0.3235674263731101,0.040222346175547125,0.00043017153322401515,0.0067730805690441355,0.20278525224776187
uniform_1d,1,200,85,RR-tiny,8000000.0,4.0,4.0,0.01,5.353521626005886e-09,1.0,0.008959887999935745,18.0,0.0010253998474760717,0.0003664209460227148,3.969439603679348e-07,3.969439603679348e-07,6.884630888610511e-07,5.867124887289562e-05,9.46612453668319e-10,0.0062915308158501045,0.00022252136373171385
uniform_1d,1,200,85,BB,1.0,4.0,4.0,0.01,7.927166256749274e-09,1.0,0.1051147860000583,48.0,6.743606632341298,0.9866366894874476,0.7954685311276535,0.7954685311276535,1.1716696317618587,0.07653984686951819,0.0019675755572433344,0.008393261189668362,0.34589174525289046
uniform_1d,1,200,88,Ordinary,inf,3.0,3.0,0.01,2.638689267087102e-11,1.0,0.08007998099992619,39.0,0.0,0.0,0.0,0.0,0.0,0.0,0.0,0.002407451805162019,0.0
uniform_1d,1,200,88,RR-balanced,44.90816739296055,3.0,3.0,0.01,1.2570826601887575e-09,1.0,0.06711281699995197,34.0,0.4020625990487914,0.1480800689171623,0.06066041619396856,0.06066041619396856,0.11121295910433668,0.023581026176179937,0.00014437596979765413,0.003152069896906047,0.08642410717726541
uniform_1d,1,200,88,RR-tiny,8000000.0,3.0,3.0,0.01,2.6632838157070182e-09,1.0,0.007728644000053464,12.0,0.0010175660506740458,0.00033895498116651537,1.3099327134113992e-07,1.3099327134113992e-07,2.2291112761272298e-07,3.338496125598493e-05,3.166513113228093e-10,0.0024081274309215644,0.00011811202666023174
uniform_1d,1,200,88,BB,1.0,4.0,4.0,0.01,9.536227363327043e-10,1.0,0.07088002099999358,41.0,7.325692150654124,1.1874173015885205,5.693543000858369,5.693543000858369,10.763880848066977,0.23199009513411317,0.014008497827489206,0.009857656854594131,0.34413070248226924
uniform_1d,1,200,89,Ordinary,inf,3.0,3.0,0.01,3.6915690504457643e-09,1.0,0.07687287899989315,68.0,0.0,0.0,0.0,0.0,0.0,0.0,0.0,0.006404940682115241,0.0
uniform_1d,1,200,89,RR-balanced,44.90816739296055,3.0,3.0,0.01,1.3351201477718178e-08,1.0,0.055218737999894074,34.0,0.48900509464095654,0.1433807055397507,0.030087147331300912,0.030087147331300912,0.059813579274990786,0.017293579628722158,7.545639950707651e-05,0.006940592023498919,0.03667174000063525
uniform_1d,1,200,89,RR-tiny,8000000.0,3.0,3.0,0.01,1.4901007094891838e-09,1.0,0.008019440999987637,17.0,0.0011517579532344113,0.00038113933978738303,5.6350302202190505e-08,5.6350302202190505e-08,1.0937990292893867e-07,2.3385882806614192e-05,1.3946042755556802e-10,0.0064050484932184105,0.00010232768380329968
uniform_1d,1,200,89,BB,1.0,2.0,2.0,0.01,1.82727166730956e-11,1.0,0.04912694999984524,23.0,3.925566725963896,1.0114764842797692,1.226110359191125,1.226110359191125,2.4881507435675,0.11153812674524125,0.0029563010889696443,0.013923579335618996,0.39627182512646664
uniform_1d,1,200,87,Ordinary,inf,4.0,4.0,0.01,1.415555117567635e-08,1.0,0.13096537099977468,59.0,0.0,0.0,0.0,0.0,0.0,0.0,0.0,0.009080969749306538,0.0
uniform_1d,1,200,87,RR-balanced,44.90816739296055,4.0,4.0,0.01,2.7294948523604035e-09,1.0,0.0906452269998681,46.0,0.49399718083703115,0.14923024547155872,0.05007307318464882,0.05007307318464882,0.08648484304145343,0.02079481221861037,0.00010890339107193076,0.008890369180791998,0.10753193950682724
uniform_1d,1,200,87,RR-tiny,8000000.0,4.0,4.0,0.01,4.125369934548928e-08,1.0,0.009736879000229237,26.0,0.0012239628461019336,0.0003523706672231596,3.0044111554161645e-07,3.0044111554161645e-07,5.561745594629026e-07,5.273398142862449e-05,6.348844891088375e-10,0.009077806923864583,0.00022164935662535073
uniform_1d,1,200,87,BB,1.0,5.0,5.0,0.01,2.6359460392200162e-08,1.0,0.11392160400009743,72.0,5.462146149464449,1.0195713369734247,7.947164765981199,7.947164765981199,15.788080777921124,0.2809633497266247,0.018314226556690717,0.020678093420853708,0.7048946754585271
uniform_1d,1,200,90,Ordinary,inf,5.0,5.0,0.01,1.1158128199184603e-08,1.0,0.15968791199998122,119.0,0.0,0.0,0.0,0.0,0.0,0.0,0.0,0.004418410777945994,0.0
uniform_1d,1,200,90,RR-balanced,44.90816739296055,5.0,5.0,0.01,1.9546586571550506e-11,1.0,0.07898328900000706,70.0,0.45631191008436467,0.15184551269284474,0.10068943602550462,0.10068943602550462,0.19891786837038045,0.03153711055014238,0.0002555878185810182,0.004388857417582274,0.07508347104972965
uniform_1d,1,200,90,RR-tiny,8000000.0,5.0,5.0,0.01,9.49616385526042e-09,1.0,0.010604224999951839,35.0,0.0012507787738602616,0.0003279566870242373,1.35800291900523e-07,1.35800291900523e-07,2.3072379038384995e-07,3.396496653787914e-05,3.7676918955748675e-10,0.004417780453905435,0.00034673289758325505
uniform_1d,1,200,90,BB,1.0,3.0,3.0,0.01,3.7273295561135456e-11,1.0,0.07038827099972877,30.0,5.06518159307066,1.0265917305423475,2.1071911650025186,2.1071911650025186,4.244191160804295,0.1456741425374506,0.004879272172077255,0.01173538866116393,0.5250962833429067
uniform_1d,1,200,91,Ordinary,inf,4.0,4.0,0.01,4.543291698411167e-08,1.0,0.08315503499989063,42.0,0.0,0.0,0.0,0.0,0.0,0.0,0.0,0.016265342540005154,0.0
uniform_1d,1,200,91,RR-balanced,44.90816739296055,4.0,4.0,0.01,4.428568622927287e-10,1.0,0.0531072569999651,28.0,0.6220788549681191,0.16522834999353908,0.03665940554498093,0.03665940554498093,0.07189387281726997,0.018959677320206425,8.58426884530802e-05,0.015124049926957065,0.0707784128043994
uniform_1d,1,200,91,RR-tiny,8000000.0,4.0,4.0,0.01,4.051939006544103e-09,1.0,0.009589416999915557,15.0,0.0013560406491419652,0.000334019725226841,2.310912350367289e-07,2.310912350367289e-07,3.804197650268605e-07,4.361305796586961e-05,4.957665758851133e-10,0.016266119704491898,0.00018714163016321029
uniform_1d,1,200,91,BB,1.0,4.0,4.0,0.01,1.2231942125850992e-09,1.0,0.07284106699989934,38.0,4.6462176824027726,0.983080073300577,3.9800489573481173,3.9800489573481173,8.082949127127478,0.2010341902155884,0.00917441987577155,0.022528837132335798,0.5100454601468991
uniform_1d,1,200,92,Ordinary,inf,3.0,3.0,0.01,2.5970943173803107e-09,1.0,0.0966741509998883,42.0,0.0,0.0,0.0,0.0,0.0,0.0,0.0,0.008897701154594755,0.0
uniform_1d,1,200,92,RR-balanced,44.90816739296055,3.0,3.0,0.01,2.4026181044689565e-10,1.0,0.061128001000042786,32.0,0.4810950310228961,0.15776666148035365,0.018820911994907874,0.018820911994907874,0.0346269815811933,0.013158073867628442,4.647022273094236e-05,0.00844412425311453,0.025002162724021608
uniform_1d,1,200,92,RR-tiny,8000000.0,3.0,3.0,0.01,1.0560219365629564e-11,1.0,0.00733823499990649,13.0,0.001231253464065607,0.00035901003706214696,4.39052087131131e-07,4.39052087131131e-07,7.797941685990958e-07,6.244173958976062e-05,1.1064194393748671e-09,0.008896088133561237,6.987920546052162e-05
uniform_1d,1,200,92,BB,1.0,4.0,4.0,0.01,2.8571205401561883e-09,1.0,0.06198372900007598,46.0,4.026172413886474,0.9486433180766407,1.3081647952071194,1.3081647952071194,2.3812432888739714,0.10911561045226231,0.0029772807968366528,0.009133375166014032,0.21036858145514944
uniform_1d,1,200,93,Ordinary,inf,3.0,3.0,0.01,1.4098011646979103e-09,1.0,0.08658288799983893,43.0,0.0,0.0,0.0,0.0,0.0,0.0,0.0,0.002954090104267242,0.0
uniform_1d,1,200,93,RR-balanced,44.90816739296055,3.0,3.0,0.01,8.315450550355763e-09,1.0,0.0641367530001844,30.0,0.41847117416384094,0.13768194164301065,0.026093737815642726,0.026093737815642726,0.043568512554840934,0.01475949060009202,5.83215908158106e-05,0.003046977586649175,0.07219841997163265
uniform_1d,1,200,93,RR-tiny,8000000.0,3.0,3.0,0.01,1.9414252427907286e-09,1.0,0.0072753800000100455,13.0,0.0011279688638563545,0.00037247443732422574,4.523342340689851e-07,4.523342340689851e-07,8.591813212379858e-07,6.554316597624751e-05,1.0563739048493777e-09,0.0029563782898077177,0.00025158770787655783
uniform_1d,1,200,93,BB,1.0,3.0,3.0,0.01,8.176259669312458e-11,1.0,0.06322131399997488,31.0,4.11352747637735,0.9319868652907631,0.8685653560607989,0.8685653560607989,1.4186095068201687,0.08422023233226589,0.00216484588104097,0.006886206531737937,0.2274147233023136
uniform_1d,1,200,94,Ordinary,inf,4.0,4.0,0.01,1.5373775585914018e-09,1.0,0.09258017299998755,49.0,0.0,0.0,0.0,0.0,0.0,0.0,0.0,0.00422413851131016,0.0
uniform_1d,1,200,94,RR-balanced,44.90816739296055,4.0,4.0,0.01,6.535062690993243e-08,1.0,0.08640836400013541,45.0,0.35370950739091556,0.14467620119573069,0.11850497981293984,0.11850497981293984,0.22951283946021445,0.033875716926746686,0.000294511074393751,0.0036126857950356424,0.07110051699464781
uniform_1d,1,200,94,RR-tiny,8000000.0,4.0,4.0,0.01,2.7611270603244975e-08,1.0,0.009134811999956582,22.0,0.0010792075138503776,0.0003392828895966398,2.588154757177108e-07,2.588154757177108e-07,4.829793866634558e-07,4.9141600842028735e-05,5.880859650700811e-10,0.0042238188139392,0.0002426338241579133
uniform_1d,1,200,94,BB,1.0,3.0,3.0,0.01,7.981586502836535e-09,1.0,0.06134468599975662,35.0,3.8880710417829096,0.8827567046668164,1.2372069565340098,1.2372069565340098,2.186531041128007,0.10455933820391192,0.0032981072329763845,0.009206856666910665,0.2558648937994347
uniform_1d,1,200,96,Ordinary,inf,4.0,4.0,0.01,6.584734313364038e-09,1.0,0.09479718300008244,57.0,0.0,0.0,0.0,0.0,0.0,0.0,0.0,0.007904143838628367,0.0
uniform_1d,1,200,96,RR-balanced,44.90816739296055,4.0,4.0,0.01,5.734742458685105e-09,1.0,0.06341347300030975,45.0,0.4602726228037619,0.15620031489578134,0.03420552485397366,0.03420552485397366,0.05057794847895297,0.015902507424766853,7.332871652178041e-05,0.008522402435674325,0.07962230080970452
uniform_1d,1,200,96,RR-tiny,8000000.0,4.0,4.0,0.01,4.03108755264725e-08,1.0,0.009185006999814505,26.0,0.0009410470935196091,0.0003370089571002997,2.7797614166047424e-07,2.7797614166047424e-07,5.296929852393358e-07,5.146323859024691e-05,6.617083257427835e-10,0.007903578027150925,0.00012906166614138218
uniform_1d,1,200,96,BB,1.0,4.0,4.0,0.01,3.139278104136167e-08,1.0,0.09776808999981768,67.0,5.058021299342659,1.0167921079363336,1.8677308133032398,1.8677308133032398,2.439407646992384,0.11044020207769416,0.003391798092646314,0.008051032870340466,0.6716028248706373
uniform_1d,1,200,97,Ordinary,inf,3.0,3.0,0.01,2.879868565841548e-09,1.0,0.08813707899980727,42.0,0.0,0.0,0.0,0.0,0.0,0.0,0.0,0.004588513739943547,0.0
uniform_1d,1,200,97,RR-balanced,44.90816739296055,3.0,3.0,0.01,9.508815956849048e-11,1.0,0.04739501099993504,29.0,0.4422082281185513,0.15354357252320291,0.02833915270826992,0.02833915270826992,0.055094563240754325,0.0165973737742985,6.984833326678495e-05,0.0044590855112923945,0.03862441940408769
uniform_1d,1,200,97,RR-tiny,8000000.0,3.0,3.0,0.01,8.179057431334513e-11,1.0,0.00750591699988945,13.0,0.0009977954145869994,0.0003717780880027346,8.132013817885309e-08,8.132013817885309e-08,1.0702382981547293e-07,2.3132642500963106e-05,1.6724997709998884e-10,0.004589648361279958,0.00018044398446451272
uniform_1d,1,200,97,BB,1.0,3.0,3.0,0.01,2.8878077706906424e-10,1.0,0.0674092220001512,35.0,4.14240819365928,0.9374692122624196,0.6879382712418192,0.6879382712418192,1.1668765437868442,0.07638313111501925,0.0017897567950659553,0.003756330457569645,0.1096421044214919
uniform_1d,1,200,95,Ordinary,inf,4.0,4.0,0.01,2.2396482224351644e-08,1.0,0.10836497299987968,60.0,0.0,0.0,0.0,0.0,0.0,0.0,0.0,0.006780321619594271,0.0
uniform_1d,1,200,95,RR-balanced,44.90816739296055,4.0,4.0,0.01,3.5646392504418145e-09,1.0,0.07388235500002338,53.0,0.41231330482146666,0.13915005559245386,0.03369972316187386,0.03369972316187386,0.057153256592064036,0.016904623123877093,7.848554411546702e-05,0.007592475266360737,0.052823305056621375
uniform_1d,1,200,95,RR-tiny,8000000.0,4.0,4.0,0.01,9.947285883882273e-09,1.0,0.009855486999867935,31.0,0.0009755974826928249,0.00038101934421081785,3.451743850746425e-07,3.451743850746425e-07,6.510785683564832e-07,5.705605000157666e-05,9.209694724846738e-10,0.0067804341480525165,0.00010522321147079268
uniform_1d,1,200,95,BB,1.0,4.0,4.0,0.01,7.909495280955525e-11,1.0,0.11004716699994788,52.0,4.1626240822376435,0.9465862164218227,2.04573610109901,2.04573610109901,3.6176268713199127,0.1344921349246846,0.004489102617872912,0.0069313827029067725,0.532846169264458
uniform_1d,1,200,98,Ordinary,inf,5.0,5.0,0.01,3.6293281713284387e-08,1.0,0.09915692099980333,59.0,0.0,0.0,0.0,0.0,0.0,0.0,0.0,0.005678927845651475,0.0
uniform_1d,1,200,98,RR-balanced,44.90816739296055,5.0,5.0,0.01,4.90541340880668e-09,1.0,0.0632792020001034,50.0,0.49959202734104147,0.15061990458225927,0.03525272119566125,0.03525272119566125,0.06588419324839592,0.018149957747663755,8.689225365038112e-05,0.0047610349119745704,0.02882807415525669
uniform_1d,1,200,98,RR-tiny,8000000.0,5.0,5.0,0.01,6.1852287736030576e-09,1.0,0.012592390000236264,37.0,0.0013676037485395032,0.0003641640374562364,4.996059033146594e-07,4.996059033146594e-07,8.93848754427938e-07,6.685240288979664e-05,1.2208571465987878e-09,0.0056817862803802965,0.0002127789644453306
uniform_1d,1,200,98,BB,1.0,5.0,5.0,0.01,1.850365549671551e-08,1.0,0.07264737399987098,47.0,4.593830128890801,1.0317910181520553,3.77195282677485,3.77195282677485,7.6212917703487495,0.19520875710823976,0.009053733046050096,0.005823453436144583,0.3485763289906445
uniform_1d,1,200,99,Ordinary,inf,4.0,4.0,0.01,2.3648042635215916e-08,1.0,0.10426406499982477,71.0,0.0,0.0,0.0,0.0,0.0,0.0,0.0,0.007559284221679897,0.0
uniform_1d,1,200,99,RR-balanced,44.90816739296055,4.0,4.0,0.01,6.074696301539007e-10,1.0,0.07525265799995395,46.0,0.3575826632479281,0.14114007911028367,0.07575982807691162,0.07575982807691162,0.14977301732428555,0.027365399442022178,0.0001818539852921647,0.006300029359112782,0.07839410281947415
uniform_1d,1,200,99,RR-tiny,8000000.0,4.0,4.0,0.01,3.8094229992680084e-09,1.0,0.009726814000259765,37.0,0.0009937204978626157,0.00036585054552311683,2.52977997661219e-07,2.52977997661219e-07,4.5340367027557057e-07,4.761321614192695e-05,6.548929134238867e-10,0.007561344183477332,0.00015734141013364354
uniform_1d,1,200,99,BB,1.0,3.0,3.0,0.01,2.0889197482887312e-08,1.0,0.08295864699994127,38.0,5.92474515905518,0.9999564920609744,0.13827028923162743,0.13827028923162743,0.25147635218271563,0.0354595792546045,0.0002928419493534266,0.007688114192897203,0.15975236244664995
uniform_1d,1,500,0,Ordinary,inf,3.0,3.0,0.01,1.3117262831485732e-10,1.0,0.15751860299997134,37.0,0.0,0.0,0.0,0.0,0.0,0.0,0.0,0.003990246070065927,0.0
uniform_1d,1,500,0,RR-balanced,59.761699465479715,3.0,3.0,0.01,3.6535261482839587e-09,1.0,0.10496871700001975,30.0,0.3636021158633378,0.1287676408039692,0.1432507848979867,0.1432507848979867,0.2841796999079965,0.023840289423914154,0.00013723997943468997,0.0037304370720284818,0.059004295922870764
uniform_1d,1,500,0,RR-tiny,125000000.0,3.0,3.0,0.01,2.9037685589372586e-09,1.0,0.014329497999824525,13.0,0.000272608704057431,9.396115587320184e-05,4.1731709643499926e-08,4.1731709643499926e-08,7.3781848621663e-08,1.2147579892444668e-05,3.558000499748724e-11,0.0039896818617226205,6.456635473247913e-05
uniform_1d,1,500,0,BB,1.0,3.0,3.0,0.01,9.88625070696969e-09,1.0,0.10954425000022638,51.0,6.653141301823805,1.0164533182158895,2.565032719843657,2.565032719843657,4.985821665386858,0.0998581159985192,0.0025675105507989068,0.007881514524738094,0.22411061192469656
uniform_1d,1,500,2,Ordinary,inf,3.0,3.0,0.01,1.219566669874439e-10,1.0,0.14848699799995302,40.0,0.0,0.0,0.0,0.0,0.0,0.0,0.0,0.0019555215827278833,0.0
uniform_1d,1,500,2,RR-balanced,59.761699465479715,3.0,3.0,0.01,7.783609312639328e-10,1.0,0.08517703999996229,26.0,0.42692852789369606,0.13117821474719746,0.009127990874617353,0.009127990874617353,0.014656729131739247,0.00541419045319598,7.881951646490944e-06,0.00192991100156301,0.0304617473941989
uniform_1d,1,500,2,RR-tiny,125000000.0,3.0,3.0,0.01,1.6093126831151494e-10,1.0,0.013436952999882124,11.0,0.0002766050056155489,9.332457225228326e-05,1.8174546312366147e-08,1.8174546312366147e-08,3.23985468422841e-08,8.049664197006494e-06,1.707656318985981e-11,0.0019554744870798725,2.806647411836558e-05
uniform_1d,1,500,2,BB,1.0,3.0,3.0,0.01,1.891744760840197e-09,1.0,0.12368038600016007,37.0,5.543496793242174,0.9772939477759347,1.3129210472415025,1.3129210472415025,2.1929964826506714,0.06622682964857476,0.0012436429818360201,0.0009054749252285909,0.22172266293583903
uniform_1d,1,500,1,Ordinary,inf,5.0,5.0,0.01,1.0326249633152429e-08,1.0,0.26964820700004566,127.0,0.0,0.0,0.0,0.0,0.0,0.0,0.0,0.003406388954014695,0.0
uniform_1d,1,500,1,RR-balanced,59.761699465479715,5.0,5.0,0.01,2.7801531743421037e-08,1.0,0.14848581499995817,230.0,0.5070482934458249,0.13080742464776882,0.0838096971322102,0.0838096971322102,0.16730696435519937,0.018292455513418605,8.294873589722089e-05,0.00408087828726441,0.07218389584365172
uniform_1d,1,500,1,RR-tiny,125000000.0,5.0,5.0,0.01,1.540676475286773e-10,1.0,0.01731135899990477,22.0,0.00024306085461767157,8.376613462334995e-05,1.5464024727407377e-08,1.5464024727407377e-08,3.0791552388126754e-08,7.847490348911141e-06,1.549929880573246e-11,0.0034063717001015,3.5651916260088534e-05
uniform_1d,1,500,1,BB,1.0,4.0,4.0,0.01,2.133840548701471e-08,1.0,0.16576848199997585,49.0,5.425466233670485,0.9672847470489393,0.6912776597617949,0.6912776597617949,1.094186270510815,0.04678004426057793,0.0006553461387897722,0.003185456592824864,0.35454385130507304
uniform_1d,1,500,3,Ordinary,inf,4.0,4.0,0.01,7.248220246225401e-09,1.0,0.1644414729998971,49.0,0.0,0.0,0.0,0.0,0.0,0.0,0.0,0.0028567018639276613,0.0
uniform_1d,1,500,3,RR-balanced,59.761699465479715,4.0,4.0,0.01,1.9500880910072738e-09,1.0,0.1090920480000932,49.0,0.431440823498185,0.12516518680335081,0.04641533405845166,0.04641533405845166,0.08424893225737803,0.01298067272966837,4.3170081065915464e-05,0.002627774249090194,0.05265257154912544
uniform_1d,1,500,3,RR-tiny,125000000.0,4.0,4.0,0.01,3.46178774535133e-09,1.0,0.014789159999963886,18.0,0.00027509524404423225,8.932239046145705e-05,1.6495050658704713e-08,1.6495050658704713e-08,2.7132544324278175e-08,7.366484144322605e-06,1.455730450597495e-11,0.002856865556012504,4.209313123914587e-05
uniform_1d,1,500,3,BB,1.0,4.0,4.0,0.01,1.3163169443330958e-08,1.0,0.1131743280000137,38.0,4.8723770315439845,0.9916211570104536,0.6987771068783104,0.6987771068783104,1.321728517543002,0.05141456053576656,0.0007110220710353572,0.0038454428172554353,0.09323991421245097
uniform_1d,1,500,4,Ordinary,inf,5.0,5.0,0.01,8.054807931756613e-10,1.0,0.2364906160000828,82.0,0.0,0.0,0.0,0.0,0.0,0.0,0.0,0.0018996114694323051,0.0
uniform_1d,1,500,4,RR-balanced,59.761699465479715,5.0,5.0,0.01,6.615606062965185e-09,1.0,0.1641396980000991,59.0,0.37835471187133907,0.12485105132987262,0.04710392670187957,0.04710392670187957,0.07837291214946786,0.012519817263000915,4.626610389135845e-05,0.002201754700886939,0.058091045120255355
uniform_1d,1,500,4,RR-tiny,125000000.0,5.0,5.0,0.01,2.7965305626764803e-08,1.0,0.017125809999924968,17.0,0.00032295683383165574,9.132083650555744e-05,1.3328531167644542e-08,1.3328531167644542e-08,2.5967686673091913e-08,7.206620105582355e-06,1.167168142706646e-11,0.0018994801773354662,2.981656854808897e-05
uniform_1d,1,500,4,BB,1.0,5.0,5.0,0.01,8.778882509830055e-09,1.0,0.16503247300011026,90.0,6.233470169660194,1.0877114841701598,6.046535910460648,6.046535910460648,10.808636443578207,0.14702813637925366,0.0059649576839423185,0.004809960442187905,0.6178840861362459
uniform_1d,1,500,5,Ordinary,inf,4.0,4.0,0.01,1.8224644460218542e-08,1.0,0.20346262899988687,90.0,0.0,0.0,0.0,0.0,0.0,0.0,0.0,0.0019796279952176885,0.0
uniform_1d,1,500,5,RR-balanced,59.761699465479715,4.0,4.0,0.01,6.417533171543255e-12,1.0,0.15452009700015878,114.0,0.4854752418478787,0.12485732964101319,0.0846420931617331,0.0846420931617331,0.1710886768992259,0.01849803648494758,8.363513728780375e-05,0.0016650474065947776,0.04182811515242793
uniform_1d,1,500,5,RR-tiny,125000000.0,4.0,4.0,0.01,5.36393596206608e-10,1.0,0.015050863999931607,15.0,0.0002800308139676577,8.682665165073279e-05,2.2076164896134287e-08,2.2076164896134287e-08,4.3187637024409256e-08,9.293829891321366e-06,2.1604013865017878e-11,0.001979700108125249,2.552619933496491e-05
uniform_1d,1,500,5,BB,1.0,4.0,4.0,0.01,2.29304930599028e-09,1.0,0.1192049839999072,49.0,5.392487109238448,0.9534825692901023,1.89818046563164,1.89818046563164,3.9988531001489873,0.08942989545055935,0.0018451986339333526,0.005161101604373754,0.12063033772740533
uniform_1d,1,500,7,Ordinary,inf,4.0,4.0,0.01,2.0697658920099116e-08,1.0,0.18425641399994674,90.0,0.0,0.0,0.0,0.0,0.0,0.0,0.0,0.0033696757165153,0.0
uniform_1d,1,500,7,RR-balanced,59.761699465479715,4.0,4.0,0.01,2.8105888061347173e-08,1.0,0.08257478999985324,51.0,0.4296652648157311,0.13248099555156337,0.03170096275016476,0.03170096275016476,0.06006331966744086,0.01096022989425321,4.113331105623883e-05,0.0032553897279040235,0.01342517339565806
uniform_1d,1,500,7,RR-tiny,125000000.0,4.0,4.0,0.01,4.1179482046516114e-10,1.0,0.015809417000127723,21.0,0.00026824234225752974,9.071527360644993e-05,3.5782932172878645e-08,3.5782932172878645e-08,7.001851260196606e-08,1.1833724063198877e-05,3.836729136078707e-11,0.0033701876391401438,2.7635621691251195e-05
uniform_1d,1,500,7,BB,1.0,3.0,3.0,0.01,4.07924138912108e-10,1.0,0.1522748780000711,31.0,4.639595824113113,0.9106286539093266,0.4855412471370073,0.4855412471370073,0.7691372343328851,0.03922084227379328,0.0004224894476064861,0.004876068722335194,0.23032304544894236
uniform_1d,1,500,6,Ordinary,inf,4.0,4.0,0.01,6.870759516885983e-10,1.0,0.1816596930000287,82.0,0.0,0.0,0.0,0.0,0.0,0.0,0.0,0.0018929131227882346,0.0
uniform_1d,1,500,6,RR-balanced,59.761699465479715,4.0,4.0,0.01,1.4100220990798107e-09,1.0,0.13454490399999486,71.0,0.41955116704773765,0.12456290317643573,0.052583789444270224,0.052583789444270224,0.10133596910183477,0.014236289481591386,5.346826241705347e-05,0.0023896882503285175,0.027745459751426282
uniform_1d,1,500,6,RR-tiny,125000000.0,4.0,4.0,0.01,8.080729418935562e-09,1.0,0.017905433999885645,25.0,0.0002390854333103043,9.041515609379888e-05,2.7338387553754728e-08,2.7338387553754728e-08,4.6005579024455095e-08,9.592244682497949e-06,2.432204243345518e-11,0.0018930521858935385,6.836220841784327e-05
uniform_1d,1,500,6,BB,1.0,4.0,4.0,0.01,2.4648741048238776e-08,1.0,0.18064909899999293,50.0,5.1583706506720715,0.9572465320886844,3.396061782110678,3.396061782110678,6.16367351033163,0.11102858650214034,0.003020304363057354,0.003834808941855217,0.7489731729196579
uniform_1d,1,500,8,Ordinary,inf,4.0,4.0,0.01,1.517248549021133e-09,1.0,0.16676855899982002,58.0,0.0,0.0,0.0,0.0,0.0,0.0,0.0,0.0006953392959291743,0.0
uniform_1d,1,500,8,RR-balanced,59.761699465479715,4.0,4.0,0.01,5.432227556667613e-09,1.0,0.11068733100000827,47.0,0.48487618148909184,0.1286707890944359,0.019416834248204395,0.019416834248204395,0.03775089591095131,0.008689176705643786,1.8334322207902955e-05,0.0006918494055309029,0.023016459442050132
uniform_1d,1,500,8,RR-tiny,125000000.0,4.0,4.0,0.01,5.127035240803934e-09,1.0,0.015685651000012513,10.0,0.0002784964569176873,8.95537448146263e-05,6.257096174522303e-09,6.257096174522303e-09,1.1373148308339357e-08,4.769307771226209e-06,6.22547905953418e-12,0.0006953430151116621,8.811108702076177e-06
uniform_1d,1,500,8,BB,1.0,4.0,4.0,0.01,1.1042316616638459e-08,1.0,0.12239389699993808,37.0,4.649228071661929,0.9681857995861899,0.6082705344001624,0.6082705344001624,1.0750726986822468,0.046369660311075096,0.0006113723027015463,0.0015309724743562438,0.11199934315443821
uniform_1d,1,500,9,Ordinary,inf,4.0,4.0,0.01,1.789650827532796e-08,1.0,0.16649006999978155,67.0,0.0,0.0,0.0,0.0,0.0,0.0,0.0,0.0007343035233455658,0.0
uniform_1d,1,500,9,RR-balanced,59.761699465479715,4.0,4.0,0.01,2.9496125542038953e-09,1.0,0.1606514929999321,62.0,0.44937538457131976,0.12537790663823345,0.033865275731045585,0.033865275731045585,0.061579247179563534,0.011097679683570214,3.34750523352887e-05,0.0008496208164038522,0.07610625389197022
uniform_1d,1,500,9,RR-tiny,125000000.0,4.0,4.0,0.01,4.923698337933047e-09,1.0,0.015975016999846048,21.0,0.0002813330357122057,9.37605072072825e-05,1.5560999599983916e-08,1.5560999599983916e-08,2.9543349609685353e-08,7.686787314565865e-06,1.512754729721403e-11,0.0007343598360956603,4.727954011020714e-05
uniform_1d,1,500,9,BB,1.0,5.0,5.0,0.01,2.2099161611777163e-08,1.0,0.17848023300007299,54.0,5.158279275722747,0.9540246788832927,4.17407210369754,4.17407210369754,4.62393669464505,0.09616586395020897,0.004441180703914309,0.004865136879580605,0.6780617319520246
uniform_1d,1,500,10,Ordinary,inf,4.0,4.0,0.01,2.601130644208638e-09,1.0,0.16038448100016467,48.0,0.0,0.0,0.0,0.0,0.0,0.0,0.0,0.0015703690465060792,0.0
uniform_1d,1,500,10,RR-balanced,59.761699465479715,4.0,4.0,0.01,1.0347950052391752e-08,1.0,0.1993170950001968,56.0,0.4328751228825718,0.12893854840997218,0.12380917266341385,0.12380917266341385,0.2331640537975708,0.02159463145309828,0.00011434602536426301,0.002242177574406123,0.10170213708202802
uniform_1d,1,500,10,RR-tiny,125000000.0,4.0,4.0,0.01,2.4078932181481605e-09,1.0,0.03295932400010315,18.0,0.000337103914507475,8.939136871614105e-05,5.716856321669184e-09,5.716856321669184e-09,1.1041285697807223e-08,4.6992096564863385e-06,5.765117174558724e-12,0.0015702869950251792,7.404916409558964e-06
uniform_1d,1,500,10,BB,1.0,4.0,4.0,0.01,2.2529458743036912e-08,1.0,0.14857594999989487,59.0,5.220900421838893,0.994699017078004,5.186903980823445,5.186903980823445,12.130829904356009,0.15576154791447092,0.004807013967575026,0.00521228058878302,0.2507288308152812
uniform_1d,1,500,11,Ordinary,inf,4.0,4.0,0.01,2.380310837324373e-09,1.0,0.20166381800004274,86.0,0.0,0.0,0.0,0.0,0.0,0.0,0.0,0.006650044619403224,0.0
uniform_1d,1,500,11,RR-balanced,59.761699465479715,4.0,4.0,0.01,1.873807997654353e-09,1.0,0.12640084400004525,63.0,0.39391997704678694,0.13402370627358517,0.036599945498664965,0.036599945498664965,0.0653089568193646,0.011428819433289215,3.6887986174515314e-05,0.00684088403709493,0.0707243914112705
uniform_1d,1,500,11,RR-tiny,125000000.0,4.0,4.0,0.01,6.0051228434332415e-09,1.0,0.01948855000000549,37.0,0.00028805076684501607,8.358632040736673e-05,2.6160364541283343e-08,2.6160364541283343e-08,4.60972898747645e-08,9.601800859710068e-06,2.2322108280633164e-11,0.0066494257655506026,8.644306412773842e-05
uniform_1d,1,500,11,BB,1.0,4.0,4.0,0.01,4.537646036695264e-09,1.0,0.19092994300012833,54.0,5.34155198538511,1.0035844656261654,1.396761610789099,1.396761610789099,2.5295389888903106,0.07112719576772743,0.0013592300396363657,0.009074588919450033,0.2572433396265177
uniform_1d,1,500,12,Ordinary,inf,5.0,6.0,0.01,5.8871711949848304e-09,1.0,0.21861078000006273,344.0,0.0,0.0,0.0,0.0,0.0,0.0,0.0,0.0027754719851525687,0.0
uniform_1d,1,500,12,RR-balanced,59.761699465479715,5.0,5.0,0.01,3.889091049202875e-09,1.0,0.15427314499993372,131.0,0.5278126185013587,0.1395305150919789,0.05330468659064991,0.05330468659064991,0.10473862283911503,0.01447332876978306,5.3963088073541175e-05,0.002145319360361954,0.09225983229019656
uniform_1d,1,500,12,RR-tiny,125000000.0,5.0,5.0,0.01,2.1202817279686315e-11,1.0,0.017443760000105613,19.0,0.000269188404436127,8.789758892175869e-05,1.0260578164889012e-08,1.0260578164889012e-08,1.933950014555938e-08,6.2192443504913645e-06,9.802240325935452e-12,0.0027755410593771988,6.885539821452512e-05
uniform_1d,1,500,12,BB,1.0,4.0,4.0,0.01,3.9165997112178275e-09,1.0,0.09008044699999118,41.0,5.989934229298911,1.0447101515198018,1.4182977090067652,1.4182977090067652,2.857535099348755,0.07559808330042178,0.0014094182865186094,0.0022694792739529077,0.2702658244789911
uniform_1d,1,500,13,Ordinary,inf,4.0,4.0,0.01,7.359799880646278e-09,1.0,0.17292880899981355,82.0,0.0,0.0,0.0,0.0,0.0,0.0,0.0,0.0024456355480665304,0.0
uniform_1d,1,500,13,RR-balanced,59.761699465479715,4.0,4.0,0.01,3.34032357329761e-09,1.0,0.12252722800008087,83.0,0.4195112202564515,0.12366748090672136,0.03371236569955727,0.03371236569955727,0.05918477566022938,0.010879777172371628,3.511092215980668e-05,0.002295745104478209,0.08446313565873213
uniform_1d,1,500,13,RR-tiny,125000000.0,4.0,4.0,0.01,1.4421721594715109e-08,1.0,0.016443292000076326,30.0,0.00027639219709396645,8.61715618492368e-05,3.936338544008322e-08,3.936338544008322e-08,7.301677571260231e-08,1.2084434261694033e-05,3.957881769496593e-11,0.0024456595839185196,0.00011167005805806314
uniform_1d,1,500,13,BB,1.0,4.0,4.0,0.01,1.6003448122248187e-08,1.0,0.16130124199980855,64.0,5.601296364368955,0.9494433528525689,1.1473259054324672,1.1473259054324672,2.024196935214574,0.06362699010977298,0.0009996093708963404,0.0050850821746192855,0.3887061327689073
uniform_1d,1,500,15,Ordinary,inf,4.0,4.0,0.01,3.932002945461477e-09,1.0,0.1962161209999067,62.0,0.0,0.0,0.0,0.0,0.0,0.0,0.0,0.0016129500115712094,0.0
uniform_1d,1,500,15,RR-balanced,59.761699465479715,4.0,4.0,0.01,2.3464712395337983e-08,1.0,0.0746080180001627,53.0,0.42773471254449413,0.12927897759530116,0.03903309405939126,0.03903309405939126,0.07604937608844972,0.012332832285282218,3.8138835894686307e-05,0.0018663537972570248,0.028175625604823586
uniform_1d,1,500,15,RR-tiny,125000000.0,4.0,4.0,0.01,1.1942308697499016e-08,1.0,0.01704865300007441,20.0,0.00029189535262297284,9.168952487659638e-05,1.0097323865920771e-08,1.0097323865920771e-08,1.3476624184463108e-08,5.191651795808942e-06,7.718760451922607e-12,0.0016129500128082958,8.056362459430769e-05
uniform_1d,1,500,15,BB,1.0,3.0,3.0,0.01,1.3753787442283283e-08,1.0,0.1156518209998012,40.0,5.363515162551305,1.016642671032261,4.376444330897698,4.376444330897698,8.478040810678708,0.13021551989435598,0.004084095015105415,0.002805136364204818,0.7368797488171634
uniform_1d,1,500,14,Ordinary,inf,4.0,4.0,0.01,5.4019455575371467e-11,1.0,0.2281441719999293,99.0,0.0,0.0,0.0,0.0,0.0,0.0,0.0,0.0021200260258798153,0.0
uniform_1d,1,500,14,RR-balanced,59.761699465479715,4.0,4.0,0.01,3.418498151219751e-09,1.0,0.13208433599970704,59.0,0.4605570963131853,0.13803551457078939,0.024863886857815487,0.024863886857815487,0.049404511590101854,0.009940272792041661,2.4000029881700505e-05,0.0019832172591709852,0.03524337681280259
uniform_1d,1,500,14,RR-tiny,125000000.0,4.0,4.0,0.01,3.4490864386782505e-08,1.0,0.016972098999985974,19.0,0.00032389281181033347,8.568250405143732e-05,2.9516058930312283e-08,2.9516058930312283e-08,5.8219321236868595e-08,1.0790673865599738e-05,2.8531131783082106e-11,0.0021199021175354917,3.231888017663717e-05
uniform_1d,1,500,14,BB,1.0,4.0,4.0,0.01,7.008815972042726e-09,1.0,0.1371469039997919,72.0,6.221119444311712,0.9728566493023068,4.151909683730992,4.151909683730992,10.566015967769504,0.14536860711838373,0.0035803044855494265,0.0025237424325753105,0.51012572968415
uniform_1d,1,500,16,Ordinary,inf,4.0,4.0,0.01,1.3505085938447792e-09,1.0,0.12093680299994958,83.0,0.0,0.0,0.0,0.0,0.0,0.0,0.0,0.0014701675372708997,0.0
uniform_1d,1,500,16,RR-balanced,59.761699465479715,4.0,4.0,0.01,1.0711948439379171e-08,1.0,0.10807244200009336,72.0,0.4453110470168222,0.13534427511049188,0.09321674530292512,0.09321674530292512,0.17771880204647095,0.01885305291174196,8.890179914743213e-05,0.001501215524698325,0.1363215217507317
uniform_1d,1,500,16,RR-tiny,125000000.0,4.0,4.0,0.01,1.0387634752362374e-08,1.0,0.014090597999938836,6.0,0.0002552784807783315,8.915777400119441e-05,2.2500103113998193e-08,2.2500103113998193e-08,4.495471923943805e-08,9.482058767950982e-06,2.2445953630039466e-11,0.001470365191172837,1.3176012937566822e-05
uniform_1d,1,500,16,BB,1.0,3.0,3.0,0.01,1.527247217580907e-10,1.0,0.10528715599980387,33.0,5.513801307214406,0.9844063794193562,1.1622512211608864,1.1622512211608864,2.2732435922709344,0.06742764406785891,0.0011395778301707016,0.000651632719778426,0.4238724615300105
uniform_1d,1,500,17,Ordinary,inf,4.0,4.0,0.01,9.678012391489688e-09,1.0,0.15334137099989675,70.0,0.0,0.0,0.0,0.0,0.0,0.0,0.0,0.0008043669918009534,0.0
uniform_1d,1,500,17,RR-balanced,59.761699465479715,4.0,4.0,0.01,1.5632683592059493e-08,1.0,0.11661950799998522,74.0,0.5683762732624218,0.13536865390660077,0.026739426515405285,0.026739426515405285,0.04784018201247359,0.009781634016101153,2.4461893507710022e-05,0.0007884925045159488,0.10633963091723915
uniform_1d,1,500,17,RR-tiny,125000000.0,4.0,4.0,0.01,8.114689364902006e-09,1.0,0.01587350299996615,24.0,0.0004007980280098522,9.580769238340533e-05,1.2217469702591188e-08,1.2217469702591188e-08,1.9327284360168924e-08,6.217279848964324e-06,1.0084590118018413e-11,0.0008043806461674057,8.783056970903256e-05
uniform_1d,1,500,17,BB,1.0,3.0,3.0,0.01,1.7639349980669294e-09,1.0,0.10565187499969397,41.0,10.779981193426154,1.1833299364761325,1.68751122770459,1.68751122770459,3.0811019639739365,0.07849970654689017,0.001691885449639839,0.004056188428169916,0.6382235614798033
uniform_1d,1,500,18,Ordinary,inf,5.0,5.0,0.01,1.1113487907721264e-10,1.0,0.18508408000025156,94.0,0.0,0.0,0.0,0.0,0.0,0.0,0.0,0.0007860750860812192,0.0
uniform_1d,1,500,18,RR-balanced,59.761699465479715,5.0,5.0,0.01,1.1146639167236572e-12,1.0,0.12905737699975361,46.0,0.38774674068532433,0.1293914326839868,0.06740906347499731,0.06740906347499731,0.12599150421474373,0.015873972673199593,6.725798262139103e-05,0.0009221911402642403,0.07484624847040655
uniform_1d,1,500,18,RR-tiny,125000000.0,5.0,5.0,0.01,6.128186846865447e-11,1.0,0.025334166000220648,16.0,0.00022944504348476613,8.213207713595559e-05,1.7445699995732866e-08,1.7445699995732866e-08,3.443808451687436e-08,8.299166767438087e-06,1.691989379102811e-11,0.0007862172731652631,4.753901981761639e-05
uniform_1d,1,500,18,BB,1.0,5.0,5.0,0.01,5.708576944485344e-09,1.0,0.15770553600009407,67.0,5.423876908366167,1.029977762835209,2.904676904268399,2.904676904268399,5.448101974655481,0.10438488372034986,0.00268039496350596,0.0023670518062652458,0.42869629471751286
uniform_1d,1,500,19,Ordinary,inf,3.0,3.0,0.01,1.1904255359240778e-10,1.0,0.1451141860000007,37.0,0.0,0.0,0.0,0.0,0.0,0.0,0.0,0.0022851117047560984,0.0
uniform_1d,1,500,19,RR-balanced,59.761699465479715,3.0,3.0,0.01,2.3232640256054538e-09,1.0,0.10756361500011735,31.0,0.41697730739933947,0.13364733111238922,0.0225966896796308,0.0225966896796308,0.02978560320096301,0.007718238555650248,1.6544793092577623e-05,0.0023083062471437625,0.06726454992346019
uniform_1d,1,500,19,RR-tiny,125000000.0,3.0,3.0,0.01,3.086133570917582e-10,1.0,0.015377446999991662,11.0,0.0003470487980364867,9.249920383525856e-05,9.213408702635206e-09,9.213408702635206e-09,1.4224020084906353e-08,5.333670421933914e-06,7.2193148284964406e-12,0.002285037212710973,3.9417791199295125e-05
uniform_1d,1,500,19,BB,1.0,3.0,3.0,0.01,4.001798892261377e-11,1.0,0.14153011700000206,37.0,6.539025202100367,0.9771260104499103,0.8031751717721818,0.8031751717721818,1.3380084266136207,0.05173023152110612,0.0008033867620746609,0.0028417045016387917,0.17963927179010825
uniform_1d,1,500,20,Ordinary,inf,4.0,4.0,0.01,6.524082829528766e-09,1.0,0.1461949839999761,72.0,0.0,0.0,0.0,0.0,0.0,0.0,0.0,0.005736066849033912,0.0
uniform_1d,1,500,20,RR-balanced,59.761699465479715,4.0,4.0,0.01,6.4781230157962e-08,1.0,0.12311764800006131,93.0,0.4694341872282133,0.13106383841526506,0.026556014944617345,0.026556014944617345,0.04948497174138923,0.009948363859589096,2.426538116920167e-05,0.005624600442505709,0.05050679910674732
uniform_1d,1,500,20,RR-tiny,125000000.0,4.0,4.0,0.01,8.38159586180609e-09,1.0,0.014990614000225833,20.0,0.0003360367048370616,9.141708791750144e-05,1.808609795261873e-08,1.808609795261873e-08,3.4050351565008655e-08,8.252315016407052e-06,1.8582789958708873e-11,0.005736450162630436,3.179563238921832e-05
uniform_1d,1,500,20,BB,1.0,5.0,5.0,0.01,4.762778837985593e-09,1.0,0.168641530000059,168.0,4.737947225404143,1.0192442850237786,3.662508849107553,3.662508849107553,5.966579656484576,0.10923900087866582,0.002903841890075416,0.004016542678188066,0.5943243419293786
uniform_1d,1,500,24,Ordinary,inf,4.0,4.0,0.01,1.6619359222147523e-08,1.0,0.12665676000028725,42.0,0.0,0.0,0.0,0.0,0.0,0.0,0.0,0.0022207085062940692,0.0
uniform_1d,1,500,24,RR-balanced,59.761699465479715,4.0,4.0,0.01,3.536175396945396e-08,1.0,0.060892675000104646,31.0,0.4310353023518392,0.13297317893633465,0.05332917661007741,0.05332917661007741,0.10550600209022934,0.014526252241388992,5.026074325069951e-05,0.0019105752088177277,0.03523098100157594
uniform_1d,1,500,24,RR-tiny,125000000.0,4.0,4.0,0.01,1.935280091736047e-08,1.0,0.013894593000031819,15.0,0.00031811865197139966,9.149716055206505e-05,9.454652172280475e-09,9.454652172280475e-09,1.8427907666159326e-08,6.0708990546968124e-06,8.517736535121556e-12,0.0022206930377935055,1.6101045480081148e-05
uniform_1d,1,500,24,BB,1.0,4.0,4.0,0.01,4.467862302348635e-09,1.0,0.0972156969999105,31.0,6.082198434979652,0.9913331966980141,2.6072625976853487,2.6072625976853487,5.286579469372661,0.10282586707023346,0.0025092510306644468,0.003961989555164422,0.2857573814149361
uniform_1d,1,500,21,Ordinary,inf,5.0,5.0,0.01,6.780362049596533e-09,1.0,0.2568116690001716,95.0,0.0,0.0,0.0,0.0,0.0,0.0,0.0,0.0026252705538770457,0.0
uniform_1d,1,500,21,RR-balanced,59.761699465479715,5.0,5.0,0.01,6.634377713865547e-09,1.0,0.11324255099998481,65.0,0.5374368583221367,0.1361140457374994,0.03984792954804561,0.03984792954804561,0.07463054102161121,0.012217245272287139,3.637737261955649e-05,0.0027268907225207854,0.07078900245031974
uniform_1d,1,500,21,RR-tiny,125000000.0,5.0,5.0,0.01,1.058875653825453e-09,1.0,0.016167786000096385,18.0,0.0003044024759093489,8.525301843611019e-05,1.5056343727337662e-08,1.5056343727337662e-08,2.9315060440606615e-08,7.657030813651806e-06,1.4546958715466338e-11,0.00262546606453166,4.20561218907205e-05
uniform_1d,1,500,21,BB,1.0,5.0,5.0,0.01,6.461899237919511e-09,1.0,0.1786638689998199,92.0,3.8802366713440515,0.9721757071846756,2.9457799318563502,2.9457799318563502,5.052820467402727,0.1005268169933051,0.0029118787535666827,0.00492506707513299,0.5512587832209427
uniform_1d,1,500,23,Ordinary,inf,4.0,4.0,0.01,4.2976333602950945e-10,1.0,0.15098366799998075,71.0,0.0,0.0,0.0,0.0,0.0,0.0,0.0,0.0014098981243329594,0.0
uniform_1d,1,500,23,RR-balanced,59.761699465479715,3.0,3.0,0.01,6.593650070385593e-10,1.0,0.12982595400012542,40.0,0.3686953519080778,0.13354300386111556,0.11407218120439211,0.11407218120439211,0.22468811200211058,0.02119849579579224,0.00012008290190885868,0.0014653095229206037,0.09498815561013105
uniform_1d,1,500,23,RR-tiny,125000000.0,4.0,4.0,0.01,3.1995606164514356e-10,1.0,0.01685148699993988,19.0,0.00028338713557785056,8.691854729111002e-05,2.020431111304788e-08,2.020431111304788e-08,3.995338853434473e-08,8.93905907065668e-06,2.010485710337273e-11,0.0014098184741094303,1.642249434819583e-05
uniform_1d,1,500,23,BB,1.0,4.0,4.0,0.01,3.666346781727725e-09,1.0,0.14958519199990405,50.0,5.125763359753056,1.0090355322611837,0.4711470515366045,0.4711470515366045,0.7894611414709847,0.03973565505867456,0.000525974769198083,0.002491782299020668,0.13068792002428278
uniform_1d,1,500,22,Ordinary,inf,4.0,4.0,0.01,4.393268371316594e-08,1.0,0.18559250700013763,47.0,0.0,0.0,0.0,0.0,0.0,0.0,0.0,0.0032853464102053326,0.0
uniform_1d,1,500,22,RR-balanced,59.761699465479715,4.0,4.0,0.01,4.019031107915794e-09,1.0,0.13868608200004928,46.0,0.34010628224793105,0.12067437525282795,0.03229561041746365,0.03229561041746365,0.05592668494876419,0.010576075354191099,2.7351765808885906e-05,0.0030871686070919253,0.06337702582202849
uniform_1d,1,500,22,RR-tiny,125000000.0,4.0,4.0,0.01,6.441513988875158e-13,1.0,0.016024511000296116,13.0,0.00026449106723391846,8.935380411243554e-05,2.9763214115519077e-08,2.9763214115519077e-08,5.796071784131196e-08,1.0766681739636587e-05,2.7427557656001518e-11,0.003285477030729655,2.4246869706847804e-05
uniform_1d,1,500,22,BB,1.0,5.0,5.0,0.01,5.730086383159971e-08,1.0,0.14610198399986984,105.0,5.8568831072010425,1.0406760177643983,0.876313477740041,0.876313477740041,1.4145902200553744,0.05319004079816774,0.0007168769565781168,0.00405538439368208,0.1707064711089834
uniform_1d,1,500,25,Ordinary,inf,3.0,3.0,0.01,3.2457012633102522e-09,1.0,0.11011338600019371,34.0,0.0,0.0,0.0,0.0,0.0,0.0,0.0,0.0016676775562000038,0.0
uniform_1d,1,500,25,RR-balanced,59.761699465479715,3.0,3.0,0.01,9.174438986292444e-11,1.0,0.06382295999992493,21.0,0.5083244850652193,0.13545559565961934,0.0036181973298425874,0.0036181973298425874,0.007233330875369584,0.0038035065072560565,3.6066387412970084e-06,0.0017459084743671992,0.0062558819723767135
uniform_1d,1,500,25,RR-tiny,125000000.0,3.0,3.0,0.01,2.332933846105334e-10,1.0,0.013381289000108154,12.0,0.00030143972788398976,8.805147149732259e-05,2.8741396818077192e-08,2.8741396818077192e-08,5.690694534204414e-08,1.0668359324848798e-05,2.897734643397991e-11,0.0016677069217627088,2.1507189505553674e-05
uniform_1d,1,500,25,BB,1.0,3.0,3.0,0.01,1.9430872466585924e-09,1.0,0.12020952699981535,33.0,5.012654313435569,0.9788121660355006,2.623860769739963,2.623860769739963,4.896761798508106,0.09896223318527231,0.0026638075380870565,0.002879301746691751,0.20052435380659706
uniform_1d,1,500,27,Ordinary,inf,3.0,3.0,0.01,1.1576295477766507e-10,1.0,0.12388125799998306,35.0,0.0,0.0,0.0,0.0,0.0,0.0,0.0,0.00263537533200271,0.0
uniform_1d,1,500,27,RR-balanced,59.761699465479715,3.0,3.0,0.01,1.2252283632108174e-09,1.0,0.10358323900004507,29.0,0.3599915137183658,0.12452596910334038,0.03751437327593976,0.03751437327593976,0.0734710047535454,0.01212196392945841,3.6204705281138065e-05,0.002444236881492013,0.031356519189799585
uniform_1d,1,500,27,RR-tiny,125000000.0,3.0,3.0,0.01,8.158318465234515e-11,1.0,0.01491615100007948,12.0,0.0002665329065558719,8.822832565257935e-05,3.7962422538839746e-08,3.7962422538839746e-08,7.244525082402473e-08,1.2037047048510255e-05,3.787994098444472e-11,0.002635702527280399,2.915980089102713e-05
uniform_1d,1,500,27,BB,1.0,3.0,3.0,0.01,3.5860447944457974e-10,1.0,0.1384813929998927,34.0,8.116101366001732,1.0306237404273664,2.8267110281998384,2.8267110281998384,5.546831949406763,0.10532646343067599,0.0028540909918531687,0.004946524505597845,0.1681369100791252
uniform_1d,1,500,26,Ordinary,inf,4.0,4.0,0.01,5.5770615237094034e-08,1.0,0.12472058200000902,70.0,0.0,0.0,0.0,0.0,0.0,0.0,0.0,0.0019044056145742306,0.0
uniform_1d,1,500,26,RR-balanced,59.761699465479715,6.0,7.0,0.01,2.2064909899199847e-09,1.0,0.2039368440000544,490.0,0.5298531406594598,0.1301542720513751,0.04150315726303688,0.04150315726303688,0.06109798934012478,0.01105422899528726,3.29955891159545e-05,0.0019866173729356194,0.13228554100603065
uniform_1d,1,500,26,RR-tiny,125000000.0,4.0,4.0,0.01,3.159616346337657e-09,1.0,0.015119789000209494,18.0,0.0003234813212873444,8.71681350640086e-05,1.0535245564824436e-08,1.0535245564824436e-08,2.1011838043300987e-08,6.482567090790652e-06,1.0525012578469834e-11,0.0019043820121096688,1.355648876808787e-05
uniform_1d,1,500,26,BB,1.0,4.0,4.0,0.01,2.0332360239905256e-09,1.0,0.1184888940001656,40.0,5.176024050896374,0.9620095961450427,3.6204326298378646,3.6204326298378646,7.7902521616788745,0.12482189040131442,0.003484364684190457,0.0056841628680547015,0.3327171484516814
uniform_1d,1,500,28,Ordinary,inf,5.0,5.0,0.01,4.6093129313362624e-11,1.0,0.21047013500015055,64.0,0.0,0.0,0.0,0.0,0.0,0.0,0.0,0.004037049182884051,0.0
uniform_1d,1,500,28,RR-balanced,59.761699465479715,5.0,5.0,0.01,5.912250466977298e-09,1.0,0.10327537600005599,52.0,0.4092524304628027,0.12859949332249535,0.02022915252700841,0.02022915252700841,0.036729390499393236,0.008570809821643838,1.4862249047908416e-05,0.0043489021842230404,0.04175714084045359
uniform_1d,1,500,28,RR-tiny,125000000.0,5.0,5.0,0.01,9.539448786455296e-09,1.0,0.017966136999802984,31.0,0.00026107493425842065,8.483320330153238e-05,2.8550061870191712e-08,2.8550061870191712e-08,4.906176376008468e-08,9.90573205372371e-06,2.1352820336914837e-11,0.0040372222043590835,0.00010058122954160792
uniform_1d,1,500,28,BB,1.0,5.0,5.0,0.01,2.290388789738529e-08,1.0,0.13270443100009288,47.0,4.739351446194297,0.9727673901831062,2.234950440994794,2.234950440994794,3.5636499591717534,0.08442333752194062,0.002047219757988703,0.007612607557113354,0.5557313822931762
uniform_1d,1,500,29,Ordinary,inf,4.0,4.0,0.01,3.1187354920803045e-08,1.0,0.14636835500004963,45.0,0.0,0.0,0.0,0.0,0.0,0.0,0.0,0.0007264507382395848,0.0
uniform_1d,1,500,29,RR-balanced,59.761699465479715,4.0,4.0,0.01,2.2174890812465264e-09,1.0,0.09893171099997744,39.0,0.4278499011843271,0.12723547490468845,0.034068675367279866,0.034068675367279866,0.05214167526171823,0.010211921979893719,2.852052612754239e-05,0.0008079516225937742,0.07937395802780964
uniform_1d,1,500,29,RR-tiny,125000000.0,4.0,4.0,0.01,1.876471109607536e-07,1.0,0.017626034000159052,16.0,0.0002762900745003627,9.720344651489964e-05,3.5387643038120586e-08,3.5387643038120586e-08,6.964053055734115e-08,1.1801739749489578e-05,3.486273460674936e-11,0.0007263545028145702,2.812837143173335e-05
uniform_1d,1,500,29,BB,1.0,3.0,3.0,0.01,3.05401814948425e-09,1.0,0.1134014010001465,37.0,6.066340433695195,1.0403247018788753,4.285314095456897,4.285314095456897,8.359567118910569,0.12930249122820928,0.0038346666446746154,0.0040760444871145145,0.4806213846205375
uniform_1d,1,500,31,Ordinary,inf,4.0,4.0,0.01,4.538266873410635e-09,1.0,0.18297011599975121,62.0,0.0,0.0,0.0,0.0,0.0,0.0,0.0,0.0028575407121031343,0.0
uniform_1d,1,500,31,RR-balanced,59.761699465479715,4.0,4.0,0.01,1.1931019505695417e-08,1.0,0.0935793690000537,36.0,0.45397528200055404,0.12820611445731198,0.04096421475560419,0.04096421475560419,0.07025319632986815,0.011853539246138104,4.320152079859213e-05,0.0027824214313576182,0.04424421950268706
uniform_1d,1,500,31,RR-tiny,125000000.0,4.0,4.0,0.01,7.900275100780618e-09,1.0,0.014543560999982219,19.0,0.0003168263063917376,9.05590718961996e-05,1.0585381460259669e-08,1.0585381460259669e-08,1.8028869840559693e-08,6.004809712315569e-06,1.0251739688810353e-11,0.00285738369474044,1.66410026904316e-05
uniform_1d,1,500,31,BB,1.0,4.0,4.0,0.01,6.712960187726935e-09,1.0,0.13432778499986853,45.0,3.756300403206472,0.9165715502287615,1.0597707523095323,1.0597707523095323,2.1263752526573296,0.06521311605279002,0.0010506081631285608,0.003717822324179058,0.10311401557760216
uniform_1d,1,500,30,Ordinary,inf,4.0,4.0,0.01,2.4802293552284027e-09,1.0,0.20520899900020595,152.0,0.0,0.0,0.0,0.0,0.0,0.0,0.0,0.004267232802785254,0.0
uniform_1d,1,500,30,RR-balanced,59.761699465479715,4.0,4.0,0.01,1.719091535790085e-11,1.0,0.17327614299983907,82.0,0.494270263459919,0.1288348690557174,0.03649904879932819,0.03649904879932819,0.05510151722278521,0.010497763306798759,3.66805779927917e-05,0.004280311752413182,0.11455913033390037
uniform_1d,1,500,30,RR-tiny,125000000.0,4.0,4.0,0.01,1.2019807371643765e-10,1.0,0.017426493000129994,21.0,0.0002856798106724012,8.994336317908292e-05,3.9285623643081635e-09,3.9285623643081635e-09,7.529215662712194e-09,3.880519465925198e-06,4.08825200677163e-12,0.004267325056097224,1.52908273666877e-05
uniform_1d,1,500,30,BB,1.0,3.0,3.0,0.01,8.793947792185008e-10,1.0,0.12659613899995747,36.0,5.0687632958187345,0.9997272540371838,0.7057806418243899,0.7057806418243899,1.4018578572096456,0.05295012478190482,0.0007294572065437537,0.0048811456490568455,0.21397489517733476
uniform_1d,1,500,32,Ordinary,inf,5.0,5.0,0.01,9.69078373103116e-10,1.0,0.1634253310000986,98.0,0.0,0.0,0.0,0.0,0.0,0.0,0.0,0.003912876465453241,0.0
uniform_1d,1,500,32,RR-balanced,59.761699465479715,5.0,5.0,0.01,1.8030852144690357e-08,1.0,0.13539030600009028,58.0,0.42369806312101055,0.13199094701350758,0.08763622203878185,0.08763622203878185,0.16545454384350125,0.01819090673075431,8.26200623895075e-05,0.0036016145036489988,0.10307534051991463
uniform_1d,1,500,32,RR-tiny,125000000.0,5.0,5.0,0.01,7.696181025806936e-09,1.0,0.019631785999990825,43.0,0.0002699161886401402,8.472988758083359e-05,3.092611677857349e-08,3.092611677857349e-08,5.941366644026411e-08,1.0900795057266614e-05,2.9204883642336165e-11,0.003912230405186021,5.7092593328532256e-05
uniform_1d,1,500,32,BB,1.0,5.0,5.0,0.01,1.0318061960390423e-08,1.0,0.13988041100014925,58.0,6.255790720326092,1.1025259180077245,1.869924992707979,1.869924992707979,3.644739582221717,0.08537844672072357,0.0018807316537398304,0.0033624228528911426,0.27348690025572703
uniform_1d,1,500,33,Ordinary,inf,5.0,5.0,0.01,2.0765869246375246e-08,1.0,0.2026726179999514,95.0,0.0,0.0,0.0,0.0,0.0,0.0,0.0,0.0032348756729464905,0.0
uniform_1d,1,500,33,RR-balanced,59.761699465479715,5.0,5.0,0.01,1.5617154236480246e-09,1.0,0.18174039299992728,157.0,0.6021286208880694,0.12597392267884874,0.057043606014303805,0.057043606014303805,0.10124796124981762,0.014230106201277461,5.683524192240718e-05,0.003118167036129803,0.11452082263910367
uniform_1d,1,500,33,RR-tiny,125000000.0,5.0,5.0,0.01,8.703699094780859e-09,1.0,0.01686286399990422,35.0,0.0002647490020222243,8.907815499482183e-05,5.674019121215679e-08,5.674019121215679e-08,1.06550209079219e-07,1.4597959383367182e-05,5.5615635428206896e-11,0.003234641502341578,0.00013672404782011336
uniform_1d,1,500,33,BB,1.0,4.0,4.0,0.01,4.30857616251501e-09,1.0,0.1399193589998049,68.0,4.6310196772277585,0.9947015795121942,3.7245197899574123,3.7245197899574123,7.2877020363046725,0.12072863816265528,0.0037848763038806194,0.005374287339772506,0.4588452918682879
uniform_1d,1,500,34,Ordinary,inf,4.0,4.0,0.01,2.6970484512389703e-08,1.0,0.15550159500003247,128.0,0.0,0.0,0.0,0.0,0.0,0.0,0.0,0.0031226000492920354,0.0
uniform_1d,1,500,34,RR-balanced,59.761699465479715,5.0,5.0,0.01,1.4526011504756298e-09,1.0,0.1199460899999849,138.0,0.46058873836958414,0.12920346837335409,0.033116251920660034,0.033116251920660034,0.06190129289430237,0.011126661035036735,3.363252473625602e-05,0.0031032117802498103,0.08818539770342154
uniform_1d,1,500,34,RR-tiny,125000000.0,4.0,4.0,0.01,4.875404524540272e-10,1.0,0.01515112499987481,21.0,0.0002813414273667991,9.265174851861726e-05,4.785442797583528e-08,4.785442797583528e-08,9.251374588014448e-08,1.3602481088400341e-05,4.873425014792231e-11,0.0031230828073345934,0.0001048974435630776
uniform_1d,1,500,34,BB,1.0,3.0,3.0,0.01,7.363221143918963e-11,1.0,0.11747955300006652,37.0,5.792214345081334,1.010630270654668,1.1499391767724774,1.1499391767724774,2.2564778208018357,0.06717853557203872,0.0011694038381535796,0.001780823862802077,0.38122136538935053
uniform_1d,1,500,35,Ordinary,inf,4.0,4.0,0.01,5.072304132269778e-09,1.0,0.2338999729997795,76.0,0.0,0.0,0.0,0.0,0.0,0.0,0.0,0.00402552695476308,0.0
uniform_1d,1,500,35,RR-balanced,59.761699465479715,4.0,4.0,0.01,2.346088856519657e-08,1.0,0.0815198100001453,46.0,0.43327696531849136,0.13428911759775575,0.0059794795702146075,0.0059794795702146075,0.011159255688754886,0.004724247175742371,5.780901678965969e-06,0.004090703382756632,0.021177593786979563
uniform_1d,1,500,35,RR-tiny,125000000.0,4.0,4.0,0.01,1.3917977881305887e-09,1.0,0.017857832999879975,28.0,0.000310343508646449,8.798028484632384e-05,1.994044396269601e-08,1.994044396269601e-08,3.7549445616496043e-08,8.66596164502198e-06,1.9117249197845566e-11,0.004025459838369035,4.004727846447252e-05
uniform_1d,1,500,35,BB,1.0,4.0,4.0,0.01,3.39744887778437e-08,1.0,0.13369460100011565,53.0,6.694643968199607,1.0236222556069143,0.8891297303374586,0.8891297303374586,1.6857667309138231,0.058064907317825334,0.0008802170953587248,0.0020970647324357783,0.15282850080822755
uniform_1d,1,500,36,Ordinary,inf,5.0,5.0,0.01,1.1584317949342449e-09,1.0,0.19347395999989203,164.0,0.0,0.0,0.0,0.0,0.0,0.0,0.0,0.001957231418960967,0.0
uniform_1d,1,500,36,RR-balanced,59.761699465479715,4.0,4.0,0.01,3.306286577853257e-09,1.0,0.11789187499994114,47.0,0.4274904875068051,0.13517561680020354,0.04436055279131779,0.04436055279131779,0.07547424395702954,0.012286109551605792,3.707355791023467e-05,0.0020247074940704527,0.15896528935208917
uniform_1d,1,500,36,RR-tiny,125000000.0,5.0,5.0,0.01,2.0896762542577108e-08,1.0,0.01695892800034926,22.0,0.0003146933755527881,8.594413258368842e-05,1.8296191228728276e-08,1.8296191228728276e-08,3.123709695769583e-08,7.904061861814573e-06,1.630801054433375e-11,0.0019571890347429245,7.085084866650074e-05
uniform_1d,1,500,36,BB,1.0,3.0,3.0,0.01,2.0312529436239402e-10,1.0,0.12211202299999968,34.0,6.828638962492432,1.0938562614174556,2.798942435554295,2.798942435554295,5.926613932635956,0.10887253035211367,0.002743408465015587,0.0011055445246058923,0.3092414425390273
uniform_1d,1,500,37,Ordinary,inf,4.0,4.0,0.01,6.897515669734844e-09,1.0,0.17722790599987093,56.0,0.0,0.0,0.0,0.0,0.0,0.0,0.0,0.0007314175966672482,0.0
uniform_1d,1,500,37,RR-balanced,59.761699465479715,4.0,4.0,0.01,6.117676987216214e-08,1.0,0.10567079399993418,42.0,0.38620641573597325,0.131640343693493,0.03339349088230392,0.03339349088230392,0.06393101119425808,0.011307609048269938,3.241087990703471e-05,0.0007033551602795942,0.04522541454485587
uniform_1d,1,500,37,RR-tiny,125000000.0,4.0,4.0,0.01,1.101672553183164e-08,1.0,0.01474101700000574,25.0,0.00028535755607250746,8.684349142396994e-05,1.3874910109734628e-08,1.3874910109734628e-08,2.500456528181681e-08,7.071713410739551e-06,1.3583587339460486e-11,0.0007313543609245767,2.8716375232903354e-05
uniform_1d,1,500,37,BB,1.0,4.0,4.0,0.01,1.1723042825373398e-07,1.0,0.14332181600002514,47.0,5.439517299914623,1.0044126062009835,7.3747351534018435,7.3747351534018435,16.292387943658674,0.18051253664861439,0.006916486221715796,0.007519510445610553,0.3788467792571451
uniform_1d,1,500,38,Ordinary,inf,5.0,5.0,0.01,2.2785911379941126e-08,1.0,0.1945694910000384,70.0,0.0,0.0,0.0,0.0,0.0,0.0,0.0,0.0016494948747546477,0.0
uniform_1d,1,500,38,RR-balanced,59.761699465479715,5.0,5.0,0.01,8.516005900460755e-09,1.0,0.13244652300022608,67.0,0.4800526190058909,0.12588702896175896,0.0829172717436677,0.0829172717436677,0.16313649247242606,0.01806302812224053,8.058536764073048e-05,0.0017430076901970533,0.06601966660911197
uniform_1d,1,500,38,RR-tiny,125000000.0,5.0,5.0,0.01,4.331035086124757e-09,1.0,0.015821295000023383,19.0,0.0003167909100252331,8.808959699003307e-05,2.333081283723004e-08,2.333081283723004e-08,4.608574402323136e-08,9.6005983171083e-06,2.1306682179210133e-11,0.001649689190738394,2.1364203686906342e-05
uniform_1d,1,500,38,BB,1.0,4.0,4.0,0.01,2.775347729411237e-09,1.0,0.1433950549999281,50.0,4.283083278130763,0.9880267397841277,2.5573153758591616,2.5573153758591616,5.327871758938809,0.10322666088698994,0.00224463261107444,0.001682782312807599,0.409798863583993
uniform_1d,1,500,39,Ordinary,inf,3.0,3.0,0.01,8.086751934754943e-09,1.0,0.13754160700000284,37.0,0.0,0.0,0.0,0.0,0.0,0.0,0.0,0.0012469888996595806,0.0
uniform_1d,1,500,39,RR-balanced,59.761699465479715,3.0,3.0,0.01,2.6401449915169906e-09,1.0,0.1037438519999796,27.0,0.45698922590019553,0.13130641370229093,0.03814380509390958,0.03814380509390958,0.07595701493188876,0.012325340963388297,3.78409680742612e-05,0.0010062573621205067,0.021897116499796455
uniform_1d,1,500,39,RR-tiny,125000000.0,3.0,3.0,0.01,1.7667889373740309e-09,1.0,0.01879716799999187,12.0,0.00027140608663811516,9.06532051968874e-05,1.1052520676457789e-08,1.1052520676457789e-08,1.9995561159098494e-08,6.3238534390193605e-06,1.0809483242668382e-11,0.0012471606424440478,2.6626860215127417e-05
uniform_1d,1,500,39,BB,1.0,3.0,3.0,0.01,4.359840932721681e-09,1.0,0.12307180899983905,35.0,4.736674907431637,0.9896183536749523,1.2859567124010027,1.2859567124010027,2.4683926994671244,0.07026226155579002,0.0012685841617899871,0.0035754606828808156,0.22113167910744305
uniform_1d,1,500,41,Ordinary,inf,3.0,3.0,0.01,4.7022163940368955e-11,1.0,0.14494072499996946,40.0,0.0,0.0,0.0,0.0,0.0,0.0,0.0,0.0011899180523442052,0.0
uniform_1d,1,500,41,RR-balanced,59.761699465479715,3.0,3.0,0.01,2.4091839634365897e-13,1.0,0.07767907499987814,25.0,0.4397202814902874,0.13002559126881796,0.027971723727887365,0.027971723727887365,0.049058109571887006,0.009905363150524772,2.569722168454795e-05,0.0011181312690433391,0.037805727099227436
uniform_1d,1,500,41,RR-tiny,125000000.0,3.0,3.0,0.01,2.4088180339276732e-09,1.0,0.02164273499988667,11.0,0.00024493724286756,8.423950632455267e-05,3.3346623240504414e-09,3.3346623240504414e-09,6.255704552646198e-09,3.5371470290747593e-06,3.3484186485250905e-12,0.0011898417347116956,4.992598868615955e-06
uniform_1d,1,500,41,BB,1.0,4.0,4.0,0.01,1.4154852845393862e-09,1.0,0.11899265200008813,35.0,4.244483739932232,0.9572914907052211,3.3778017878812534,3.3778017878812534,6.29255576145474,0.1121833834527622,0.003097479896322048,0.0017430634882662761,0.302380775213192
uniform_1d,1,500,40,Ordinary,inf,6.0,7.0,0.01,1.5917392071074232e-08,1.0,0.2502436750000925,201.0,0.0,0.0,0.0,0.0,0.0,0.0,0.0,0.003196027512539641,0.0
uniform_1d,1,500,40,RR-balanced,59.761699465479715,6.0,6.0,0.01,8.831265496667129e-09,1.0,0.20882086100004926,208.0,0.5491169984853868,0.1298995956193657,0.1224149077365837,0.1224149077365837,0.23309003567924327,0.02159120356437979,0.00012383949742615034,0.0038373521453024077,0.23690976953177406
uniform_1d,1,500,40,RR-tiny,125000000.0,6.0,6.0,0.01,2.9247960275924356e-08,1.0,0.023148633000118934,47.0,0.0002711303206043292,8.880080358971172e-05,1.6467197383462917e-08,1.6467197383462917e-08,3.013732343346493e-08,7.763674830061462e-06,1.7175060817071997e-11,0.0031963425358834674,0.00026610499116050455
uniform_1d,1,500,40,BB,1.0,4.0,4.0,0.01,1.266117610754236e-08,1.0,0.13074717499989674,51.0,6.568918587988054,0.9374207447280941,0.7554538654823091,0.7554538654823091,1.4316688483439939,0.053510164424041794,0.0008266292286529043,0.0038496587220126313,0.5041870997644186
uniform_1d,1,500,43,Ordinary,inf,4.0,4.0,0.01,3.6755793297871264e-08,1.0,0.18530176200010828,69.0,0.0,0.0,0.0,0.0,0.0,0.0,0.0,0.0010428742618754886,0.0
uniform_1d,1,500,43,RR-balanced,59.761699465479715,4.0,4.0,0.01,4.2283707646362245e-09,1.0,0.14117487299995446,47.0,0.5926937674608121,0.1252594414914847,0.01153372562248478,0.01153372562248478,0.017208380043849725,0.005866579931075639,8.689396844259705e-06,0.0010459942526146256,0.08600134855574383
uniform_1d,1,500,43,RR-tiny,125000000.0,4.0,4.0,0.01,1.2299050666797484e-12,1.0,0.014893749999828287,13.0,0.0003079902501612608,9.10281578212839e-05,1.630132828722708e-08,1.630132828722708e-08,3.0619310828701147e-08,7.825510951842204e-06,1.5443061744879182e-11,0.0010428634001677774,3.67237148817494e-05
uniform_1d,1,500,43,BB,1.0,4.0,4.0,0.01,9.086075891673318e-09,1.0,0.12308295399998315,43.0,5.348066171845474,0.9922335888127856,1.3513559486366375,1.3513559486366375,2.5822874730230714,0.07186497718670856,0.0013486841737451144,0.00042873073474713997,0.24597810740385134
uniform_1d,1,500,42,Ordinary,inf,4.0,4.0,0.01,1.684255468425988e-08,1.0,0.19201189699992938,69.0,0.0,0.0,0.0,0.0,0.0,0.0,0.0,0.003658944409513582,0.0
uniform_1d,1,500,42,RR-balanced,59.761699465479715,4.0,4.0,0.01,1.4632739464559563e-12,1.0,0.1352897749998192,49.0,0.44142810867933746,0.13243817431123686,0.022323562331052926,0.022323562331052926,0.03963478621912994,0.008903346137169995,2.048382427527438e-05,0.003529798788783049,0.07152728007163618
uniform_1d,1,500,42,RR-tiny,125000000.0,4.0,4.0,0.01,7.967857262869416e-09,1.0,0.01576036500000555,23.0,0.0002665125238602295,9.267177463918432e-05,3.0796627470408566e-08,3.0796627470408566e-08,5.878602096160312e-08,1.0843064231258905e-05,3.064305989188864e-11,0.003659306841440368,5.446607154565372e-05
uniform_1d,1,500,42,BB,1.0,4.0,4.0,0.01,7.573787375037e-09,1.0,0.14940195899998798,64.0,5.363199393460796,0.9526137718751162,2.0650976701293757,2.0650976701293757,4.539574463453754,0.09528456814672305,0.0019577971895924483,0.004670650043393045,0.24655236116993998
uniform_1d,1,500,44,Ordinary,inf,4.0,4.0,0.01,8.480785185227546e-09,1.0,0.15462888299998667,122.0,0.0,0.0,0.0,0.0,0.0,0.0,0.0,0.0018803357412398353,0.0
uniform_1d,1,500,44,RR-balanced,59.761699465479715,4.0,4.0,0.01,5.627167620758655e-09,1.0,0.10680624100018576,78.0,0.4636888563732533,0.1299850106225381,0.04298135605222342,0.04298135605222342,0.07725530592549602,0.012430229758576149,3.8744064685879856e-05,0.0021367944595041947,0.14388756106659756
uniform_1d,1,500,44,RR-tiny,125000000.0,4.0,4.0,0.01,1.957882522773957e-09,1.0,0.014262399000017467,11.0,0.0002944871729613219,9.051189765155715e-05,5.2415657592064235e-08,5.2415657592064235e-08,1.0197317448564447e-07,1.4280978571907772e-05,5.054040595289716e-11,0.0018805227763272175,8.18562948047224e-05
uniform_1d,1,500,44,BB,1.0,3.0,3.0,0.01,4.539989273411038e-09,1.0,0.10436167800003204,29.0,7.210703367325388,1.0172415116642897,2.1385561076326667,2.1385561076326667,4.053419967782583,0.0900379916233429,0.0020930451873209413,0.007018852150756734,0.24912313212306356
uniform_1d,1,500,45,Ordinary,inf,5.0,5.0,0.01,8.010777596823004e-09,1.0,0.1901516380000885,69.0,0.0,0.0,0.0,0.0,0.0,0.0,0.0,0.0011643944252534462,0.0
uniform_1d,1,500,45,RR-balanced,59.761699465479715,5.0,5.0,0.01,1.5008416731632224e-10,1.0,0.09636009199994078,36.0,0.3805900755424818,0.12273735768188387,0.09245627739528572,0.09245627739528572,0.2023436660175079,0.0201168419995539,8.804554557613742e-05,0.0014132214287750854,0.022204938054595034
uniform_1d,1,500,45,RR-tiny,125000000.0,5.0,5.0,0.01,2.6424618049247783e-10,1.0,0.016082640999684372,19.0,0.0002912118757516513,9.199969840665105e-05,5.623223842121661e-08,5.623223842121661e-08,1.0523123912264671e-07,1.450732498585778e-05,5.171249173033655e-11,0.001164370940326568,6.051227085558545e-05
uniform_1d,1,500,45,BB,1.0,5.0,5.0,0.01,1.0941192618574291e-08,1.0,0.17494056700024885,76.0,3.9776299490966576,0.9220024404915573,3.7431606308155096,3.7431606308155096,4.828967422162142,0.09827479251733012,0.002332542349856642,0.0022874210821665327,0.7203215131309434
uniform_1d,1,500,47,Ordinary,inf,3.0,3.0,0.01,1.090808576797997e-08,1.0,0.13016890100016099,44.0,0.0,0.0,0.0,0.0,0.0,0.0,0.0,0.0029854669934421332,0.0
uniform_1d,1,500,47,RR-balanced,59.761699465479715,3.0,3.0,0.01,2.0736536932020044e-09,1.0,0.06043770999986009,22.0,0.41352036389371616,0.13318430321683775,0.00949266778366109,0.00949266778366109,0.018540691008696375,0.006089448416514647,8.8469150760888e-06,0.00294925385790328,0.017267197742848243
uniform_1d,1,500,47,RR-tiny,125000000.0,3.0,3.0,0.01,2.2569373037129026e-09,1.0,0.013317035000000033,13.0,0.00028831550493690905,9.21503526442663e-05,1.5156274457694963e-08,1.5156274457694963e-08,2.8633323719587565e-08,7.56747298899541e-06,1.5057031307305316e-11,0.002985552249553979,2.5426552389514684e-05
uniform_1d,1,500,47,BB,1.0,3.0,3.0,0.01,2.0223955843334807e-10,1.0,0.09072234800009937,30.0,4.618252427194025,0.9357931616327619,0.884898655437155,0.884898655437155,1.7395203178140524,0.05898339287992939,0.0008870267918792231,0.0046813987669141474,0.09080005010622672
uniform_1d,1,500,46,Ordinary,inf,4.0,4.0,0.01,3.576161344831519e-08,1.0,0.17437115900020217,105.0,0.0,0.0,0.0,0.0,0.0,0.0,0.0,0.005232044107541954,0.0
uniform_1d,1,500,46,RR-balanced,59.761699465479715,4.0,4.0,0.01,1.5712586787230975e-10,1.0,0.09815440600004877,56.0,0.3920386079252438,0.1324456751491442,0.05858742576060649,0.05858742576060649,0.11680381238289292,0.015284227974149883,5.9251262233016517e-05,0.005455455252250368,0.03178625233264295
uniform_1d,1,500,46,RR-tiny,125000000.0,4.0,4.0,0.01,6.816280873067626e-11,1.0,0.01582851699981802,15.0,0.0003555854488016541,9.548389204034599e-05,5.319270712789148e-08,5.319270712789148e-08,1.0102920296536906e-07,1.421472496852254e-05,5.1812591119123213e-11,0.005231286280539368,7.372438725490672e-05
uniform_1d,1,500,46,BB,1.0,4.0,4.0,0.01,1.3010437394100904e-08,1.0,0.18532486200001586,57.0,9.009286650558034,1.0725691831595354,2.9669587545515697,2.9669587545515697,5.269061018484783,0.10265535561756906,0.002675257081180488,0.003900592333185856,0.7692479560459907
uniform_1d,1,500,48,Ordinary,inf,4.0,4.0,0.01,5.508065115122918e-09,1.0,0.15841181199994026,135.0,0.0,0.0,0.0,0.0,0.0,0.0,0.0,0.0009171929119773061,0.0
uniform_1d,1,500,48,RR-balanced,59.761699465479715,4.0,4.0,0.01,5.3590736293074315e-09,1.0,0.1308463219997975,81.0,0.4676711866008727,0.13171760229335241,0.0357774962219537,0.0357774962219537,0.06780322780355505,0.011645018488912334,3.4587903058889264e-05,0.0008760812499650993,0.10373617041674468
uniform_1d,1,500,48,RR-tiny,125000000.0,4.0,4.0,0.01,4.175992440735854e-09,1.0,0.015128002999972523,10.0,0.00032442579053681975,9.142242768832649e-05,1.1473389349703211e-08,1.1473389349703211e-08,2.2799465422990655e-08,6.75269804196673e-06,1.1477681648998397e-11,0.0009171014155170867,1.4994555720057925e-05
uniform_1d,1,500,48,BB,1.0,4.0,4.0,0.01,3.93696963918444e-09,1.0,0.13907129299991539,57.0,4.879425680144242,0.9750639199526783,2.8021662179913847,2.8021662179913847,5.272486107498544,0.10268871512974095,0.002865746300737977,0.005471980759275635,0.4784584243205276
uniform_1d,1,500,49,Ordinary,inf,3.0,3.0,0.01,3.957516536701178e-10,1.0,0.13755103200014673,45.0,0.0,0.0,0.0,0.0,0.0,0.0,0.0,0.003639473054409885,0.0
uniform_1d,1,500,49,RR-balanced,59.761699465479715,3.0,3.0,0.01,8.683049834701251e-10,1.0,0.08653541100011353,33.0,0.4665026091573665,0.13026017527145223,0.009327408657441083,0.009327408657441083,0.01822960061282266,0.006038145512129144,8.94785801274827e-06,0.0036467873930306266,0.028928936456131583
uniform_1d,1,500,49,RR-tiny,125000000.0,3.0,3.0,0.01,5.115469159377994e-09,1.0,0.01421376500002225,10.0,0.0002746286728094738,8.712645419029867e-05,1.9826416064461228e-08,1.9826416064461228e-08,3.8866825283284836e-08,8.816668904216017e-06,1.951558526977019e-11,0.0036393548758550994,2.5816151664947746e-05
uniform_1d,1,500,49,BB,1.0,3.0,3.0,0.01,6.969713695070823e-11,1.0,0.14308020399994348,39.0,4.759325041123498,1.020554901076814,3.711853717072813,3.711853717072813,6.949636737541512,0.11789518003329494,0.0035821019710503737,0.002381471939234798,0.35327014088452047
uniform_1d,1,500,50,Ordinary,inf,4.0,4.0,0.01,1.6407570857523979e-09,1.0,0.13212860199996612,61.0,0.0,0.0,0.0,0.0,0.0,0.0,0.0,0.00043446136279091105,0.0
uniform_1d,1,500,50,RR-balanced,59.761699465479715,4.0,4.0,0.01,3.130290915365208e-09,1.0,0.10462315099994157,55.0,0.428927921447543,0.13283491485153298,0.026783066358234464,0.026783066358234464,0.05208847553871829,0.010206711080335162,2.5799072794290145e-05,0.00044195502673984504,0.04818600103842378
uniform_1d,1,500,50,RR-tiny,125000000.0,4.0,4.0,0.01,4.185561230940493e-09,1.0,0.013910859000134224,15.0,0.0002715079137880494,9.13229887281951e-05,1.6358626453438774e-08,1.6358626453438774e-08,3.099180980803534e-08,7.872967649880867e-06,1.6159885307182054e-11,0.0004344165901535469,4.423661594416857e-05
uniform_1d,1,500,50,BB,1.0,3.0,3.0,0.01,2.0249395493721067e-09,1.0,0.1259671199998138,35.0,5.7173471378776215,0.944649250152803,3.029029483498789,3.029029483498789,5.959053278782164,0.10917008087184112,0.00291616531021385,0.004339535749843697,0.5342207929553914
uniform_1d,1,500,52,Ordinary,inf,3.0,3.0,0.01,5.448039797073534e-10,1.0,0.14246806200003448,42.0,0.0,0.0,0.0,0.0,0.0,0.0,0.0,0.0025065982097319684,0.0
uniform_1d,1,500,52,RR-balanced,59.761699465479715,3.0,3.0,0.01,8.927902861444181e-11,1.0,0.10140310099995986,29.0,0.35841465620016333,0.12574693841310516,0.028315193800153793,0.028315193800153793,0.05290380814359469,0.01028628291887742,2.8516145686043303e-05,0.002679265730374811,0.033405791953379664
uniform_1d,1,500,52,RR-tiny,125000000.0,3.0,3.0,0.01,2.5134285763783737e-09,1.0,0.01620079799999985,11.0,0.00027340642615103494,8.843142686111976e-05,1.017747308651451e-08,1.017747308651451e-08,1.7193527714405693e-08,5.864047700079816e-06,1.0548442158058554e-11,0.0025068079621407514,2.738741594274386e-05
uniform_1d,1,500,52,BB,1.0,4.0,4.0,0.01,7.496166132270332e-09,1.0,0.12645174900012535,56.0,5.568187511203402,0.9948439274640892,1.638932604160459,1.638932604160459,2.601973447559464,0.07213838711198725,0.0014540820524276015,0.004880559703414335,0.4080677128624056
uniform_1d,1,500,53,Ordinary,inf,3.0,3.0,0.01,1.3943735055477191e-11,1.0,0.13777665299994624,37.0,0.0,0.0,0.0,0.0,0.0,0.0,0.0,0.004343058009788407,0.0
uniform_1d,1,500,53,RR-balanced,59.761699465479715,3.0,3.0,0.01,4.866906877509791e-11,1.0,0.09234739600015018,26.0,0.4227139186703177,0.12894770351908563,0.025950084061491907,0.025950084061491907,0.051005139020666175,0.010100013764413015,2.5686695043947087e-05,0.004410086458655992,0.01660129931402552
uniform_1d,1,500,53,RR-tiny,125000000.0,3.0,3.0,0.01,2.7518831657857845e-10,1.0,0.013774112999954014,10.0,0.0002780067388314933,9.129893960597543e-05,1.077398792403983e-08,1.077398792403983e-08,1.8120416501962997e-08,6.020035963673805e-06,9.860883315006893e-12,0.004343035266694487,2.5663450605917655e-05
uniform_1d,1,500,53,BB,1.0,3.0,3.0,0.01,2.5477397969098092e-11,1.0,0.10475339799972971,29.0,7.124890740269501,0.996096641476098,1.8080353948379297,1.8080353948379297,3.729394268302056,0.08636427812819436,0.0016781208568248883,0.007730747474085222,0.20585499181421157
uniform_1d,1,500,54,Ordinary,inf,4.0,4.0,0.01,3.997774111752506e-09,1.0,0.14005630799988467,70.0,0.0,0.0,0.0,0.0,0.0,0.0,0.0,0.0026778881626299727,0.0
uniform_1d,1,500,54,RR-balanced,59.761699465479715,4.0,4.0,0.01,6.780363159819558e-09,1.0,0.10875587700002143,57.0,0.402099016140943,0.12219842006640666,0.04739320090732235,0.04739320090732235,0.09433247934551586,0.013735536345226266,4.536950298305732e-05,0.0024044057160600056,0.02335975538347454
uniform_1d,1,500,54,RR-tiny,125000000.0,4.0,4.0,0.01,5.695708571451519e-09,1.0,0.014680407999776435,18.0,0.00024930198599215636,8.920166418287809e-05,2.9286070457601454e-08,2.9286070457601454e-08,5.5985265198681845e-08,1.0581612844806016e-05,2.8425577038010227e-11,0.0026775346102258786,4.784563586810687e-05
uniform_1d,1,500,54,BB,1.0,4.0,4.0,0.01,1.7150163511558958e-09,1.0,0.12213714899985462,38.0,6.848126760708604,1.013891731663061,5.365705267911721,5.365705267911721,10.287066742136592,0.1434368623620622,0.005412514646716434,0.004610654441071805,0.29750014436047123
uniform_1d,1,500,51,Ordinary,inf,5.0,5.0,0.01,6.782438854990858e-08,1.0,0.2972214419996817,190.0,0.0,0.0,0.0,0.0,0.0,0.0,0.0,0.0014600633376839422,0.0
uniform_1d,1,500,51,RR-balanced,59.761699465479715,5.0,5.0,0.01,3.350593202888774e-08,1.0,0.17042786699994394,84.0,0.4206753842881854,0.1281479756990574,0.014911782374269933,0.014911782374269933,0.02814140677297624,0.00750218725079243,1.4118901439017909e-05,0.001371774047005122,0.05260423588390193
uniform_1d,1,500,51,RR-tiny,125000000.0,5.0,5.0,0.01,3.224776667920537e-09,1.0,0.020498875000157568,56.0,0.000306346771177024,9.397250480047116e-05,2.8575641408679076e-08,2.8575641408679076e-08,5.48920948148829e-08,1.0477795074812535e-05,2.7892527889134865e-11,0.001460022969090459,4.6247056419653596e-05
uniform_1d,1,500,51,BB,1.0,5.0,5.0,0.01,4.324292546264985e-08,1.0,0.21961247200010803,367.0,5.601097251364437,1.0174508506823772,1.5436546339676624,1.5436546339676624,3.03953833315616,0.07796843378132153,0.0013777617557124032,0.0007765411438390328,0.49495033946384764
uniform_1d,1,500,55,Ordinary,inf,4.0,4.0,0.01,4.295872546578039e-09,1.0,0.156810010000072,55.0,0.0,0.0,0.0,0.0,0.0,0.0,0.0,0.003072514924609411,0.0
uniform_1d,1,500,55,RR-balanced,59.761699465479715,4.0,4.0,0.01,4.739201697745443e-09,1.0,0.11271648599995387,42.0,0.47664677392026866,0.1272437474930646,0.0603311719659132,0.0603311719659132,0.09636326115171628,0.013882597822577464,5.223846828955995e-05,0.0032934820760097397,0.08418371170751231
uniform_1d,1,500,55,RR-tiny,125000000.0,4.0,4.0,0.01,2.5013955351482764e-09,1.0,0.014440538000144443,20.0,0.0002994651928127645,8.956937779433145e-05,3.671311787911691e-08,3.671311787911691e-08,7.151339216521503e-08,1.1959380599781497e-05,3.6937853508904647e-11,0.003072862287077791,2.8074508573144087e-05
uniform_1d,1,500,55,BB,1.0,5.0,5.0,0.01,1.535394278384672e-08,1.0,0.1700351959998443,88.0,5.002796393578847,1.0014901690371945,3.4971115047965213,3.4971115047965213,6.931210902216465,0.11773878632138574,0.0034685814796625017,0.0031103235334385103,0.4049344420619002
uniform_1d,1,500,57,Ordinary,inf,4.0,4.0,0.01,6.547362652042921e-09,1.0,0.1758109779998449,57.0,0.0,0.0,0.0,0.0,0.0,0.0,0.0,0.0026619383815654303,0.0
uniform_1d,1,500,57,RR-balanced,59.761699465479715,4.0,4.0,0.01,1.095559176711447e-08,1.0,0.09225514700005988,42.0,0.4701973086710183,0.13260405031962938,0.034343582964538655,0.034343582964538655,0.05908507800025645,0.010870609734532508,2.893855269286818e-05,0.002884445470630921,0.056758128640974154
uniform_1d,1,500,57,RR-tiny,125000000.0,4.0,4.0,0.01,1.6399142044321025e-09,1.0,0.015714518000095268,18.0,0.0003361518034221689,9.018301886527259e-05,1.2525333659141324e-08,1.2525333659141324e-08,2.259549399032709e-08,6.722424263660706e-06,1.2708420735946515e-11,0.0026620147532397994,2.5171177210727243e-05
uniform_1d,1,500,57,BB,1.0,4.0,4.0,0.01,3.9477134894383425e-09,1.0,0.15175211900009344,50.0,5.175312175868575,0.9795873197032721,0.5645195309443807,0.5645195309443807,0.755061819523061,0.03886030930198732,0.00047305904024449097,0.004593663505350543,0.23671384861677322
uniform_1d,1,500,58,Ordinary,inf,3.0,3.0,0.01,6.063116675392166e-10,1.0,0.15167464199998903,37.0,0.0,0.0,0.0,0.0,0.0,0.0,0.0,0.0009112039468927718,0.0
uniform_1d,1,500,58,RR-balanced,59.761699465479715,3.0,3.0,0.01,2.5552449045562753e-11,1.0,0.09564173900025708,25.0,0.36275495708273486,0.12625493136693228,0.021277178447462575,0.021277178447462575,0.03448969264128221,0.008305382910050832,1.8496197956096736e-05,0.0011228478531313455,0.03353094353232246
uniform_1d,1,500,58,RR-tiny,125000000.0,3.0,3.0,0.01,2.4055686331792003e-09,1.0,0.013908676000255582,9.0,0.0002530719795440506,9.030302394000286e-05,3.699256012623664e-09,3.699256012623664e-09,7.317572779050965e-09,3.825590876989061e-06,3.489356405465628e-12,0.0009111792063691928,6.399919605150385e-06
uniform_1d,1,500,58,BB,1.0,4.0,4.0,0.01,2.3285777750459147e-09,1.0,0.11946410100017602,34.0,4.940277091512913,0.9650968381136641,2.1048827690277676,2.1048827690277676,2.5455419376056923,0.07135183161777549,0.002194377640248313,0.0022749984478021034,0.12120460442468056
uniform_1d,1,500,56,Ordinary,inf,5.0,5.0,0.01,2.1380285541994226e-08,1.0,0.22759305600015978,139.0,0.0,0.0,0.0,0.0,0.0,0.0,0.0,0.002634918633089299,0.0
uniform_1d,1,500,56,RR-balanced,59.761699465479715,5.0,5.0,0.01,3.93817023436327e-09,1.0,0.2175020110000787,94.0,0.48869080628440065,0.1254144657551241,0.08659216234093492,0.08659216234093492,0.15332298283290813,0.017511309650217948,8.673937874787034e-05,0.0031272677097576797,0.17011886169239773
uniform_1d,1,500,56,RR-tiny,125000000.0,5.0,5.0,0.01,7.210746666430623e-08,1.0,0.018863020000026154,18.0,0.0003093195416310479,9.033089424311009e-05,2.087472239509225e-08,2.087472239509225e-08,3.8636954554716215e-08,8.790557952111597e-06,2.0409944394081136e-11,0.002634850839565179,8.73214060386535e-05
uniform_1d,1,500,56,BB,1.0,5.0,5.0,0.01,1.1587327319872998e-08,1.0,0.1926730130001033,159.0,4.600649514154119,0.9877780394304927,3.0149991849278877,3.0149991849278877,5.537605121932079,0.10523882479324899,0.0030106888258085145,0.006384043578911797,0.5105470693543812
uniform_1d,1,500,59,Ordinary,inf,4.0,4.0,0.01,7.787754885413278e-10,1.0,0.16914109699996516,80.0,0.0,0.0,0.0,0.0,0.0,0.0,0.0,0.0017063864141869172,0.0
uniform_1d,1,500,59,RR-balanced,59.761699465479715,4.0,4.0,0.01,3.3707876490041144e-09,1.0,0.11372769900003732,45.0,0.3671871116775647,0.12433733390744044,0.013888694723846129,0.013888694723846129,0.026961646853194715,0.007343248171374125,1.3426362402224149e-05,0.0016049992043135693,0.026472025184960758
uniform_1d,1,500,59,RR-tiny,125000000.0,4.0,4.0,0.01,1.0241976600156022e-08,1.0,0.016102760999956445,24.0,0.00029347327129169987,8.859445205387976e-05,1.379203240503557e-08,1.379203240503557e-08,2.6128645229025488e-08,7.228920421338927e-06,1.3789960048823256e-11,0.0017065103604557703,3.530272877788781e-05
uniform_1d,1,500,59,BB,1.0,4.0,4.0,0.01,2.1021431262369106e-09,1.0,0.15812807499992232,70.0,4.267699441650103,1.0266679228525017,3.116090208098285,3.116090208098285,5.727021642935913,0.1070235641616921,0.0028308062038071968,0.007747774219580731,0.6647958861350569
uniform_1d,1,500,60,Ordinary,inf,4.0,4.0,0.01,1.038141062004172e-08,1.0,0.18978108499982227,92.0,0.0,0.0,0.0,0.0,0.0,0.0,0.0,0.0026366531419311405,0.0
uniform_1d,1,500,60,RR-balanced,59.761699465479715,4.0,4.0,0.01,1.2012613126444194e-13,1.0,0.10533180899983563,92.0,0.513852385513184,0.1336151326440609,0.039243286438249925,0.039243286438249925,0.07666781596401201,0.012382876561123591,3.8068551224805196e-05,0.0029690198602498946,0.046892671977271004
uniform_1d,1,500,60,RR-tiny,125000000.0,4.0,4.0,0.01,2.035119184284895e-09,1.0,0.014332635000073424,13.0,0.0002817678026497683,8.91858273673493e-05,1.4658780855825171e-08,1.4658780855825171e-08,2.6213254754920436e-08,7.240615271497366e-06,1.33580096714603e-11,0.0026367504154305903,6.009951072512915e-05
uniform_1d,1,500,60,BB,1.0,4.0,4.0,0.01,1.6466925600866489e-09,1.0,0.10865105000016229,51.0,4.454898112059219,0.9695103765718007,1.5350515388556687,1.5350515388556687,2.3446747042250475,0.06847882452590796,0.0010816184078616573,0.0028256880033934373,0.52653643389449
uniform_1d,1,500,61,Ordinary,inf,4.0,4.0,0.01,4.118181129442178e-09,1.0,0.1798601170000893,66.0,0.0,0.0,0.0,0.0,0.0,0.0,0.0,0.006075873157356746,0.0
uniform_1d,1,500,61,RR-balanced,59.761699465479715,4.0,5.0,0.01,4.8155450738107675e-09,1.0,0.1423216410000805,105.0,0.4152766340445364,0.12941107827663148,0.04573688333607606,0.04573688333607606,0.0843973839184485,0.01299210405734564,4.367647603495506e-05,0.006639495033555829,0.11945001558301827
uniform_1d,1,500,61,RR-tiny,125000000.0,4.0,4.0,0.01,1.180433417680149e-08,1.0,0.024554265000006126,18.0,0.00030379397521573814,9.708012327953307e-05,5.5340706239803694e-08,5.5340706239803694e-08,1.0909038372176746e-07,1.4770943349818079e-05,5.5852224746663534e-11,0.006076123835876547,5.076450032040089e-05
uniform_1d,1,500,61,BB,1.0,4.0,4.0,0.01,2.6634070504627516e-09,1.0,0.17458414899988384,49.0,4.913260214819403,0.9535129970431453,1.5282691079016786,1.5282691079016786,2.569940966645134,0.07169296990145037,0.0013958891234164676,0.009430959342902417,0.5881194111155127
uniform_1d,1,500,62,Ordinary,inf,4.0,4.0,0.01,8.396505712937596e-11,1.0,0.15432534599972314,48.0,0.0,0.0,0.0,0.0,0.0,0.0,0.0,0.0019951926162732636,0.0
uniform_1d,1,500,62,RR-balanced,59.761699465479715,4.0,4.0,0.01,1.2580474439971567e-09,1.0,0.160057998999946,45.0,0.5352516140741126,0.13285664165199954,0.1337275575917829,0.1337275575917829,0.26071090797296037,0.022834662597593175,0.00012569541275530264,0.0018115345524873966,0.04825002209391683
uniform_1d,1,500,62,RR-tiny,125000000.0,4.0,4.0,0.01,2.0467216810260425e-09,1.0,0.01602445299977262,18.0,0.00031455062198737505,8.911306987188437e-05,1.715829966997262e-08,1.715829966997262e-08,3.393331758470552e-08,8.238120851833327e-06,1.646728597108847e-11,0.0019952216775447544,1.4885023226906605e-05
uniform_1d,1,500,62,BB,1.0,5.0,5.0,0.01,4.5030179585126007e-10,1.0,0.19382587099994453,71.0,5.221155015503661,0.9929164470514406,3.240342611618644,3.240342611618644,5.657543246409886,0.10637239535151857,0.0033275616320820136,0.005907065032760421,0.17486572184404495
uniform_1d,1,500,64,Ordinary,inf,4.0,4.0,0.01,1.2491344625331635e-08,1.0,0.16081451300010485,62.0,0.0,0.0,0.0,0.0,0.0,0.0,0.0,0.002598604766631334,0.0
uniform_1d,1,500,64,RR-balanced,59.761699465479715,4.0,4.0,0.01,8.672520923624916e-09,1.0,0.11749390400018456,57.0,0.35844035313985523,0.1247800945790199,0.018438002149650856,0.018438002149650856,0.023153317575550426,0.006804897879549763,1.4398863066069326e-05,0.0025116215476660574,0.11796836266245013
uniform_1d,1,500,64,RR-tiny,125000000.0,4.0,4.0,0.01,1.709604635635742e-08,1.0,0.015523348999977316,22.0,0.00025526538436615454,9.144351593641493e-05,1.7866796042653732e-08,1.7866796042653732e-08,3.169583052369034e-08,7.961888032833712e-06,1.705794292091649e-11,0.0025985007342071726,5.686334346220707e-05
uniform_1d,1,500,64,BB,1.0,4.0,4.0,0.01,1.5443877066090295e-08,1.0,0.11631622899972172,106.0,5.785567304841502,0.9966777828583341,1.4923432943298849,1.4923432943298849,2.6208588674571773,0.07239970811346103,0.0012963840944962347,0.006401392940639683,0.5437442574802046
uniform_1d,1,500,63,Ordinary,inf,4.0,4.0,0.01,3.3689364187239335e-08,1.0,0.20280728200009435,52.0,0.0,0.0,0.0,0.0,0.0,0.0,0.0,0.005110985933286013,0.0
uniform_1d,1,500,63,RR-balanced,59.761699465479715,4.0,4.0,0.01,1.3308924851074266e-08,1.0,0.09749165899984291,37.0,0.49615223830763355,0.12604629677575108,0.029238452531899384,0.029238452531899384,0.054168521262805885,0.01040850817963899,2.8980786713360147e-05,0.004517548212467816,0.020348536927976408
uniform_1d,1,500,63,RR-tiny,125000000.0,4.0,4.0,0.01,1.7422961295920913e-08,1.0,0.015186721999953079,19.0,0.00034947512241190193,9.789933251951215e-05,1.094565504899947e-08,1.094565504899947e-08,1.86598099814412e-08,6.108978634999667e-06,9.890516690871476e-12,0.005111223822557874,3.402137133974026e-05
uniform_1d,1,500,63,BB,1.0,4.0,4.0,0.01,8.170466525569964e-10,1.0,0.1650528889999805,58.0,4.713449154943716,0.9274254581564678,4.183018493977443,4.183018493977443,8.332495367813497,0.12909295385739297,0.00406565862204342,0.008090549018672847,0.23023309982694282
uniform_1d,1,500,65,Ordinary,inf,4.0,4.0,0.01,1.7101360771931695e-08,1.0,0.17281083800003216,54.0,0.0,0.0,0.0,0.0,0.0,0.0,0.0,0.000287398969969717,0.0
uniform_1d,1,500,65,RR-balanced,59.761699465479715,4.0,4.0,0.01,2.55351295663786e-14,1.0,0.09169450300009885,54.0,0.45895195399939626,0.1271709713391297,0.027577394545460265,0.027577394545460265,0.054598551178801684,0.010449741736406856,2.756067253926868e-05,0.00018764264237950779,0.021880097563889894
uniform_1d,1,500,65,RR-tiny,125000000.0,4.0,4.0,0.01,1.270213934034814e-09,1.0,0.020027824999942823,18.0,0.00028699622825723026,8.388761731127727e-05,2.284241418237798e-08,2.284241418237798e-08,4.238134842371196e-08,9.206665892027575e-06,2.2669408412894122e-11,0.00028751010411157856,5.6039612589452746e-05
uniform_1d,1,500,65,BB,1.0,4.0,4.0,0.01,5.158991900344745e-09,1.0,0.17330271800005903,68.0,4.207438007340563,0.9880355660799893,1.6502024794917816,1.6502024794917816,3.0154757441358386,0.07765920092475635,0.001536573453097179,0.0018818949390629377,0.6244146662860838
uniform_1d,1,500,66,Ordinary,inf,4.0,4.0,0.01,8.130869089129078e-09,1.0,0.21318227300002945,64.0,0.0,0.0,0.0,0.0,0.0,0.0,0.0,0.002802812809260774,0.0
uniform_1d,1,500,66,RR-balanced,59.761699465479715,4.0,4.0,0.01,4.671531161903886e-09,1.0,0.13611473799983287,54.0,0.46995568836530355,0.13418608637903442,0.019804422502033958,0.019804422502033958,0.029767751154577648,0.007715925239992628,1.73963473947233e-05,0.002598556370463847,0.09402809993444396
uniform_1d,1,500,66,RR-tiny,125000000.0,4.0,4.0,0.01,2.4524985597906834e-08,1.0,0.01612520499998027,20.0,0.00032552465560842236,8.921283756678597e-05,1.4511329027300235e-08,1.4511329027300235e-08,2.5816992505679026e-08,7.185679161454264e-06,1.3203279337245477e-11,0.002802720087688015,7.321909528300924e-05
uniform_1d,1,500,66,BB,1.0,4.0,4.0,0.01,4.760285654548113e-08,1.0,0.11424484799999846,86.0,7.934674425969773,1.0340690413288394,3.6032801507532213,3.6032801507532213,7.757122882203214,0.12455619520684802,0.003435415536854285,0.006852060644232864,0.3589536885977258
uniform_1d,1,500,68,Ordinary,inf,3.0,3.0,0.01,3.6146476922738202e-09,1.0,0.12792141300019466,41.0,0.0,0.0,0.0,0.0,0.0,0.0,0.0,0.002023585533167306,0.0
uniform_1d,1,500,68,RR-balanced,59.761699465479715,3.0,3.0,0.01,1.8281958169552581e-09,1.0,0.09735955699989063,31.0,0.40749801351638193,0.12449761848936271,0.01600810514969453,0.01600810514969453,0.029020676634521816,0.007618487597223194,1.6107397163530196e-05,0.0022101760532484103,0.020009230491914085
uniform_1d,1,500,68,RR-tiny,125000000.0,3.0,3.0,0.01,1.7077317338021203e-10,1.0,0.012897101999669758,11.0,0.00027429365779840786,9.032278493914318e-05,2.345177563256584e-08,2.345177563256584e-08,4.264370436944924e-08,9.235118230910663e-06,2.284657299957111e-11,0.002023614571003791,3.370401043411428e-05
uniform_1d,1,500,68,BB,1.0,3.0,3.0,0.01,2.95193869348509e-10,1.0,0.11357704200008811,33.0,5.73660379669983,0.9736534108029086,2.8464280571569134,2.8464280571569134,5.667614319066624,0.10646703075663023,0.0027994460553523626,0.0031882365864569053,0.25001436173771135
uniform_1d,1,500,67,Ordinary,inf,4.0,4.0,0.01,8.609182255980841e-10,1.0,0.19609488800006147,58.0,0.0,0.0,0.0,0.0,0.0,0.0,0.0,0.004318355081886794,0.0
uniform_1d,1,500,67,RR-balanced,59.761699465479715,4.0,4.0,0.01,2.928750131303559e-09,1.0,0.10175723399970593,87.0,0.480295374008501,0.12968810178817614,0.02262060831276358,0.02262060831276358,0.04120221851751659,0.009077688969943461,2.3109861334534426e-05,0.0038951177433397374,0.056989695682001656
uniform_1d,1,500,67,RR-tiny,125000000.0,4.0,4.0,0.01,4.709063361474364e-09,1.0,0.016173387999970146,21.0,0.0002594728020255399,8.90019721551585e-05,1.7931597540155053e-08,1.7931597540155053e-08,2.9584186871648673e-08,7.69209813661379e-06,1.5827487856619262e-11,0.0043186570468916686,6.127763406224026e-05
uniform_1d,1,500,67,BB,1.0,4.0,4.0,0.01,5.8273639913508646e-08,1.0,0.10968724100007421,62.0,5.353032247154732,1.0435464618363535,0.922618278543041,0.922618278543041,1.3306502007464167,0.0515877931442394,0.0008257430596801024,0.0058480036369008,0.4137367406320301
uniform_1d,1,500,69,Ordinary,inf,5.0,5.0,0.01,2.4788020525079446e-09,1.0,0.2546972820000519,70.0,0.0,0.0,0.0,0.0,0.0,0.0,0.0,0.008105289483914138,0.0
uniform_1d,1,500,69,RR-balanced,59.761699465479715,5.0,5.0,0.01,1.0880339740282352e-08,1.0,0.1717924330000642,101.0,0.3909864531958178,0.12645664064234843,0.03936508303650044,0.03936508303650044,0.07480734561212057,0.012231708434402824,3.9008417559994804e-05,0.008182132696310837,0.08188824020955807
uniform_1d,1,500,69,RR-tiny,125000000.0,5.0,5.0,0.01,1.1442572001030271e-08,1.0,0.018129213999827698,26.0,0.00023654921871785195,8.302202266230509e-05,3.57348426405224e-08,3.57348426405224e-08,6.855956741061737e-08,1.170978799215574e-05,3.5505093915855944e-11,0.00810476921388796,5.0535049635172515e-05
uniform_1d,1,500,69,BB,1.0,4.0,4.0,0.01,7.51887441197141e-11,1.0,0.13822764300039125,35.0,5.457214102930048,0.9691759765525361,3.3815348155458196,3.3815348155458196,6.3637089109988345,0.11281585802535772,0.0035133469948399306,0.0077742212892513655,0.3237421812575026
uniform_1d,1,500,72,Ordinary,inf,4.0,4.0,0.01,1.3859257519399648e-08,1.0,0.15059109000003446,72.0,0.0,0.0,0.0,0.0,0.0,0.0,0.0,0.0009004363943324344,0.0
uniform_1d,1,500,72,RR-balanced,59.761699465479715,4.0,4.0,0.01,1.098119373210693e-09,1.0,0.09814835600013794,36.0,0.46999463181255474,0.13339952459708276,0.0560040446223411,0.0560040446223411,0.11130795934925591,0.01492031898782703,5.9525699757656554e-05,0.0009779422001253027,0.04096631408794477
uniform_1d,1,500,72,RR-tiny,125000000.0,4.0,4.0,0.01,9.845197768143521e-09,1.0,0.015216565999935483,15.0,0.00022298281887245253,8.783934834234391e-05,2.0559468794090208e-08,2.0559468794090208e-08,3.893470836841729e-08,8.824364948076125e-06,2.019323851796856e-11,0.0009004467724487725,4.2998346777673983e-05
uniform_1d,1,500,72,BB,1.0,4.0,4.0,0.01,2.4245117025145646e-09,1.0,0.13549564600020858,48.0,5.090332396603828,1.0149410977154838,1.347730082735211,1.347730082735211,2.5921252883126833,0.07200174009442666,0.0013913855150391452,0.002345596284578141,0.13674593530853987
uniform_1d,1,500,71,Ordinary,inf,4.0,4.0,0.01,6.158985099702363e-09,1.0,0.16056764100017062,56.0,0.0,0.0,0.0,0.0,0.0,0.0,0.0,0.001370772378829592,0.0
uniform_1d,1,500,71,RR-balanced,59.761699465479715,4.0,4.0,0.01,8.39214253645082e-09,1.0,0.11834588700003223,48.0,0.45646338076529536,0.12952062625983,0.17155413010152643,0.17155413010152643,0.3393315346413916,0.02605116253227067,0.00017165341613341724,0.002138093801430591,0.06039515640059599
uniform_1d,1,500,71,RR-tiny,125000000.0,4.0,4.0,0.01,3.5387910379824916e-09,1.0,0.014325043000098958,16.0,0.00022550030337464833,9.06686469324108e-05,1.5193108993116766e-08,1.5193108993116766e-08,2.683585015436355e-08,7.326097208522905e-06,1.367852113494371e-11,0.0013707845502775196,3.8510069825924315e-05
uniform_1d,1,500,71,BB,1.0,5.0,5.0,0.01,5.25884980007163e-09,1.0,0.18962084400004642,121.0,5.001442720892111,0.9809628140074883,1.4477857490751376,1.4477857490751376,1.8953490574538943,0.061568645550375625,0.0010345574915475244,0.0029003765929358463,0.4018752544998264
uniform_1d,1,500,70,Ordinary,inf,5.0,5.0,0.01,7.069300411721713e-08,1.0,0.19288504200017087,146.0,0.0,0.0,0.0,0.0,0.0,0.0,0.0,0.004002518111011341,0.0
uniform_1d,1,500,70,RR-balanced,59.761699465479715,5.0,5.0,0.01,1.5085921845070516e-08,1.0,0.1485522589998709,136.0,0.4237770626026167,0.13257125478848092,0.031906565989402225,0.031906565989402225,0.06056853609746158,0.011006228790776756,3.363093140121973e-05,0.0034658486214121827,0.05987031803949774
uniform_1d,1,500,70,RR-tiny,125000000.0,5.0,5.0,0.01,4.326236258123117e-09,1.0,0.01807429200016486,20.0,0.0002493041489619596,8.898614333015318e-05,1.101386715163244e-08,1.101386715163244e-08,2.1439096009349677e-08,6.548144165998436e-06,1.0817057138740082e-11,0.004002613687166588,2.545673032031037e-05
uniform_1d,1,500,70,BB,1.0,4.0,4.0,0.01,6.310459044200911e-09,1.0,0.199905168999976,101.0,5.6022441718469365,0.9500977541310808,1.8102691763482426,1.8102691763482426,3.4056041819199496,0.08253004521893768,0.0017740055131610535,0.0032981050039672505,0.6603783020104421
uniform_1d,1,500,73,Ordinary,inf,4.0,4.0,0.01,1.2364785417773305e-08,1.0,0.16762508400006482,57.0,0.0,0.0,0.0,0.0,0.0,0.0,0.0,0.0010650722877207025,0.0
uniform_1d,1,500,73,RR-balanced,59.761699465479715,4.0,4.0,0.01,1.7607977298439437e-08,1.0,0.10724996900012229,45.0,0.45919792123115943,0.13054296659512435,0.0122800035084083,0.0122800035084083,0.022095841013135428,0.006647682455282507,1.2064725887309376e-05,0.0011438452390966569,0.026830414226780206
uniform_1d,1,500,73,RR-tiny,125000000.0,4.0,4.0,0.01,6.783388073472452e-09,1.0,0.01777899599983357,25.0,0.0003161075432527305,9.381588342893509e-05,8.832103048916906e-09,8.832103048916906e-09,1.6118711785167207e-08,5.67780094493761e-06,8.279135288390646e-12,0.0010650276542071378,2.954811697386334e-05
uniform_1d,1,500,73,BB,1.0,4.0,4.0,0.01,1.0256166582678361e-08,1.0,0.18285241600005975,51.0,4.987245888581949,0.9765510876473145,1.5095614914865791,1.5095614914865791,2.920659424130787,0.07642852117018603,0.0014040922882212704,0.002602198194599581,0.36134169706218305
uniform_1d,1,500,74,Ordinary,inf,5.0,5.0,0.01,4.627974892201792e-09,1.0,0.15811031799989905,86.0,0.0,0.0,0.0,0.0,0.0,0.0,0.0,0.001481325489765429,0.0
uniform_1d,1,500,74,RR-balanced,59.761699465479715,5.0,5.0,0.01,4.388711616343244e-09,1.0,0.14862567800014403,116.0,0.5122940654881898,0.13084411849003952,0.04618849479538767,0.04618849479538767,0.08075566276726394,0.012708710616523136,4.508819404658057e-05,0.0016976745957660022,0.13639191824018318
uniform_1d,1,500,74,RR-tiny,125000000.0,5.0,5.0,0.01,4.501766515119243e-09,1.0,0.018138729000156673,29.0,0.00025796217825524437,8.56894466386324e-05,1.4275087778514717e-08,1.4275087778514717e-08,2.6025189868094204e-08,7.214594911440864e-06,1.3211979364578059e-11,0.0014811981828915016,6.000081311660665e-05
uniform_1d,1,500,74,BB,1.0,4.0,4.0,0.01,1.3849393187825854e-08,1.0,0.12750880299995515,41.0,8.751004572318436,1.0299964022475998,2.9637861404723935,2.9637861404723935,4.595015721291481,0.09586465168446064,0.0029729743593932267,0.002885483282889698,0.4232509991754782
uniform_1d,1,500,75,Ordinary,inf,4.0,4.0,0.01,9.54624823634731e-10,1.0,0.16798670000002858,52.0,0.0,0.0,0.0,0.0,0.0,0.0,0.0,0.002747693571799124,0.0
uniform_1d,1,500,75,RR-balanced,59.761699465479715,4.0,4.0,0.01,1.9020294228511148e-09,1.0,0.12542293000001337,45.0,0.4948730200549549,0.12703281934373917,0.05477199692961676,0.05477199692961676,0.09744669249672575,0.013960422092238167,5.178694167314994e-05,0.002468695581533921,0.06327576449796635
uniform_1d,1,500,75,RR-tiny,125000000.0,4.0,4.0,0.01,1.8561828740715214e-08,1.0,0.0145196449998366,16.0,0.00025106773306426966,8.59805115310871e-05,3.869763531838544e-08,3.869763531838544e-08,7.29829452470652e-08,1.2081634429750405e-05,4.049229881760994e-11,0.00274749755662753,3.0241855733757903e-05
uniform_1d,1,500,75,BB,1.0,4.0,4.0,0.01,2.354185291153499e-09,1.0,0.14762143600023592,52.0,5.7414271862333415,0.9824773569914156,3.114246323086604,3.114246323086604,6.819478202631657,0.11678594266975506,0.002826985357112416,0.001330244584534367,0.2797480937425042
uniform_1d,1,500,76,Ordinary,inf,5.0,5.0,0.01,1.9120927730043036e-08,1.0,0.19341722399985883,101.0,0.0,0.0,0.0,0.0,0.0,0.0,0.0,0.003381103531441214,0.0
uniform_1d,1,500,76,RR-balanced,59.761699465479715,4.0,4.0,0.01,4.479699500237189e-09,1.0,0.12595899600000848,58.0,0.3998698539969435,0.12877371431868737,0.0534257242785543,0.0534257242785543,0.09897119285695968,0.014069199896011122,5.16880510137312e-05,0.003547874412942364,0.09174382969223961
uniform_1d,1,500,76,RR-tiny,125000000.0,5.0,5.0,0.01,1.3841150448001827e-11,1.0,0.016741073000048345,10.0,0.0002923439552782181,8.835998739800465e-05,1.3832277545589022e-08,1.3832277545589022e-08,2.6919502944442238e-08,7.337506789699379e-06,1.623800696343339e-11,0.003381100129675464,2.199420967760905e-05
uniform_1d,1,500,76,BB,1.0,5.0,5.0,0.01,4.130717723427324e-08,1.0,0.19339933699984613,85.0,5.6761205367664305,0.9263886991147625,0.5797740053952793,0.5797740053952793,0.9626268573365746,0.04387771318873796,0.0005130216711757589,0.0036985031648097163,0.36100386818334124
uniform_1d,1,500,77,Ordinary,inf,3.0,3.0,0.01,1.4963210670515537e-09,1.0,0.1547133109997958,39.0,0.0,0.0,0.0,0.0,0.0,0.0,0.0,0.0026955838112828036,0.0
uniform_1d,1,500,77,RR-balanced,59.761699465479715,3.0,3.0,0.01,1.9130104167430773e-09,1.0,0.11008433899996817,32.0,0.49170817755472407,0.12640004507407368,0.027148271813985048,0.027148271813985048,0.047444475743851855,0.009741096010598792,2.5440112053948775e-05,0.0028690987423627867,0.039375681357456865
uniform_1d,1,500,77,RR-tiny,125000000.0,3.0,3.0,0.01,5.574077421854895e-09,1.0,0.013997910999933083,9.0,0.0002822517969663929,9.144619424345336e-05,1.2353780221019406e-08,1.2353780221019406e-08,1.98169634106516e-08,6.295548174806004e-06,9.46969380223101e-12,0.00269552046212,5.628386618527439e-05
uniform_1d,1,500,77,BB,1.0,4.0,4.0,0.01,2.0090946684092614e-09,1.0,0.16350919199999225,65.0,6.055173632694449,1.0075208064920713,1.5640860330223632,1.5640860330223632,2.927282379308602,0.07651512764556564,0.0014761497323808194,0.0013920311863693923,0.21125603577315363
uniform_1d,1,500,80,Ordinary,inf,4.0,4.0,0.01,1.0306820508176884e-08,1.0,0.15625685600025463,108.0,0.0,0.0,0.0,0.0,0.0,0.0,0.0,0.0020594469251093215,0.0
uniform_1d,1,500,80,RR-balanced,59.761699465479715,4.0,4.0,0.01,3.3180542757804687e-09,1.0,0.10371797700008756,74.0,0.5071678263459192,0.12983132946119968,0.0748390514025914,0.0748390514025914,0.14744177454010626,0.017172173685361225,7.399112823736149e-05,0.0015641282001784898,0.04953767448918247
uniform_1d,1,500,80,RR-tiny,125000000.0,4.0,4.0,0.01,3.2811009464950303e-09,1.0,0.015958794999960446,12.0,0.0002933221640333272,9.127446393497962e-05,2.1880964595766272e-08,2.1880964595766272e-08,4.281336968256296e-08,9.253471746600079e-06,2.1474676497627484e-11,0.0020594990049869677,6.051787325400311e-05
uniform_1d,1,500,80,BB,1.0,3.0,3.0,0.01,6.997054269319847e-09,1.0,0.12525438600005145,42.0,7.274776996258176,1.0560098313591484,3.3593960328088315,3.3593960328088315,6.726513533797611,0.11598718492831535,0.0032719249078926853,0.008075874551401328,0.6377474852579919
uniform_1d,1,500,79,Ordinary,inf,4.0,4.0,0.01,8.892910852154046e-09,1.0,0.1597408360000827,99.0,0.0,0.0,0.0,0.0,0.0,0.0,0.0,0.000592791756266783,0.0
uniform_1d,1,500,79,RR-balanced,59.761699465479715,4.0,4.0,0.01,1.5038887912766086e-09,1.0,0.15269061200001488,147.0,0.43510006300289783,0.12461022326028591,0.05017439618882236,0.05017439618882236,0.09298801967129997,0.013637303228373266,4.6092764983452565e-05,0.0004954005113627329,0.15833247038908183
uniform_1d,1,500,79,RR-tiny,125000000.0,4.0,4.0,0.01,8.014144015078273e-09,1.0,0.06774442799974167,26.0,0.00023125267151602458,8.19112261239874e-05,1.2831264939450193e-08,1.2831264939450193e-08,2.2740212378388337e-08,6.74391761195054e-06,1.1371663539904593e-11,0.0005929225855089558,0.00010115404469669811
uniform_1d,1,500,79,BB,1.0,4.0,4.0,0.01,2.501790996589648e-09,1.0,0.16223687699994116,52.0,5.4224427627760186,0.9884679303401546,1.268818178057245,1.268818178057245,1.9979586505484799,0.06321326839435658,0.0013742435944858458,0.0014598238729257597,0.3173879854908226
uniform_1d,1,500,78,Ordinary,inf,5.0,5.0,0.01,1.9698163766790344e-08,1.0,0.20678449400020327,103.0,0.0,0.0,0.0,0.0,0.0,0.0,0.0,0.0013716098408347922,0.0
uniform_1d,1,500,78,RR-balanced,59.761699465479715,5.0,5.0,0.01,2.3573633489704093e-08,1.0,0.15882657800011657,97.0,0.46067753897353203,0.12213072600105021,0.06684069048878882,0.06684069048878882,0.12829108578241533,0.01601818253001353,7.083373654721046e-05,0.0016687811210093924,0.08873473388659413
uniform_1d,1,500,78,RR-tiny,125000000.0,5.0,5.0,0.01,9.679375079230113e-10,1.0,0.040644501999850036,22.0,0.00026438182852195347,8.420556131875813e-05,7.959442882565781e-09,7.959442882565781e-09,1.3671399614154432e-08,5.229034253885593e-06,7.840062767905366e-12,0.0013716802703738807,8.262101505530183e-05
uniform_1d,1,500,78,BB,1.0,4.0,4.0,0.01,4.334778758163793e-09,1.0,0.19393878899995798,62.0,7.559200288380218,1.022828522954959,3.0544193785538027,3.0544193785538027,6.746496101757688,0.11615933971711176,0.0027810712497694018,0.003540784931533328,0.4636528402858613
uniform_1d,1,500,81,Ordinary,inf,4.0,4.0,0.01,2.230551965354266e-09,1.0,0.1895041880000008,81.0,0.0,0.0,0.0,0.0,0.0,0.0,0.0,0.0005309063818047377,0.0
uniform_1d,1,500,81,RR-balanced,59.761699465479715,4.0,4.0,0.01,1.3019386901902408e-08,1.0,0.13150694599994495,67.0,0.4510802502562137,0.13108636330419418,0.01602575664514916,0.01602575664514916,0.029675042268708707,0.0077039006053698155,1.54153422674924e-05,0.0006181710674135749,0.030053086267842408
uniform_1d,1,500,81,RR-tiny,125000000.0,4.0,4.0,0.01,4.574068235285722e-09,1.0,0.017441913999846292,19.0,0.0002858091082267311,8.899619970307157e-05,1.106593572330894e-08,1.106593572330894e-08,2.11053264680089e-08,6.496972597757959e-06,1.1057213147054163e-11,0.0005309187181614472,2.4824139291196858e-05
uniform_1d,1,500,81,BB,1.0,3.0,3.0,0.01,1.614745936961981e-08,1.0,0.13543933999994806,53.0,6.196610908150482,0.9713790063311297,3.007426912069832,3.007426912069832,6.549854899334241,0.11445396366517187,0.0028821763857627422,0.002724535130910222,0.17204966499455787
uniform_1d,1,500,82,Ordinary,inf,3.0,3.0,0.01,2.6634339178599475e-10,1.0,0.1534286900000552,40.0,0.0,0.0,0.0,0.0,0.0,0.0,0.0,0.0025367126041669803,0.0
uniform_1d,1,500,82,RR-balanced,59.761699465479715,3.0,3.0,0.01,8.615419488933185e-11,1.0,0.10371342999997069,29.0,0.5245848928305312,0.12951966285067915,0.10763268227265144,0.10763268227265144,0.1899962615180726,0.019493396908598182,0.00010020939907854505,0.002452211748836954,0.08710399525796812
uniform_1d,1,500,82,RR-tiny,125000000.0,3.0,3.0,0.01,8.685077990122636e-09,1.0,0.016510625999899275,11.0,0.00032145420188667284,8.873902222818047e-05,1.3635713003168348e-08,1.3635713003168348e-08,2.2329681094601037e-08,6.682766058242805e-06,1.1677313563871383e-11,0.0025365087234260394,4.4231920006529235e-05
uniform_1d,1,500,82,BB,1.0,3.0,3.0,0.01,1.384101944168492e-09,1.0,0.12483098799975778,42.0,5.734199280380226,0.9710508938306387,3.1693075549806053,3.1693075549806053,6.04085076990231,0.1099167937114462,0.0029868518940373706,0.006389439111427953,0.3513980101843783
uniform_1d,1,500,83,Ordinary,inf,4.0,4.0,0.01,3.9354099978794466e-09,1.0,0.16438821699989603,68.0,0.0,0.0,0.0,0.0,0.0,0.0,0.0,0.0036686101493991286,0.0
uniform_1d,1,500,83,RR-balanced,59.761699465479715,4.0,4.0,0.01,1.1578868086559169e-08,1.0,0.12630751300002885,45.0,0.42105860112225657,0.1316526502129575,0.025083136754233237,0.025083136754233237,0.03197334533112562,0.007996667472281891,1.768237134527381e-05,0.0034247957004469093,0.10936408180301498
uniform_1d,1,500,83,RR-tiny,125000000.0,4.0,4.0,0.01,6.698833265872395e-09,1.0,0.01611272599984659,21.0,0.00033234182208996543,9.028539873252812e-05,2.0293555280659348e-08,2.0293555280659348e-08,3.7707892438235644e-08,8.684226210576927e-06,1.9044391718806266e-11,0.0036685021858205305,5.859710010732551e-05
uniform_1d,1,500,83,BB,1.0,4.0,4.0,0.01,5.424452442781558e-09,1.0,0.11467614799994408,47.0,6.247641659501821,0.9634324572096464,0.9361078845274733,0.9361078845274733,1.6966115650022997,0.0582513787820048,0.0009430134245785372,0.005665352134767418,0.204272308157897
uniform_1d,1,500,84,Ordinary,inf,3.0,3.0,0.01,1.152312023577906e-09,1.0,0.18090455700007624,41.0,0.0,0.0,0.0,0.0,0.0,0.0,0.0,0.0013675068226407427,0.0
uniform_1d,1,500,84,RR-balanced,59.761699465479715,3.0,3.0,0.01,2.7450708373066846e-11,1.0,0.09898666999993111,24.0,0.45437650906169313,0.13016953206579301,0.02726116663643552,0.02726116663643552,0.051324588629313654,0.010131593026697593,2.701185133493149e-05,0.001315738058602548,0.024762663162869947
uniform_1d,1,500,84,RR-tiny,125000000.0,3.0,3.0,0.01,2.241155927507066e-09,1.0,0.016939101999923878,10.0,0.00027545750301727345,9.002835978191994e-05,1.222247192345094e-08,1.222247192345094e-08,2.3032005357771327e-08,6.78704727518106e-06,1.1974577851363206e-11,0.0013675925345803365,2.1804797314584154e-05
uniform_1d,1,500,84,BB,1.0,4.0,4.0,0.01,9.342360218766999e-09,1.0,0.18060812499993517,82.0,4.406092849540036,0.9263189702768949,2.6620325910635074,2.6620325910635074,4.626645881599142,0.09619403184812603,0.0026402603116597286,0.005303695732257701,0.29922210504016095
uniform_1d,1,500,85,Ordinary,inf,3.0,3.0,0.01,3.2113727232996325e-09,1.0,0.1598887380000633,38.0,0.0,0.0,0.0,0.0,0.0,0.0,0.0,0.0027889253768924255,0.0
uniform_1d,1,500,85,RR-balanced,59.761699465479715,3.0,3.0,0.01,1.5506262940334636e-11,1.0,0.13818426899979386,33.0,0.5074569042760957,0.13126155815485854,0.06654741826901045,0.06654741826901045,0.12510532758195275,0.015818048399341353,6.441842696623513e-05,0.0027266080387128803,0.05259761161040485
uniform_1d,1,500,85,RR-tiny,125000000.0,3.0,3.0,0.01,2.000399845769607e-11,1.0,0.015451089999942269,12.0,0.0002823113367385055,9.210838489518072e-05,1.3687667888007127e-08,1.3687667888007127e-08,2.379879379660761e-08,6.899100491601439e-06,1.30000032762446e-11,0.002788652637924779,3.523496518600702e-05
uniform_1d,1,500,85,BB,1.0,3.0,3.0,0.01,8.155202735338207e-09,1.0,0.1196480190001239,40.0,4.49165663441023,0.9730059034866435,1.040375221430054,1.040375221430054,1.8746625295055588,0.06123173245149215,0.0009271923545338045,0.0024665275273523107,0.3866139653689677
uniform_1d,1,500,86,Ordinary,inf,4.0,4.0,0.01,6.505758154418118e-10,1.0,0.19945846599989636,73.0,0.0,0.0,0.0,0.0,0.0,0.0,0.0,0.0023438008657962234,0.0
uniform_1d,1,500,86,RR-balanced,59.761699465479715,4.0,4.0,0.01,3.237497114838561e-08,1.0,0.11377976800008582,53.0,0.5077588511588487,0.1299942385600519,0.03222103147948019,0.03222103147948019,0.0634905047928729,0.011268585074699742,3.13707359790911e-05,0.0027442987266071135,0.05412977225880375
uniform_1d,1,500,86,RR-tiny,125000000.0,4.0,4.0,0.01,3.4203677667932197e-09,1.0,0.01736209799992139,15.0,0.00030524899061401545,9.237156371639653e-05,2.258298081869725e-08,2.258298081869725e-08,4.363837276496548e-08,9.3422023918309e-06,2.2737360794879276e-11,0.002343663472305949,3.324249509953788e-05
uniform_1d,1,500,86,BB,1.0,5.0,5.0,0.01,2.692143508120637e-08,1.0,0.21629405199996654,97.0,5.685471109665578,0.9896301191038435,4.322987176986771,4.322987176986771,7.703712374531495,0.12412664802153883,0.004135405955236836,0.007519100329643426,0.7455521991856217
uniform_1d,1,500,87,Ordinary,inf,4.0,4.0,0.01,1.9497714554006507e-10,1.0,0.16867224299994632,55.0,0.0,0.0,0.0,0.0,0.0,0.0,0.0,0.0023848494433777994,0.0
uniform_1d,1,500,87,RR-balanced,59.761699465479715,4.0,4.0,0.01,3.608229715013067e-09,1.0,0.16179551200002606,65.0,0.45434834535317115,0.12511579942445802,0.021959685485626323,0.021959685485626323,0.04222235242161812,0.009189380003201318,2.1429881181371944e-05,0.0021885807945676173,0.03503053547047853
uniform_1d,1,500,87,RR-tiny,125000000.0,4.0,4.0,0.01,2.0751333984492248e-10,1.0,0.014887389999785228,10.0,0.0002720514110206018,9.504869219830742e-05,5.57520252186805e-09,5.57520252186805e-09,1.1512612161231265e-08,4.798460620080416e-06,5.6643929944424756e-12,0.0023848980838147796,1.0614620643866406e-05
uniform_1d,1,500,87,BB,1.0,3.0,3.0,0.01,2.905582441314891e-09,1.0,0.1318384649998734,36.0,4.993764740404689,0.9534541475922599,1.1740213713925414,1.1740213713925414,2.352866205353125,0.06859834116584927,0.00108635387516486,0.0015948956415508917,0.28519325553233654
uniform_1d,1,500,88,Ordinary,inf,4.0,4.0,0.01,1.8255666089928013e-08,1.0,0.16097986299996592,47.0,0.0,0.0,0.0,0.0,0.0,0.0,0.0,0.003546913448343758,0.0
uniform_1d,1,500,88,RR-balanced,59.761699465479715,4.0,4.0,0.01,1.2734865384445015e-08,1.0,0.09532454200007123,32.0,0.39302378511433833,0.13059236537307242,0.0560199092745961,0.0560199092745961,0.11060925665304877,0.014873416329347388,5.391973061906989e-05,0.0041654061504984834,0.02872371734234245
uniform_1d,1,500,88,RR-tiny,125000000.0,4.0,4.0,0.01,5.463728358634512e-09,1.0,0.017941883000275993,18.0,0.00033412447648817345,9.203607713771258e-05,3.206946530553978e-08,3.206946530553978e-08,6.324910469535311e-08,1.1247142276627704e-05,3.132645326321754e-11,0.003547265087740334,2.802999743219949e-05
uniform_1d,1,500,88,BB,1.0,4.0,4.0,0.01,1.212209443934853e-09,1.0,0.1884668249999777,50.0,5.937689912426414,0.980830561546827,4.161194832895603,4.161194832895603,6.870634660448715,0.11722316034341264,0.0037835682438957866,0.00524966629213201,0.4290206734516516
uniform_1d,1,500,89,Ordinary,inf,4.0,4.0,0.01,5.4819511152714995e-09,1.0,0.1699321289997897,63.0,0.0,0.0,0.0,0.0,0.0,0.0,0.0,0.001269052949395704,0.0
uniform_1d,1,500,89,RR-balanced,59.761699465479715,4.0,4.0,0.01,1.3377987384544099e-08,1.0,0.14748322600007668,127.0,0.5173981428429741,0.12990963684064483,0.02397511904973726,0.02397511904973726,0.04348201491204883,0.009325450649920231,2.236166204107483e-05,0.0011354318501606794,0.08095939141558638
uniform_1d,1,500,89,RR-tiny,125000000.0,4.0,4.0,0.01,1.250987202716658e-08,1.0,0.01755327299997589,24.0,0.0002972623339817515,9.122257807057072e-05,3.500667844491545e-08,3.500667844491545e-08,6.404683401568579e-08,1.1317847323204692e-05,3.689890233916036e-11,0.001268778253036086,5.310927921948863e-05
uniform_1d,1,500,89,BB,1.0,3.0,3.0,0.01,2.224509465520441e-11,1.0,0.15106654600003822,35.0,5.206503107461968,0.9382478500647791,1.1555793346722112,1.1555793346722112,2.254819256264759,0.06715384212783002,0.0011121571389416372,0.0023293989176551007,0.2718347747507226
uniform_1d,1,500,91,Ordinary,inf,4.0,4.0,0.01,7.76281305903126e-09,1.0,0.15084389399999054,45.0,0.0,0.0,0.0,0.0,0.0,0.0,0.0,0.0018054791951220826,0.0
uniform_1d,1,500,91,RR-balanced,59.761699465479715,4.0,4.0,0.01,4.291064858996663e-08,1.0,0.14270837399999436,50.0,0.41644199777523316,0.12757930469546477,0.04209295590533202,0.04209295590533202,0.08252612710692236,0.012847266410168536,3.9019356980268534e-05,0.0019340648116371911,0.06220618604479211
uniform_1d,1,500,91,RR-tiny,125000000.0,4.0,4.0,0.01,7.689940462185518e-09,1.0,0.018626679999897533,18.0,0.00034171739353561215,9.054948253993276e-05,5.651929768646369e-08,5.651929768646369e-08,1.0593612414026959e-07,1.4555832105398137e-05,4.249095108656549e-11,0.0018055439408210968,7.968131593891141e-05
uniform_1d,1,500,91,BB,1.0,4.0,4.0,0.01,3.555800698329392e-08,1.0,0.2020802619999813,46.0,7.506282979544318,1.0991651848274844,2.2495835946465377,2.2495835946465377,5.17563458364204,0.10174118717257077,0.0018067651199685038,0.0034395035008968904,0.4959585604384858
uniform_1d,1,500,90,Ordinary,inf,3.0,3.0,0.01,1.784079994848753e-09,1.0,0.16942795900013152,61.0,0.0,0.0,0.0,0.0,0.0,0.0,0.0,0.0021762937224313163,0.0
uniform_1d,1,500,90,RR-balanced,59.761699465479715,3.0,3.0,0.01,1.5486545379417294e-10,1.0,0.161846530000048,31.0,0.4652009214889683,0.13209625997820856,0.041761132928627376,0.041761132928627376,0.07795844916547105,0.012486668824428,4.2978282126575114e-05,0.002380063672039029,0.04156419072239706
uniform_1d,1,500,90,RR-tiny,125000000.0,3.0,3.0,0.01,2.206412830219051e-11,1.0,0.02399278399980176,12.0,0.00042395264482308903,9.161849554853404e-05,3.953005034418311e-08,3.953005034418311e-08,7.600591870280695e-08,1.2329308066781927e-05,4.0620195564222055e-11,0.0021765417136721584,4.4301571016533965e-05
uniform_1d,1,500,90,BB,1.0,3.0,3.0,0.01,1.2313083885828746e-10,1.0,0.18881990999989284,32.0,4.757815313707901,1.0410027378676903,0.7499966809976968,0.7499966809976968,1.5306383959937442,0.05532880616810278,0.0007424467045328271,0.0008553324027430502,0.2440569890430174
uniform_1d,1,500,92,Ordinary,inf,5.0,5.0,0.01,3.0022335506529885e-08,1.0,0.23622182099984457,73.0,0.0,0.0,0.0,0.0,0.0,0.0,0.0,0.005532184286245353,0.0
uniform_1d,1,500,92,RR-balanced,59.761699465479715,5.0,5.0,0.01,1.9859427213830827e-08,1.0,0.17906653600016398,83.0,0.4382202891881335,0.1299052743630894,0.053980063451035676,0.053980063451035676,0.1012451633630746,0.014229909582500838,4.9635385340071004e-05,0.005577323089609974,0.05737831232487336
uniform_1d,1,500,92,RR-tiny,125000000.0,5.0,5.0,0.01,7.715306837852154e-09,1.0,0.021130761999984315,26.0,0.0003020978659530327,8.915190571983587e-05,2.3916527425171807e-08,2.3916527425171807e-08,4.4902458836112834e-08,9.476545661380294e-06,2.381595785298265e-11,0.005532258097042015,4.673735072779027e-05
uniform_1d,1,500,92,BB,1.0,5.0,5.0,0.01,1.3394919862186327e-07,1.0,0.20391485999994075,72.0,6.149743400237485,1.0190391989420686,3.7876976322492055,3.7876976322492055,7.7019984675145885,0.12411283952528512,0.0036738088885099893,0.0016082948879557984,0.3909117193077719
uniform_1d,1,500,93,Ordinary,inf,5.0,5.0,0.01,2.8390789719168197e-09,1.0,0.13313293999999587,166.0,0.0,0.0,0.0,0.0,0.0,0.0,0.0,0.002201024191138176,0.0
uniform_1d,1,500,93,RR-balanced,59.761699465479715,5.0,5.0,0.01,6.544542907604978e-09,1.0,0.11396430900003907,76.0,0.5486756879481574,0.13575612077072743,0.02609921780174318,0.02609921780174318,0.051076997155081405,0.010107125917399208,2.6689498097739264e-05,0.002534519783085202,0.03214401593597939
uniform_1d,1,500,93,RR-tiny,125000000.0,5.0,5.0,0.01,1.7361237780733063e-08,1.0,0.015554652000218994,16.0,0.00030775271440086627,9.491148405848057e-05,9.164068615064025e-09,9.164068615064025e-09,1.670678682905455e-08,5.780447530953732e-06,8.947217257796828e-12,0.0022011960518202593,6.755444526710656e-05
uniform_1d,1,500,93,BB,1.0,3.0,3.0,0.01,2.4837341072725394e-09,1.0,0.11107358799995382,32.0,6.033254326839098,0.9694500803675016,4.341523275684267,4.341523275684267,8.865243347053278,0.13315587367482726,0.0041524612113783615,0.0011915799305033067,0.5357508082794629
uniform_1d,1,500,94,Ordinary,inf,4.0,4.0,0.01,2.3516799618761297e-09,1.0,0.19352942300020004,58.0,0.0,0.0,0.0,0.0,0.0,0.0,0.0,0.001737492163847951,0.0
uniform_1d,1,500,94,RR-balanced,59.761699465479715,4.0,4.0,0.01,3.805740833584537e-09,1.0,0.13276433299984092,60.0,0.37323353549464233,0.12900969897742073,0.03219361902336004,0.03219361902336004,0.0596293104387075,0.010920559549648315,3.122404370809125e-05,0.0017649646288015548,0.06232187016164057
uniform_1d,1,500,94,RR-tiny,125000000.0,4.0,4.0,0.01,6.285020948126885e-09,1.0,0.02376600200022949,25.0,0.00027373052196777437,8.790255576594558e-05,3.6912069845129736e-08,3.6912069845129736e-08,6.890683962317145e-08,1.1739407107956642e-05,3.625446066717724e-11,0.0017372670839501492,7.92522243296092e-05
uniform_1d,1,500,94,BB,1.0,5.0,5.0,0.01,6.217588666146412e-09,1.0,0.18585545399992043,112.0,5.673221968749654,0.9910569846438353,1.4697087007186838,1.4697087007186838,2.2398228732551537,0.06693015573349809,0.0014430541908308009,0.0013658727991234943,0.2726982096578083
uniform_1d,1,500,95,Ordinary,inf,4.0,4.0,0.01,3.4107161539509434e-11,1.0,0.2016627979999157,52.0,0.0,0.0,0.0,0.0,0.0,0.0,0.0,0.0030733650901527392,0.0
uniform_1d,1,500,95,RR-balanced,59.761699465479715,4.0,4.0,0.01,5.44562306359353e-09,1.0,0.15413943399994423,47.0,0.38238929525707177,0.12895468249818212,0.06867291726246094,0.06867291726246094,0.13205239513004016,0.016251301186676725,8.901727658138599e-05,0.003618269170856588,0.04221823745078963
uniform_1d,1,500,95,RR-tiny,125000000.0,4.0,4.0,0.01,1.18100063062343e-08,1.0,0.018857343000036053,31.0,0.0002598537430704706,8.595259684527682e-05,2.4200744519475847e-08,2.4200744519475847e-08,4.8499264935423424e-08,9.848783167013418e-06,2.4753187940087906e-11,0.003073207277479857,2.4114540374583723e-05
uniform_1d,1,500,95,BB,1.0,4.0,4.0,0.01,8.368187254248483e-09,1.0,0.14197657299996536,44.0,4.720713890511935,0.9463920504866338,2.2611692855875845,2.2611692855875845,4.038180621905893,0.08986857762205756,0.0022716544112007676,0.005204295245972047,0.21064765305158953
uniform_1d,1,500,96,Ordinary,inf,4.0,4.0,0.01,7.487188646848608e-11,1.0,0.19390646299984837,107.0,0.0,0.0,0.0,0.0,0.0,0.0,0.0,0.003253145665334063,0.0
uniform_1d,1,500,96,RR-balanced,59.761699465479715,4.0,4.0,0.01,2.542024368779039e-09,1.0,0.15317402000005131,80.0,0.3712853994196015,0.13314733514628244,0.04622587635867603,0.04622587635867603,0.08863364873878501,0.013314176560252234,4.50672695963327e-05,0.003415499016441174,0.07621863928498172
uniform_1d,1,500,96,RR-tiny,125000000.0,4.0,4.0,0.01,1.9406254381237886e-11,1.0,0.01790041599997494,20.0,0.0002654201212459739,8.775582491137791e-05,1.6330545804521535e-08,1.6330545804521535e-08,3.0057712519628526e-08,7.753413766803437e-06,1.63062802517444e-11,0.003253374410475205,6.53249534113186e-05
uniform_1d,1,500,96,BB,1.0,3.0,3.0,0.01,2.2671622357250953e-09,1.0,0.12989118099994812,32.0,5.316123486455644,0.9701187709260078,0.4119170677170132,0.4119170677170132,0.7874641296234369,0.039685365807144504,0.0003874302641018769,0.003458750241233782,0.34014400662826794
uniform_1d,1,500,97,Ordinary,inf,5.0,5.0,0.01,4.072921555575704e-09,1.0,0.20654198599959273,138.0,0.0,0.0,0.0,0.0,0.0,0.0,0.0,0.005526490286872049,0.0
uniform_1d,1,500,97,RR-balanced,59.761699465479715,5.0,5.0,0.01,6.266443808300437e-09,1.0,0.12370158099997752,152.0,0.41910755206321504,0.1294727148503738,0.04467649807224916,0.04467649807224916,0.08438656920193988,0.012991271623820348,4.521548114331873e-05,0.005332597136403006,0.032458043786080686
uniform_1d,1,500,97,RR-tiny,125000000.0,5.0,5.0,0.01,2.857714065385153e-12,1.0,0.01817515000016101,48.0,0.00030138194750894964,9.1311842074568e-05,5.087485988042317e-08,5.087485988042317e-08,9.868411098874247e-08,1.4048780088587227e-05,4.8785706842005734e-11,0.005526359121754659,8.864117364520544e-05
uniform_1d,1,500,97,BB,1.0,4.0,4.0,0.01,9.027963709939968e-09,1.0,0.14550475700002607,61.0,6.045571625921271,0.9925133956003176,1.7330857335327892,1.7330857335327892,3.0004097171673987,0.07746495616944993,0.001673865115567609,0.004004016430031824,0.37206364658677255
uniform_1d,1,500,99,Ordinary,inf,4.0,4.0,0.01,5.946432235504062e-09,1.0,0.1568960780002726,46.0,0.0,0.0,0.0,0.0,0.0,0.0,0.0,0.003002350890839396,0.0
uniform_1d,1,500,99,RR-balanced,59.761699465479715,4.0,4.0,0.01,2.2860051629436384e-09,1.0,0.08624956199992084,36.0,0.4307187252961495,0.12868526368139035,0.03952558039031828,0.03952558039031828,0.07425053269411282,0.012186101320283926,3.7806059690556544e-05,0.0027430679771535114,0.041685210286353774
uniform_1d,1,500,99,RR-tiny,125000000.0,4.0,4.0,0.01,6.2390981270255e-10,1.0,0.015286718999959703,19.0,0.0002994062822421206,9.222145015102427e-05,9.686232260719407e-09,9.686232260719407e-09,1.664793766768496e-08,5.770257822261491e-06,9.012175297478482e-12,0.0030023276120249047,1.865154531902812e-05
uniform_1d,1,500,99,BB,1.0,5.0,5.0,0.01,9.584864169021046e-08,1.0,0.14121216000012282,179.0,6.935849387574962,1.0133368605362505,2.5617104453905313,2.5617104453905313,5.046644455088825,0.10046536174312841,0.0023706172173128723,0.007640330999425071,0.2091532170836983
uniform_1d,1,500,98,Ordinary,inf,4.0,4.0,0.01,2.809966481720494e-09,1.0,0.24486560100012866,54.0,0.0,0.0,0.0,0.0,0.0,0.0,0.0,0.003119470600813098,0.0
uniform_1d,1,500,98,RR-balanced,59.761699465479715,4.0,4.0,0.01,8.442965659938295e-09,1.0,0.13319178799997644,52.0,0.3952682798280005,0.13337580483988332,0.01515265824718881,0.01515265824718881,0.027729796004276996,0.007447119712248085,1.5104804630465067e-05,0.003144687240514189,0.04799330524324891
uniform_1d,1,500,98,RR-tiny,125000000.0,4.0,4.0,0.01,1.8397376955192613e-09,1.0,0.01954610600023443,32.0,0.0004230708572934283,9.223453441000041e-05,2.994499936903594e-08,2.994499936903594e-08,4.7676864430072555e-08,9.764923392436067e-06,2.4904709437075887e-11,0.0031193171253132137,6.251395886330481e-05
uniform_1d,1,500,98,BB,1.0,5.0,5.0,0.01,5.737099684210989e-09,1.0,0.20380558500005463,143.0,4.719161464400823,1.0023631963595119,2.7213528648211422,2.7213528648211422,5.4001962671590675,0.10392493701859114,0.0026002556722399877,0.009898858384300092,0.5329902335361524
uniform_1d,1,1000,2,Ordinary,inf,3.0,3.0,0.01,7.389888923015064e-09,1.0,0.27119555500007664,39.0,0.0,0.0,0.0,0.0,0.0,0.0,0.0,0.0023573986370914717,0.0
uniform_1d,1,1000,2,RR-balanced,72.40712672397635,3.0,3.0,0.01,2.9056375083769126e-09,1.0,0.10221044700006132,23.0,0.40531468349310606,0.11751040468623691,0.007330061763695994,0.007330061763695994,0.014243238340637069,0.003774021507707272,3.5810729438214916e-06,0.0023556438642916354,0.010821402782729648
uniform_1d,1,1000,2,RR-tiny,1000000000.0,3.0,3.0,0.01,7.122552991845055e-09,1.0,0.05541802400011875,6.0,0.00011510140508930178,3.13831213456039e-05,4.736193659482524e-10,4.736193659482524e-10,8.963653620192064e-10,9.467657376665077e-07,2.264227145742537e-13,0.0023573712712721697,4.129416910908967e-06
uniform_1d,1,1000,2,BB,1.0,3.0,3.0,0.01,2.559117140421563e-09,1.0,0.18296604099987235,33.0,6.49191487726223,1.0300929439239521,1.1276485502628475,1.1276485502628475,2.149882346352123,0.04636682376820869,0.000557367044179789,0.004760473889088359,0.14562303511296648
uniform_1d,1,1000,0,Ordinary,inf,4.0,4.0,0.01,4.849276535878744e-09,1.0,0.40506811400018705,87.0,0.0,0.0,0.0,0.0,0.0,0.0,0.0,0.0016386878297869464,0.0
uniform_1d,1,1000,0,RR-balanced,72.40712672397635,4.0,4.0,0.01,5.0151192976244374e-08,1.0,0.23762662500030274,72.0,0.447964024073068,0.1174180055861372,0.04821460197467786,0.04821460197467786,0.0949775833020007,0.009745644324620138,2.4059322038062783e-05,0.001604258008126475,0.03878735162224592
uniform_1d,1,1000,0,RR-tiny,1000000000.0,4.0,4.0,0.01,5.21264498232199e-09,1.0,0.05495538800005306,14.0,0.0001068483384525365,3.206245552848252e-05,3.737113729584962e-09,3.737113729584962e-09,7.176163152186725e-09,2.678836156278828e-06,1.8730502744874967e-12,0.001638708605294489,1.3033994138300437e-05
uniform_1d,1,1000,0,BB,1.0,4.0,4.0,0.01,7.130942281108332e-09,1.0,0.3254513809999935,60.0,7.0309282438570495,0.9958849590946491,2.8197700253861058,2.8197700253861058,5.800959361409299,0.07616402931442964,0.0012838829803386474,0.001640943855087923,0.5743555464194516
uniform_1d,1,1000,1,Ordinary,inf,5.0,6.0,0.01,1.8333138784853986e-08,1.0,0.39271256600000015,208.0,0.0,0.0,0.0,0.0,0.0,0.0,0.0,0.002685972242166354,0.0
uniform_1d,1,1000,1,RR-balanced,72.40712672397635,5.0,5.0,0.01,8.812419460824117e-09,1.0,0.32086831499987056,236.0,0.43289400853406623,0.1218302599156872,0.04703126399476787,0.04703126399476787,0.08917798046581446,0.009443409366633137,2.3172228206803255e-05,0.0027853081519208867,0.11809006552927886
uniform_1d,1,1000,1,RR-tiny,1000000000.0,5.0,5.0,0.01,3.3788993825112357e-10,1.0,0.03440360699983103,23.0,0.00011105034748337683,3.181206504901789e-05,1.8858372641261667e-09,1.8858372641261667e-09,3.441195313764692e-09,1.8550459061070947e-06,9.850385652497158e-13,0.0026859686746158163,4.142034648020267e-05
uniform_1d,1,1000,1,BB,1.0,4.0,4.0,0.01,2.1435440089589974e-09,1.0,0.26006998400021075,70.0,5.921781435192428,0.9591091855300592,2.261021306865814,2.261021306865814,4.585612502299115,0.06771715072490216,0.0011167434604003837,0.004894243455027211,0.3974590051134312
uniform_1d,1,1000,3,Ordinary,inf,6.0,6.0,0.01,3.070953491501882e-09,1.0,0.4488118870001472,179.0,0.0,0.0,0.0,0.0,0.0,0.0,0.0,0.002378121211523229,0.0
uniform_1d,1,1000,3,RR-balanced,72.40712672397635,6.0,6.0,0.01,3.5748548565806004e-09,1.0,0.266931927999849,157.0,0.37509487272103625,0.1158385659727762,0.05081983159357151,0.05081983159357151,0.09915431405678646,0.009957625924726559,2.3730141192383975e-05,0.0025448630406896926,0.048565482729948636
uniform_1d,1,1000,3,RR-tiny,1000000000.0,6.0,6.0,0.01,1.2838662155623126e-07,1.0,0.045946366999942256,21.0,9.851680735883939e-05,3.2112952171624004e-05,3.5581706470111385e-09,3.5581706470111385e-09,7.044558761375861e-09,2.654158767175743e-06,1.78861909846965e-12,0.0023781107783852,2.0249843808477195e-05
uniform_1d,1,1000,3,BB,1.0,4.0,4.0,0.01,1.8254131095574166e-08,1.0,0.26589709699987907,41.0,6.009665988496744,0.9992338668898236,5.700471799623074,5.700471799623074,9.483641623865605,0.09738399059324691,0.0030393787055014673,0.008364286073465434,0.511537186239745
uniform_1d,1,1000,4,Ordinary,inf,4.0,4.0,0.01,2.1201261191095e-08,1.0,0.32793316699985553,58.0,0.0,0.0,0.0,0.0,0.0,0.0,0.0,0.00125860553150249,0.0
uniform_1d,1,1000,4,RR-balanced,72.40712672397635,4.0,4.0,0.01,4.315927171205658e-09,1.0,0.15946121299998595,54.0,0.4897665006661758,0.120960849915773,0.03486853626782249,0.03486853626782249,0.06603106080348317,0.0081259498400792,1.6620357372573412e-05,0.001106630972647764,0.0477184631054361
uniform_1d,1,1000,4,RR-tiny,1000000000.0,4.0,4.0,0.01,5.3604034544463275e-09,1.0,0.03263885499995922,15.0,9.382330664586824e-05,3.154309870214162e-05,8.617462299298495e-10,8.617462299298495e-10,1.5719883638887167e-09,1.2537896011248127e-06,4.079991686420282e-13,0.0012585992600287884,5.51697716417313e-06
uniform_1d,1,1000,4,BB,1.0,4.0,4.0,0.01,6.163487720201033e-09,1.0,0.21828273599999193,52.0,5.991519307109761,0.9960188165617205,5.0586059021050005,5.0586059021050005,10.355297604070532,0.10176098271965799,0.0024920455721611726,0.003157832119295176,0.33645786714453524
uniform_1d,1,1000,6,Ordinary,inf,4.0,4.0,0.01,4.874144421407323e-09,1.0,0.2865585090000877,108.0,0.0,0.0,0.0,0.0,0.0,0.0,0.0,0.0007004730651178463,0.0
uniform_1d,1,1000,6,RR-balanced,72.40712672397635,4.0,4.0,0.01,9.456214700165333e-09,1.0,0.16536149200010186,59.0,0.4602544433128184,0.11496508489696983,0.027687071807577013,0.027687071807577013,0.05414932808869589,0.007358622703243854,1.3755839587441194e-05,0.0006564834770561626,0.04162638196320213
uniform_1d,1,1000,6,RR-tiny,1000000000.0,4.0,4.0,0.01,1.0938854044795221e-08,1.0,0.041196288000037384,9.0,0.00011358100087799361,3.07253501456966e-05,2.79146661341656e-09,2.79146661341656e-09,5.57518248705466e-09,2.3611824340898905e-06,1.4332533225100475e-12,0.0007004432636480832,1.5344328472349385e-05
uniform_1d,1,1000,6,BB,1.0,4.0,4.0,0.01,4.776482098733936e-09,1.0,0.19933648999995057,94.0,4.258570093583785,0.971571096507631,2.9724407374617385,2.9724407374617385,5.62796762062594,0.07501978152878039,0.0014631024284989147,0.0018957271217985281,0.5484826171831982
uniform_1d,1,1000,5,Ordinary,inf,4.0,4.0,0.01,1.871385935103831e-08,1.0,0.2782449489998271,65.0,0.0,0.0,0.0,0.0,0.0,0.0,0.0,0.002144579711039732,0.0
uniform_1d,1,1000,5,RR-balanced,72.40712672397635,4.0,4.0,0.01,1.3497751805147118e-09,1.0,0.17149798500008728,36.0,0.36404268734174283,0.1165256430534689,0.027771232733357465,0.027771232733357465,0.05461933990283379,0.007390489828342489,1.3757197888384431e-05,0.0021187939356774586,0.02231553960890633
uniform_1d,1,1000,5,RR-tiny,1000000000.0,4.0,4.0,0.01,6.135092434078615e-12,1.0,0.04053298899998481,9.0,0.00011507326163662235,3.079869651511481e-05,6.778009264962748e-10,6.778009264962748e-10,1.318439321221493e-09,1.1482331301706517e-06,3.294600667302234e-13,0.002144611442026812,6.099562176750734e-06
uniform_1d,1,1000,5,BB,1.0,5.0,5.0,0.01,1.4847164164777382e-08,1.0,0.23227165200000854,83.0,4.647618467486993,0.9536667406045519,2.869932664963926,2.869932664963926,3.770765493989928,0.06140655904697745,0.0011313163629292702,0.0033128764668288674,0.23498046117531624
uniform_1d,1,1000,9,Ordinary,inf,4.0,4.0,0.01,6.43813224954215e-10,1.0,0.2962366449999081,209.0,0.0,0.0,0.0,0.0,0.0,0.0,0.0,0.002050299459127619,0.0
uniform_1d,1,1000,9,RR-balanced,72.40712672397635,4.0,4.0,0.01,3.9480039237815845e-09,1.0,0.16609335500015732,66.0,0.41859270412104044,0.12108717240214475,0.03117351428340953,0.03117351428340953,0.06037347068299164,0.0077700367234004525,1.5194207285830713e-05,0.00219764377519559,0.08469446086776519
uniform_1d,1,1000,9,RR-tiny,1000000000.0,4.0,4.0,0.01,3.4416223204658536e-09,1.0,0.034432337999987794,20.0,0.00011645200455934201,3.220335728355507e-05,6.36168806522619e-09,6.36168806522619e-09,1.2396765894984316e-08,3.5209041303313436e-06,3.099221146217856e-12,0.002050266542051832,2.2883026887489333e-05
uniform_1d,1,1000,9,BB,1.0,4.0,4.0,0.01,7.167272775276956e-09,1.0,0.21089522499983104,111.0,5.7953185394126,0.9749268800797485,2.6779077095720822,2.6779077095720822,5.3009273358318385,0.07280746758287805,0.00133084411631942,0.0033874097401981164,0.3472129239145385
uniform_1d,1,1000,7,Ordinary,inf,4.0,4.0,0.01,1.537284921582227e-08,1.0,0.3760065000001305,122.0,0.0,0.0,0.0,0.0,0.0,0.0,0.0,0.004154131947629911,0.0
uniform_1d,1,1000,7,RR-balanced,72.40712672397635,4.0,4.0,0.01,3.888656707751181e-08,1.0,0.21155883400001585,79.0,0.3652877116629387,0.11341403856804408,0.014242161289530486,0.014242161289530486,0.02537991016792531,0.005037847771412442,6.87154613646964e-06,0.00423408976825052,0.03743356394824372
uniform_1d,1,1000,7,RR-tiny,1000000000.0,4.0,4.0,0.01,3.193129316514387e-09,1.0,0.03589171599992369,13.0,9.866711301398379e-05,3.06042098070221e-05,9.938503353623673e-10,9.938503353623673e-10,1.5869742570880566e-09,1.2597516648482973e-06,4.528507724948944e-13,0.004154159682146026,1.58227834714169e-05
uniform_1d,1,1000,7,BB,1.0,4.0,4.0,0.01,8.962144137925065e-09,1.0,0.3285596829998667,78.0,5.185645313019187,0.9604062074265318,0.8801684319287233,0.8801684319287233,1.6578038368612678,0.0407161373028099,0.0004320132004844267,0.0052179513507120525,0.24409355321432455
uniform_1d,1,1000,8,Ordinary,inf,4.0,4.0,0.01,2.4142556842576823e-09,1.0,0.3560848760000681,70.0,0.0,0.0,0.0,0.0,0.0,0.0,0.0,0.001995824554562763,0.0
uniform_1d,1,1000,8,RR-balanced,72.40712672397635,4.0,4.0,0.01,8.652612626391942e-09,1.0,0.2085892210000111,92.0,0.4262699999292934,0.1207479985270638,0.036942666842151084,0.036942666842151084,0.07020857683522885,0.008379055843902035,1.764530678961268e-05,0.00224184347632669,0.04738070760805565
uniform_1d,1,1000,8,RR-tiny,1000000000.0,4.0,4.0,0.01,5.3177944270288435e-09,1.0,0.04286917500007803,13.0,9.880847846877039e-05,3.136328097303689e-05,1.2880718713859096e-09,1.2880718713859096e-09,2.3213976392552232e-09,1.5236133496577219e-06,6.361659807377483e-13,0.0019958446093059612,1.2211364223088052e-05
uniform_1d,1,1000,8,BB,1.0,4.0,4.0,0.01,7.044948180379151e-09,1.0,0.27632488399990507,60.0,6.213063379953554,0.9740494569208111,2.7514213736551483,2.7514213736551483,5.135109794713923,0.0716596803977936,0.0012745114036737362,0.004522843832118713,0.40184634789519
uniform_1d,1,1000,10,Ordinary,inf,5.0,5.0,0.01,1.095464408074065e-08,1.0,0.330337401999941,150.0,0.0,0.0,0.0,0.0,0.0,0.0,0.0,0.0014369078824011592,0.0
uniform_1d,1,1000,10,RR-balanced,72.40712672397635,5.0,5.0,0.01,3.128269532304273e-08,1.0,0.23019735799971386,260.0,0.49637888263687735,0.11574274968481994,0.014706181045312405,0.014706181045312405,0.026346592991494753,0.005132893237881999,6.853440785150986e-06,0.0012987817408224558,0.11372167249291396
uniform_1d,1,1000,10,RR-tiny,1000000000.0,5.0,5.0,0.01,4.006128762057415e-12,1.0,0.03462606900006904,13.0,9.622212148197029e-05,3.097078100574013e-05,1.5734258340671659e-09,1.5734258340671659e-09,3.3074678930480603e-09,1.8186445208033538e-06,8.429538446646668e-13,0.0014368860730311279,1.956239509240757e-05
uniform_1d,1,1000,10,BB,1.0,3.0,3.0,0.01,5.930143265331367e-09,1.0,0.21930518599992865,43.0,5.7154898824391225,0.996839898747477,3.377360656338169,3.377360656338169,6.589119495707927,0.08117339154986643,0.0016594260979697062,0.0018559638304306452,0.5671860319998605
uniform_1d,1,1000,12,Ordinary,inf,3.0,3.0,0.01,2.4731106051945062e-11,1.0,0.25365103299986913,40.0,0.0,0.0,0.0,0.0,0.0,0.0,0.0,0.0013529474992265715,0.0
uniform_1d,1,1000,12,RR-balanced,72.40712672397635,3.0,3.0,0.01,4.658000651858174e-10,1.0,0.1815925360001529,29.0,0.473520451091316,0.11818358104013385,0.03897819173357675,0.03897819173357675,0.07460982556861569,0.008637697932239567,1.8695368859814244e-05,0.001580903457187113,0.034635982130843374
uniform_1d,1,1000,12,RR-tiny,1000000000.0,3.0,3.0,0.01,1.542644967322815e-08,1.0,0.0423695869999392,5.0,0.00010490502963400594,3.0116462171810653e-05,5.563833838095888e-10,5.563833838095888e-10,1.0981783368563357e-09,1.0479400444950731e-06,2.673462225125665e-13,0.0013529717162773852,3.7380111950528202e-06
uniform_1d,1,1000,12,BB,1.0,3.0,3.0,0.01,6.169509347841995e-12,1.0,0.2319769470002484,37.0,7.206064261618334,1.0187581828581278,1.3524276783637106,1.3524276783637106,2.6232835660090643,0.05121800041010059,0.0006566592406594717,0.0016473815971445103,0.18660336039188102
uniform_1d,1,1000,11,Ordinary,inf,4.0,4.0,0.01,2.5244118351253064e-08,1.0,0.3405029289999675,87.0,0.0,0.0,0.0,0.0,0.0,0.0,0.0,0.0013657792919397136,0.0
uniform_1d,1,1000,11,RR-balanced,72.40712672397635,4.0,4.0,0.01,2.7350251396995873e-08,1.0,0.24804596799981482,58.0,0.4397963847065205,0.11881380342101312,0.04822634618949451,0.04822634618949451,0.09156598002032493,0.009569011444257182,2.353752737042216e-05,0.0015840047806496972,0.033752531348719104
uniform_1d,1,1000,11,RR-tiny,1000000000.0,4.0,4.0,0.01,3.069635434727047e-09,1.0,0.03177783800015277,9.0,0.00011984717049440263,3.175395041314908e-05,1.6289050108753145e-09,1.6289050108753145e-09,3.287220531894836e-09,1.8130693676456055e-06,8.12528871308286e-13,0.0013658240323983321,4.888897524116535e-06
uniform_1d,1,1000,11,BB,1.0,4.0,4.0,0.01,8.542070828454484e-09,1.0,0.19672227099999873,41.0,7.179067686913584,1.0542185123799341,1.8744745814854014,1.8744745814854014,3.696265736212819,0.06079692209489572,0.0009185386772241732,0.003327746186891851,0.20725797646170924
uniform_1d,1,1000,14,Ordinary,inf,4.0,4.0,0.01,5.869029706673246e-10,1.0,0.2930610999999317,52.0,0.0,0.0,0.0,0.0,0.0,0.0,0.0,0.0005303305440097043,0.0
uniform_1d,1,1000,14,RR-balanced,72.40712672397635,4.0,4.0,0.01,1.477034117236542e-08,1.0,0.2546421219999502,50.0,0.44632925954658065,0.12073853761658539,0.049375254821825365,0.049375254821825365,0.08204140965873799,0.009057671315450676,2.3876864940779006e-05,0.0005177763964549591,0.07476325923596078
uniform_1d,1,1000,14,RR-tiny,1000000000.0,4.0,4.0,0.01,3.2247893244630177e-09,1.0,0.035316599999987375,16.0,0.00010617900915943501,3.1493338964640554e-05,5.709580364055e-09,5.709580364055e-09,1.0738958344237473e-08,3.2770349928307864e-06,2.7552678226406816e-12,0.0005303540378843168,1.927786499829575e-05
uniform_1d,1,1000,14,BB,1.0,4.0,4.0,0.01,9.470091377750123e-11,1.0,0.2944605729999239,81.0,9.067299245979155,1.0212291739507864,4.121883518718278,4.121883518718278,7.75097913175302,0.0880396452273237,0.0020326888013593902,0.003718283079758928,0.47583265502766126
uniform_1d,1,1000,13,Ordinary,inf,5.0,5.0,0.01,2.698743895024336e-09,1.0,0.37209469599997647,214.0,0.0,0.0,0.0,0.0,0.0,0.0,0.0,0.00027100415181038727,0.0
uniform_1d,1,1000,13,RR-balanced,72.40712672397635,4.0,4.0,0.01,1.8875472296286944e-09,1.0,0.28174514199986334,46.0,0.4143833597344049,0.11583132927127217,0.034159992815148144,0.034159992815148144,0.05653144760332303,0.007518739761643771,1.6045690080771822e-05,0.0003075314615518163,0.06881949070673996
uniform_1d,1,1000,13,RR-tiny,1000000000.0,5.0,5.0,0.01,1.2469136834170058e-11,1.0,0.03944613199996638,18.0,0.00011379554588897278,3.199724472277044e-05,2.5502231437712908e-09,2.5502231437712908e-09,5.1218704896000504e-09,2.2631549857665626e-06,1.414885636464641e-12,0.0002710040457341317,1.8075613291505758e-05
uniform_1d,1,1000,13,BB,1.0,5.0,5.0,0.01,1.883149858272759e-09,1.0,0.3681810810001025,83.0,9.74742096325955,1.1093573215409331,3.092328814315806,3.092328814315806,5.909719506580268,0.07687470004221329,0.0015034755608039716,0.0012295975987212633,0.5429396279724877
uniform_1d,1,1000,15,Ordinary,inf,4.0,4.0,0.01,4.702904732312163e-13,1.0,0.2681082960000367,51.0,0.0,0.0,0.0,0.0,0.0,0.0,0.0,0.0008714914685503154,0.0
uniform_1d,1,1000,15,RR-balanced,72.40712672397635,4.0,4.0,0.01,6.645693995110946e-09,1.0,0.21459509000010257,55.0,0.3640663251680841,0.1181052095250769,0.023776767644903885,0.023776767644903885,0.042085192554649396,0.006487310117039989,1.073058395753051e-05,0.0007713428374825181,0.020333753883269894
uniform_1d,1,1000,15,RR-tiny,1000000000.0,4.0,4.0,0.01,1.2572252128251193e-09,1.0,0.032187216000011176,8.0,0.00010170722521252173,3.143294905655451e-05,3.6611709219869226e-09,3.6611709219869226e-09,7.088491477048609e-09,2.6624221072265398e-06,1.8214703703110376e-12,0.0008715184924955417,5.0355490499645866e-06
uniform_1d,1,1000,15,BB,1.0,4.0,4.0,0.01,9.480531915073698e-09,1.0,0.35044771200023206,54.0,5.020885975406853,0.9558495291028931,6.194409460240195,6.194409460240195,10.154962586354412,0.10077183429090894,0.003160387076859247,0.005903466167673002,0.26261969022246817
uniform_1d,1,1000,16,Ordinary,inf,4.0,4.0,0.01,3.523328584442709e-08,1.0,0.3073329230001036,94.0,0.0,0.0,0.0,0.0,0.0,0.0,0.0,0.0006346651816416417,0.0
uniform_1d,1,1000,16,RR-balanced,72.40712672397635,4.0,4.0,0.01,9.299941927665145e-09,1.0,0.16307742999993025,52.0,0.3778182266527863,0.12000770330055602,0.040782135033850864,0.040782135033850864,0.08101379613357862,0.009000766419232233,2.0132534911440083e-05,0.000662128298939958,0.02318929282973504
uniform_1d,1,1000,16,RR-tiny,1000000000.0,4.0,4.0,0.01,7.143419189503675e-11,1.0,0.03229004000013447,14.0,0.00010389658105625088,3.185054409051205e-05,2.917886376962997e-09,2.917886376962997e-09,5.518628009925906e-09,2.349176027871455e-06,1.401282252356223e-12,0.0006346603215228084,1.8860423084658513e-05
uniform_1d,1,1000,16,BB,1.0,4.0,4.0,0.01,7.09909464546854e-09,1.0,0.28565204800020183,60.0,4.604339345943759,0.957302084997811,2.5716259038856606,2.5716259038856606,4.9447717460796685,0.07031907099841173,0.0012764035195632797,0.0008324078241202363,0.28455039124316994
uniform_1d,1,1000,17,Ordinary,inf,4.0,4.0,0.01,1.1908156394291325e-07,1.0,0.3367044949998217,149.0,0.0,0.0,0.0,0.0,0.0,0.0,0.0,0.0007425683671383415,0.0
uniform_1d,1,1000,17,RR-balanced,72.40712672397635,4.0,4.0,0.01,1.7149142106376303e-09,1.0,0.32467268300001706,50.0,0.4516437191450775,0.12119007534175447,0.03510039525781394,0.03510039525781394,0.05897948569769269,0.007679810264433145,1.535763277328081e-05,0.0007854691059486307,0.04276299976630047
uniform_1d,1,1000,17,RR-tiny,1000000000.0,4.0,4.0,0.01,2.9372104748404126e-10,1.0,0.0382649709999896,19.0,0.00011246150875776628,3.1701288792245326e-05,6.791424311813898e-09,6.791424311813898e-09,1.3013805831974426e-08,3.607465291859982e-06,3.3007190748168845e-12,0.0007426160540787655,2.39440437702005e-05
uniform_1d,1,1000,17,BB,1.0,4.0,4.0,0.01,5.881532816331969e-09,1.0,0.2572396899997784,42.0,6.656728479983828,0.9811035438830856,1.4071902242662873,1.4071902242662873,2.5108128105679306,0.050108011440965515,0.0006425302204821813,0.0005143332498335584,0.43447323402428245
uniform_1d,1,1000,18,Ordinary,inf,4.0,4.0,0.01,5.930886670668656e-09,1.0,0.30346885999983897,52.0,0.0,0.0,0.0,0.0,0.0,0.0,0.0,0.0005302012253935364,0.0
uniform_1d,1,1000,18,RR-balanced,72.40712672397635,4.0,4.0,0.01,6.969002708245853e-09,1.0,0.21621087400012584,39.0,0.32506626769957714,0.11549665403811095,0.024679449209543236,0.024679449209543236,0.048204519818976055,0.006942947487845206,1.213290752865271e-05,0.0004906253914656483,0.020198961994028264
uniform_1d,1,1000,18,RR-tiny,1000000000.0,4.0,4.0,0.01,1.5507173989348644e-08,1.0,0.036911593000013454,9.0,0.0001113804026888765,3.143177510059373e-05,2.6707311917562038e-09,2.6707311917562038e-09,5.322280173389318e-09,2.3070067562513376e-06,9.324192156429345e-13,0.0005301922379724935,5.459218797179856e-06
uniform_1d,1,1000,18,BB,1.0,4.0,4.0,0.01,5.400109248654417e-10,1.0,0.27866165600016757,39.0,5.6762750204723815,0.9718568545013032,4.293507367683787,4.293507367683787,7.561637327424064,0.08695767549459946,0.0019718542557326003,0.0018287655890351947,0.455288254806065
uniform_1d,1,1000,19,Ordinary,inf,5.0,5.0,0.01,9.655858579371568e-08,1.0,0.3302729259999069,59.0,0.0,0.0,0.0,0.0,0.0,0.0,0.0,0.0038105464873613,0.0
uniform_1d,1,1000,19,RR-balanced,72.40712672397635,4.0,4.0,0.01,3.3345276606588925e-07,1.0,0.19411597399994207,53.0,0.4210615276647798,0.11565459309322822,0.032223261094259215,0.032223261094259215,0.061364281907207434,0.007833535721958983,1.3627316670003035e-05,0.0036964004995783287,0.05168259405475511
uniform_1d,1,1000,19,RR-tiny,1000000000.0,5.0,5.0,0.01,1.1693160040238126e-07,1.0,0.03354609299981348,17.0,9.819639433650273e-05,3.21776872901497e-05,0.0,-9.132622835750226e-08,3.107387759295822e-08,5.574394818539338e-06,1.4265819321892096e-11,0.0038103954079187754,4.903702360010322e-05
uniform_1d,1,1000,19,BB,1.0,6.0,6.0,0.01,1.2444879593509484e-07,1.0,0.30988011199997345,149.0,8.899920103888581,1.0303594095066955,4.375763794253544,4.375763794253544,9.12277205111185,0.09551320354334185,0.001950854128107876,0.005167712839950068,0.46908451546545293
uniform_1d,1,1000,20,Ordinary,inf,4.0,4.0,0.01,1.5498713423767185e-13,1.0,0.31186059500009833,62.0,0.0,0.0,0.0,0.0,0.0,0.0,0.0,0.0011482974259806203,0.0
uniform_1d,1,1000,20,RR-balanced,72.40712672397635,4.0,4.0,0.01,2.138285104535953e-10,1.0,0.2210522090001632,39.0,0.543890704007008,0.11897256442249406,0.05880170462432943,0.05880170462432943,0.09322937196721255,0.009655535819788178,2.4190166866862908e-05,0.0012416968106312017,0.09613218414531625
uniform_1d,1,1000,20,RR-tiny,1000000000.0,4.0,4.0,0.01,2.269382748387727e-08,1.0,0.03443794699978753,15.0,0.00010390037156593479,3.1468502284078754e-05,3.3446667657699436e-09,3.3446667657699436e-09,5.887096069308139e-09,2.426333874244874e-06,1.6049400169109988e-12,0.0011482878225769087,1.1784980794645059e-05
uniform_1d,1,1000,20,BB,1.0,4.0,4.0,0.01,8.102116533237336e-09,1.0,0.3068027940000775,69.0,9.28452029359491,1.0199742808966572,3.3594602597149787,3.3594602597149787,6.375785910518987,0.07984851852425934,0.0016096171340521763,0.0004858079778797395,0.3022180160847158
uniform_1d,1,1000,21,Ordinary,inf,4.0,4.0,0.01,5.839306815857981e-11,1.0,0.3254595440000685,49.0,0.0,0.0,0.0,0.0,0.0,0.0,0.0,0.0008761009116130345,0.0
uniform_1d,1,1000,21,RR-balanced,72.40712672397635,4.0,4.0,0.01,2.099742824057671e-09,1.0,0.19658208100008778,36.0,0.46363325504216935,0.11831374396726498,0.06670906055978776,0.06670906055978776,0.12924551012060498,0.011368619534517153,3.2277749532239866e-05,0.0007987199643260029,0.034657452742284024
uniform_1d,1,1000,21,RR-tiny,1000000000.0,4.0,4.0,0.01,6.042179645504575e-09,1.0,0.03641998200009766,11.0,0.00012199046017480342,3.063139563821997e-05,2.6820998755283654e-09,2.6820998755283654e-09,5.091945416411457e-09,2.256533938679287e-06,1.277747817852232e-12,0.0008761152974088969,7.284284657746798e-06
uniform_1d,1,1000,21,BB,1.0,4.0,4.0,0.01,8.898225489772926e-09,1.0,0.3001888400003736,42.0,6.814427412333963,1.005475187268971,4.887665070796174,4.887665070796174,9.585846280419343,0.09790733517167824,0.00235415663153086,0.004933419951672778,0.2647006045477451
uniform_1d,1,1000,22,Ordinary,inf,5.0,5.0,0.01,2.65035309254813e-08,1.0,0.40584640799988847,84.0,0.0,0.0,0.0,0.0,0.0,0.0,0.0,0.0027267105366771747,0.0
uniform_1d,1,1000,22,RR-balanced,72.40712672397635,5.0,5.0,0.01,1.2261303083960229e-11,1.0,0.27804762099981417,231.0,0.511366020201764,0.11554364508965238,0.010952572804171723,0.010952572804171723,0.021733407531011325,0.004661910287748074,5.260216180397728e-06,0.0027286259181537736,0.015056667993990785
uniform_1d,1,1000,22,RR-tiny,1000000000.0,5.0,5.0,0.01,2.032363655146696e-08,1.0,0.03290850199982742,11.0,0.00010983522793339695,3.3444937841245534e-05,2.9174316296121106e-09,2.9174316296121106e-09,5.934805369472559e-09,2.43614559693639e-06,1.4946331344074834e-12,0.0027267142167866592,6.0768423385827e-06
uniform_1d,1,1000,22,BB,1.0,5.0,5.0,0.01,2.3964283002442244e-08,1.0,0.2134922180000558,48.0,5.616943314369436,0.9830559785536225,1.5881375701981142,1.5881375701981142,2.0639433644319993,0.04543064345166156,0.0008240207592865634,0.005025669826597676,0.29954144528817706
uniform_1d,1,1000,24,Ordinary,inf,4.0,4.0,0.01,1.7982941802330288e-09,1.0,0.2968831800001226,60.0,0.0,0.0,0.0,0.0,0.0,0.0,0.0,0.0007903325868691075,0.0
uniform_1d,1,1000,24,RR-balanced,72.40712672397635,4.0,4.0,0.01,1.036993158010091e-08,1.0,0.2099620489998415,81.0,0.5000272053301591,0.11449808588711073,0.015267578780139957,0.015267578780139957,0.027197724038852452,0.005215143721782982,7.164964684184537e-06,0.0008472150774413656,0.05343887311334589
uniform_1d,1,1000,24,RR-tiny,1000000000.0,4.0,4.0,0.01,4.625873462060781e-09,1.0,0.03384083700007068,10.0,0.00012781629603719757,3.303270356053514e-05,1.5297700883820653e-09,1.5297700883820653e-09,2.880727709484689e-09,1.6972706647687897e-06,7.73208976429878e-13,0.0007903512964074653,8.4416671334913e-06
uniform_1d,1,1000,24,BB,1.0,4.0,4.0,0.01,3.1096953900799917e-09,1.0,0.26622894799993446,47.0,7.7261110071406005,0.9874816533763445,1.926651672073831,1.926651672073831,3.5190426455998587,0.05932151924554747,0.0009346161591687085,0.0017699528387369718,0.40579695948923206
uniform_1d,1,1000,23,Ordinary,inf,5.0,5.0,0.01,2.7146317638226947e-08,1.0,0.2530224160000216,74.0,0.0,0.0,0.0,0.0,0.0,0.0,0.0,0.003245654123111893,0.0
uniform_1d,1,1000,23,RR-balanced,72.40712672397635,5.0,5.0,0.01,1.4781576629374626e-08,1.0,0.25294288700001744,90.0,0.38257028138904214,0.12150979511667122,0.03815757258962549,0.03815757258962549,0.07095474042598457,0.008423463683425279,1.8336634764381234e-05,0.0030284527924251186,0.030402109409686604
uniform_1d,1,1000,23,RR-tiny,1000000000.0,5.0,5.0,0.01,1.9547878649106565e-08,1.0,0.036451080000006186,12.0,0.00011951457572356716,3.227094181169939e-05,1.4631496014771983e-09,1.4631496014771983e-09,2.548841057233027e-09,1.5965090219704451e-06,5.963267696784977e-13,0.0032456039183212403,1.1275674967508681e-05
uniform_1d,1,1000,23,BB,1.0,5.0,5.0,0.01,1.1882358652570701e-08,1.0,0.3340900360001342,135.0,5.332471596860655,1.0119893145937493,2.195159307861786,2.195159307861786,5.703674927731893,0.07552267823463289,0.0005363249330368077,0.0025043522909712996,0.2190101231311393
uniform_1d,1,1000,25,Ordinary,inf,5.0,5.0,0.01,1.2028891882565063e-08,1.0,0.5624331349997647,117.0,0.0,0.0,0.0,0.0,0.0,0.0,0.0,0.001457785570498115,0.0
uniform_1d,1,1000,25,RR-balanced,72.40712672397635,5.0,5.0,0.01,2.6498632177407444e-09,1.0,0.27667386100029034,101.0,0.39634385410586526,0.11485164721655101,0.07100659591083058,0.07100659591083058,0.13709646200620926,0.01170881983831886,3.462789153337406e-05,0.001652811407694933,0.059379307577959235
uniform_1d,1,1000,25,RR-tiny,1000000000.0,5.0,5.0,0.01,8.368433057626135e-09,1.0,0.036328955000044516,25.0,0.00010687522135932603,3.0934897914799174e-05,5.086349119665101e-09,5.086349119665101e-09,9.831829579336734e-09,3.1355748403341823e-06,2.4129840067500813e-12,0.0014577866980462597,6.4200718249557005e-06
uniform_1d,1,1000,25,BB,1.0,5.0,5.0,0.01,2.2027640378396995e-08,1.0,0.2353784330000508,90.0,4.664503921240092,0.9827211583550896,1.300745002001122,1.300745002001122,2.5735597275057027,0.050730264413914726,0.0006359074261411773,0.002625230410335809,0.13911760169693807
uniform_1d,1,1000,26,Ordinary,inf,5.0,5.0,0.01,1.993709330960769e-08,1.0,0.4242409469998165,227.0,0.0,0.0,0.0,0.0,0.0,0.0,0.0,0.001389608813817179,0.0
uniform_1d,1,1000,26,RR-balanced,72.40712672397635,4.0,4.0,0.01,2.327871451157648e-08,1.0,0.32945897000013247,60.0,0.39122464082914643,0.11810785035617297,0.1612807065330344,0.1612807065330344,0.3097891838002727,0.017600829065708035,7.935359151956031e-05,0.0016514655089184152,0.10159314481619443
uniform_1d,1,1000,26,RR-tiny,1000000000.0,5.0,5.0,0.01,3.03738723061997e-09,1.0,0.04790391399978944,20.0,0.00011083659044719418,3.210107298881938e-05,1.3435510481940582e-09,1.3435510481940582e-09,2.505821897404921e-09,1.5829788051028734e-06,6.653815875249498e-13,0.0013896073238979197,1.427925419191967e-05
uniform_1d,1,1000,26,BB,1.0,4.0,4.0,0.01,1.567315077721787e-08,1.0,0.3466222580000249,103.0,5.475479960833277,0.9755103909400019,3.3407212296929174,3.3407212296929174,6.763534361998426,0.08224070988262702,0.0016221106381279554,0.0016394105903195012,0.4232143380145345
uniform_1d,1,1000,28,Ordinary,inf,5.0,5.0,0.01,1.0110724257827997e-08,1.0,0.3907207299998845,121.0,0.0,0.0,0.0,0.0,0.0,0.0,0.0,0.00282681114512946,0.0
uniform_1d,1,1000,28,RR-balanced,72.40712672397635,5.0,5.0,0.01,9.208726226006547e-09,1.0,0.155825724999886,61.0,0.45617582643565413,0.11505745116302371,0.0518831074020909,0.0518831074020909,0.10371813897938292,0.010184210277649559,2.3890755949091126e-05,0.0025973164389022666,0.03206391172379796
uniform_1d,1,1000,28,RR-tiny,1000000000.0,5.0,5.0,0.01,2.7317257345060852e-09,1.0,0.03424947199982853,18.0,0.00010728467703968736,3.280786871321667e-05,3.476316123851575e-09,3.476316123851575e-09,6.794631576381675e-09,2.6066514105997515e-06,1.7211149922150098e-12,0.00282680641113354,5.115882241287052e-06
uniform_1d,1,1000,28,BB,1.0,4.0,4.0,0.01,1.3130902898339514e-07,1.0,0.2501910000000862,42.0,8.733547379032146,1.0552862631782074,4.601311412321593,4.601311412321593,7.553595744994562,0.08691142470926685,0.001979905581402319,0.003051796112175032,0.6590636433095699
uniform_1d,1,1000,27,Ordinary,inf,5.0,5.0,0.01,1.9189936972807686e-08,1.0,0.43688638500020716,148.0,0.0,0.0,0.0,0.0,0.0,0.0,0.0,0.0018372140686605306,0.0
uniform_1d,1,1000,27,RR-balanced,72.40712672397635,5.0,5.0,0.01,3.30244909196864e-08,1.0,0.23165986099979818,116.0,0.46634337119190983,0.11504388566778327,0.052803611345098034,0.052803611345098034,0.09973556614549804,0.009986769555041212,2.6798784722982348e-05,0.0019209391519052427,0.040344558136525696
uniform_1d,1,1000,27,RR-tiny,1000000000.0,5.0,5.0,0.01,2.1886781276236889e-10,1.0,0.042653723999819704,18.0,0.00010640946955087216,3.159548093630028e-05,4.04861566494219e-09,4.04861566494219e-09,7.648799451077476e-09,2.7656462989828393e-06,2.1793940635273547e-12,0.0018371956842046168,4.986403939688513e-06
uniform_1d,1,1000,27,BB,1.0,5.0,5.0,0.01,2.8263325013710983e-09,1.0,0.27718035899988536,58.0,4.924384611330456,0.9621057719735442,1.1484921420053524,1.1484921420053524,2.03295534241737,0.045088306049544266,0.0005941827253364085,0.0021779611975450367,0.09781444008352919
uniform_1d,1,1000,29,Ordinary,inf,4.0,4.0,0.01,1.3700390377735516e-08,1.0,0.28620069399994463,54.0,0.0,0.0,0.0,0.0,0.0,0.0,0.0,0.0011996972422904056,0.0
uniform_1d,1,1000,29,RR-balanced,72.40712672397635,4.0,4.0,0.01,8.279580132608544e-09,1.0,0.11692846999972062,32.0,0.43078400049751964,0.11666793486667511,0.0735329566252858,0.0735329566252858,0.14717685823565685,0.012131646971275452,3.641890029385054e-05,0.0012702423779660465,0.023646009191238864
uniform_1d,1,1000,29,RR-tiny,1000000000.0,4.0,4.0,0.01,6.022358167712127e-10,1.0,0.03309493200003999,5.0,0.0001138652702199483,3.154484336213357e-05,5.577476258622482e-10,5.577476258622482e-10,1.1036467794644323e-09,1.050545943528617e-06,2.542042958613426e-13,0.0011997113930209567,1.7299215023186712e-06
uniform_1d,1,1000,29,BB,1.0,4.0,4.0,0.01,2.096541162899257e-09,1.0,0.19757499699994696,48.0,8.22642895477398,1.0372791277120736,3.151032462610601,3.151032462610601,5.841190737192914,0.07642768305524454,0.0015149214080283297,0.0026102402089912607,0.18581331760774575
uniform_1d,1,1000,30,Ordinary,inf,5.0,5.0,0.01,2.387685604787748e-10,1.0,0.3181558799999493,147.0,0.0,0.0,0.0,0.0,0.0,0.0,0.0,0.002758822218889825,0.0
uniform_1d,1,1000,30,RR-balanced,72.40712672397635,4.0,4.0,0.01,2.233759843761618e-09,1.0,0.205293114999904,108.0,0.41905462500655966,0.11652498088531259,0.03649222833246313,0.03649222833246313,0.06891171491763459,0.008301308024500392,1.6808461912226288e-05,0.003010480130233313,0.16763644881624687
uniform_1d,1,1000,30,RR-tiny,1000000000.0,5.0,5.0,0.01,5.940381520019855e-11,1.0,0.03397525900004439,13.0,0.00012451343941455306,3.137655489725848e-05,3.9294718590099365e-09,3.9294718590099365e-09,7.319635904203983e-09,2.705482564017736e-06,1.9398959976612647e-12,0.0027588218883763064,2.241177969915427e-05
uniform_1d,1,1000,30,BB,1.0,4.0,4.0,0.01,1.3169818124936228e-08,1.0,0.21129958500000612,44.0,5.899773099146798,0.9347628213522814,1.9651656678197469,1.9651656678197469,3.705622752472748,0.060873826497705466,0.000967715959324337,0.0037808201761775407,0.613512684374363
uniform_1d,1,1000,32,Ordinary,inf,4.0,4.0,0.01,7.489795894599638e-09,1.0,0.29582928100012396,57.0,0.0,0.0,0.0,0.0,0.0,0.0,0.0,0.00247826943894305,0.0
uniform_1d,1,1000,32,RR-balanced,72.40712672397635,4.0,4.0,0.01,2.3926665093654265e-09,1.0,0.23409562100005132,56.0,0.4121729851571123,0.12110703303674449,0.0955081223517027,0.0955081223517027,0.17233314697234142,0.013127572013603333,4.4871985906041015e-05,0.0020950259291619942,0.05152711473045585
uniform_1d,1,1000,32,RR-tiny,1000000000.0,4.0,4.0,0.01,1.3399029663574424e-08,1.0,0.03778179400001136,12.0,0.0001043981635648894,3.124540727652715e-05,1.308080754824914e-09,1.308080754824914e-09,2.5129696340424954e-09,1.585234882925081e-06,6.113117050480627e-13,0.002478274600748789,7.360125920538388e-06
uniform_1d,1,1000,32,BB,1.0,4.0,4.0,0.01,9.11787623181226e-09,1.0,0.23258888099985597,46.0,5.551332374187086,0.9471847772306459,2.0933122408641793,2.0933122408641793,3.9207386881882114,0.06261580222426454,0.0010082390752376826,0.001337685151527175,0.27315029212981146
uniform_1d,1,1000,31,Ordinary,inf,5.0,5.0,0.01,2.0518425181137445e-08,1.0,0.3872074469998097,62.0,0.0,0.0,0.0,0.0,0.0,0.0,0.0,0.0029297866017358345,0.0
uniform_1d,1,1000,31,RR-balanced,72.40712672397635,5.0,5.0,0.01,8.221738401203993e-09,1.0,0.28310694400011016,103.0,0.40061766273361843,0.11586433317936477,0.03798427622723466,0.03798427622723466,0.0630712103123993,0.007941738494334808,1.5621906725097262e-05,0.002855500088933447,0.08993268668546725
uniform_1d,1,1000,31,RR-tiny,1000000000.0,5.0,5.0,0.01,6.552714815200034e-09,1.0,0.03855104299987033,28.0,0.00010655423918226603,3.1298852124246453e-05,2.983369995490648e-09,2.983369995490648e-09,5.125687577580851e-09,2.2639981399243353e-06,1.4193198560195694e-12,0.0029298444427860977,1.5202261423182224e-05
uniform_1d,1,1000,31,BB,1.0,5.0,5.0,0.01,4.9466959195498816e-08,1.0,0.3245397480000065,147.0,6.171243097702628,0.9633964504507179,1.8200691615929827,1.8200691615929827,3.5150897714483493,0.05928819251291398,0.0008572934496288718,0.0025831582588499912,0.2846477280531615
uniform_1d,1,1000,33,Ordinary,inf,4.0,4.0,0.01,1.2239032010086248e-09,1.0,0.3303089700000328,57.0,0.0,0.0,0.0,0.0,0.0,0.0,0.0,0.0022907444114310914,0.0
uniform_1d,1,1000,33,RR-balanced,72.40712672397635,4.0,4.0,0.01,7.4059685051253155e-09,1.0,0.18757364799989773,49.0,0.46797370829943086,0.12266945325511716,0.03386942999850362,0.03386942999850362,0.06653950543028489,0.008157175088857962,1.6501746152836772e-05,0.002528874744328272,0.021802487644202017
uniform_1d,1,1000,33,RR-tiny,1000000000.0,4.0,4.0,0.01,1.159347788881604e-07,1.0,0.03574955199997021,15.0,9.304693809153441e-05,3.1604718684129316e-05,1.3701537682209164e-09,1.3701537682209164e-09,2.21468124163489e-09,1.4881805137935686e-06,5.684373678488981e-13,0.0022907140711597882,8.994983329866386e-06
uniform_1d,1,1000,33,BB,1.0,5.0,5.0,0.01,2.788060227132405e-09,1.0,0.23509246900016478,193.0,5.557973919727918,0.9664444561459622,0.9638172092304558,0.9638172092304558,1.8373069470000918,0.04286381862363749,0.0004418227824521929,0.0031293878281555415,0.21418160793650248
uniform_1d,1,1000,34,Ordinary,inf,4.0,4.0,0.01,5.336500796815358e-09,1.0,0.3234102860001258,58.0,0.0,0.0,0.0,0.0,0.0,0.0,0.0,0.00112560606626046,0.0
uniform_1d,1,1000,34,RR-balanced,72.40712672397635,4.0,4.0,0.01,1.4233469958213618e-09,1.0,0.18445536000012908,47.0,0.37912185263663956,0.11691803584295775,0.009000151747613927,0.009000151747613927,0.015864807082669317,0.003983065036208839,4.742314961156727e-06,0.0011472109148715054,0.012278298953002519
uniform_1d,1,1000,34,RR-tiny,1000000000.0,4.0,4.0,0.01,5.565799821027895e-09,1.0,0.03266770400000496,15.0,0.00012006863421554215,3.164541162579418e-05,2.6880115910898894e-09,2.6880115910898894e-09,5.258642046410347e-09,2.293172921175014e-06,1.3104698715308565e-12,0.0011256229248159067,1.1979930516259865e-05
uniform_1d,1,1000,34,BB,1.0,5.0,5.0,0.01,1.0914944503781498e-09,1.0,0.28453858700004275,89.0,6.045801124187174,1.0023459969095385,3.203045306623153,3.203045306623153,4.825176656769411,0.06946349153886099,0.00170423804008868,0.0028854667298344495,0.5041286731855914
uniform_1d,1,1000,35,Ordinary,inf,3.0,3.0,0.01,7.625318154680372e-09,1.0,0.24105659699966964,48.0,0.0,0.0,0.0,0.0,0.0,0.0,0.0,0.0014884081791125142,0.0
uniform_1d,1,1000,35,RR-balanced,72.40712672397635,3.0,3.0,0.01,1.0724464649669585e-08,1.0,0.16297796799995012,46.0,0.5421489918032119,0.11900696085612726,0.04389269990451794,0.04389269990451794,0.08347728858392622,0.009136590643337711,2.1413081787946648e-05,0.00144129451102303,0.03460169273034102
uniform_1d,1,1000,35,RR-tiny,1000000000.0,3.0,3.0,0.01,1.2919452174742219e-09,1.0,0.031302868000011586,11.0,0.00011514319222372116,3.166414107859296e-05,5.798028723802418e-10,5.798028723802418e-10,1.1072358284130542e-09,1.052252739798312e-06,2.9436625669313197e-13,0.001488419857057866,3.2905146352503545e-06
uniform_1d,1,1000,35,BB,1.0,4.0,4.0,0.01,4.5717282626256406e-08,1.0,0.2759669440001744,103.0,7.260495747064937,0.976782967279818,1.8122066370151515,1.8122066370151515,2.717649785837371,0.052131082722665284,0.0008018376996960868,0.0030040660772097617,0.4749244741831058
uniform_1d,1,1000,36,Ordinary,inf,4.0,4.0,0.01,1.4461341235616487e-08,1.0,0.25745426399998905,75.0,0.0,0.0,0.0,0.0,0.0,0.0,0.0,0.0012448976116848048,0.0
uniform_1d,1,1000,36,RR-balanced,72.40712672397635,4.0,4.0,0.01,5.5283215782964135e-09,1.0,0.2652162159999989,55.0,0.47777519322828677,0.11833408163246868,0.048151934778161376,0.048151934778161376,0.09234169894559494,0.009609458826884838,2.2804272053727982e-05,0.0011058515407227176,0.07090756980914979
uniform_1d,1,1000,36,RR-tiny,1000000000.0,4.0,4.0,0.01,2.082549688253721e-10,1.0,0.05275505399981739,15.0,0.00010612261529474587,3.148352848690751e-05,3.04544300888665e-09,3.04544300888665e-09,5.88172419643444e-09,2.4252266278503624e-06,1.5050600228001542e-12,0.0012449271616669427,1.1632148187947288e-05
uniform_1d,1,1000,36,BB,1.0,5.0,5.0,0.01,4.3571072971815283e-08,1.0,0.2486977629998819,126.0,5.31403899204416,0.961323449318835,4.451111314685022,4.451111314685022,8.19183234172456,0.09050874179726817,0.0021250711978487097,0.001980758512222893,0.4935419779486595
uniform_1d,1,1000,37,Ordinary,inf,5.0,5.0,0.01,4.691802502065912e-13,1.0,0.4090115019998848,182.0,0.0,0.0,0.0,0.0,0.0,0.0,0.0,0.0011631206400649025,0.0
uniform_1d,1,1000,37,RR-balanced,72.40712672397635,5.0,5.0,0.01,1.0046210308090053e-08,1.0,0.31739128899994284,181.0,0.4819534043888738,0.11917691881907443,0.08316866380619103,0.08316866380619103,0.15307331652430678,0.012372280166739953,3.8566596033393075e-05,0.0011242228341663142,0.10556601362487048
uniform_1d,1,1000,37,RR-tiny,1000000000.0,5.0,5.0,0.01,2.412771427096061e-08,1.0,0.03618401099993207,12.0,0.00013431028013144442,3.138499378439985e-05,3.803734216489829e-09,3.803734216489829e-09,7.649351177383817e-09,2.7657460435448183e-06,1.9390351858320564e-12,0.0011631716632749,6.6319619574523e-06
uniform_1d,1,1000,37,BB,1.0,4.0,4.0,0.01,6.4714928971199015e-09,1.0,0.2823087570000098,57.0,7.667024585359174,0.9713273416789617,2.0476897262169587,2.0476897262169587,4.015938505381144,0.06337143288092155,0.0009987672913656627,0.0012451118584952646,0.20948558525294977
uniform_1d,1,1000,38,Ordinary,inf,5.0,5.0,0.01,6.558993770333643e-08,1.0,0.3225328949999948,81.0,0.0,0.0,0.0,0.0,0.0,0.0,0.0,0.002637292977350971,0.0
uniform_1d,1,1000,38,RR-balanced,72.40712672397635,5.0,5.0,0.01,3.630482581229444e-09,1.0,0.26211237100005746,112.0,0.3768789113370543,0.1146001421819511,0.10196087289477873,0.10196087289477873,0.20573333991269094,0.014343407541888049,4.308193017051507e-05,0.0024296884631029737,0.07257289915672303
uniform_1d,1,1000,38,RR-tiny,1000000000.0,5.0,5.0,0.01,4.005257459027689e-09,1.0,0.045139261999793234,14.0,0.00010683254962329247,3.084110720645779e-05,5.264610081212595e-09,5.264610081212595e-09,1.0012108239800843e-08,3.1641915618054545e-06,2.472222129075711e-12,0.002637363041631178,1.8340525981505777e-05
uniform_1d,1,1000,38,BB,1.0,5.0,5.0,0.01,5.411964654200574e-09,1.0,0.34255120199986777,70.0,4.92155784382097,0.9824412664595568,2.383173324381005,2.383173324381005,4.375382355718736,0.06614667305102152,0.0011112540758636683,0.0018036797206257083,0.33373539236123045
uniform_1d,1,1000,39,Ordinary,inf,5.0,5.0,0.01,2.466995496774871e-10,1.0,0.35750685300013174,143.0,0.0,0.0,0.0,0.0,0.0,0.0,0.0,0.001039481536166357,0.0
uniform_1d,1,1000,39,RR-balanced,72.40712672397635,5.0,5.0,0.01,2.742436278069249e-09,1.0,0.24701071900017268,257.0,0.38989855956237496,0.11805980855048677,0.03565528207354873,0.03565528207354873,0.07079997220763723,0.008414271935683873,1.7523414014399174e-05,0.000981660267487978,0.05609664648054516
uniform_1d,1,1000,39,RR-tiny,1000000000.0,5.0,5.0,0.01,1.3337623006037802e-08,1.0,0.0327375489998758,14.0,9.859327855554767e-05,3.1427486314846536e-05,5.273705028230324e-09,5.273705028230324e-09,9.769798632505223e-09,3.125667709867001e-06,2.595316181275595e-12,0.001039526914404966,2.9536461910604705e-05
uniform_1d,1,1000,39,BB,1.0,4.0,4.0,0.01,3.482916244301748e-08,1.0,0.39076429300007476,81.0,8.803468123821581,1.0394645369869537,4.558255913233552,4.558255913233552,9.43170671239615,0.09711697437830397,0.002174508387877703,0.0016794653886227223,0.7002837477259811
uniform_1d,1,1000,40,Ordinary,inf,5.0,5.0,0.01,2.3295934292733023e-08,1.0,0.3060062160000143,220.0,0.0,0.0,0.0,0.0,0.0,0.0,0.0,0.001949151434189593,0.0
uniform_1d,1,1000,40,RR-balanced,72.40712672397635,5.0,7.0,0.01,2.6984192658119355e-11,1.0,0.24631818800003202,200.0,0.44934906735581803,0.11664875675071873,0.09044901983111231,0.09044901983111231,0.17776659903306835,0.013332914123816606,4.5109520621317376e-05,0.0020976840731718226,0.11062162450023784
uniform_1d,1,1000,40,RR-tiny,1000000000.0,5.0,5.0,0.01,6.769240723514258e-10,1.0,0.03875485399976242,19.0,0.00011164096522287004,3.082450236378809e-05,8.281858754344285e-09,8.281858754344285e-09,1.6504386361428175e-08,4.062559090207572e-06,4.19972848785654e-12,0.0019491209342143742,3.370753377414424e-05
uniform_1d,1,1000,40,BB,1.0,5.0,5.0,0.01,1.4734565123575294e-08,1.0,0.3463754649999373,179.0,7.826024270072148,1.0026533874829355,1.8912444162870088,1.8912444162870088,3.620703952110273,0.06017228558157213,0.0009216592521533076,0.003815523786896969,0.3653957124024186
uniform_1d,1,1000,41,Ordinary,inf,4.0,4.0,0.01,1.3539505738791036e-08,1.0,0.3064141910001581,54.0,0.0,0.0,0.0,0.0,0.0,0.0,0.0,0.000634434702169153,0.0
uniform_1d,1,1000,41,RR-balanced,72.40712672397635,4.0,4.0,0.01,3.4019700390075513e-09,1.0,0.14823011799990127,51.0,0.3898302785731167,0.11587753146394544,0.058609220263406314,0.058609220263406314,0.1113968834527593,0.010554472201524778,2.9716701022794733e-05,0.0008693722090962648,0.011063811712830657
uniform_1d,1,1000,41,RR-tiny,1000000000.0,4.0,4.0,0.01,5.383155032845366e-09,1.0,0.03434121500004039,12.0,9.587702080993132e-05,3.206046290830155e-05,7.853486749809235e-10,7.853486749809235e-10,1.5227031531925146e-09,1.2339785870072926e-06,3.8302989336656536e-13,0.0006344563619168402,6.462772027621821e-06
uniform_1d,1,1000,41,BB,1.0,4.0,4.0,0.01,9.944849166387826e-09,1.0,0.19055268400006753,61.0,4.862331162607853,1.0087460879013965,0.8922613449562959,0.8922613449562959,1.8351246005779132,0.04283835431687255,0.0004312124109760845,0.0013709771429518674,0.11046553939872689
uniform_1d,1,1000,43,Ordinary,inf,5.0,6.0,0.01,7.829399351066968e-10,1.0,0.3226981729999352,186.0,0.0,0.0,0.0,0.0,0.0,0.0,0.0,0.001054014865147414,0.0
uniform_1d,1,1000,43,RR-balanced,72.40712672397635,4.0,4.0,0.01,1.2776520508239742e-08,1.0,0.22483400300029643,126.0,0.34449237028437907,0.11533396644126415,0.01717695696197552,0.01717695696197552,0.03165851107381255,0.005626589648607098,8.909471467276744e-06,0.0011674452952678735,0.08830280200493199
uniform_1d,1,1000,43,RR-tiny,1000000000.0,5.0,5.0,0.01,8.586686917055886e-12,1.0,0.040043947999947704,14.0,0.00013271502938172475,3.084860118844122e-05,2.691649569896981e-09,2.691649569896981e-09,6.2769290077127415e-09,2.505380012635357e-06,1.6171267535180461e-12,0.0010540107430189042,4.323127223778358e-05
uniform_1d,1,1000,43,BB,1.0,3.0,3.0,0.01,6.772604699278872e-11,1.0,0.23061621299984836,32.0,5.951388027450774,1.0155620470162483,2.227665233479456,2.227665233479456,4.499081551686327,0.06707519326611237,0.001107362381876868,0.003994133474025663,0.23345085978193683
uniform_1d,1,1000,42,Ordinary,inf,5.0,5.0,0.01,4.491518268423533e-12,1.0,0.43319513400001597,141.0,0.0,0.0,0.0,0.0,0.0,0.0,0.0,0.0013306339975122658,0.0
uniform_1d,1,1000,42,RR-balanced,72.40712672397635,5.0,5.0,0.01,7.195861040365514e-08,1.0,0.28075977699995747,167.0,0.4082691417216975,0.12003092812833867,0.09617725267662536,0.09617725267662536,0.1788417415198913,0.013373172455326047,4.557139916944213e-05,0.001261924132653535,0.1276867385087266
uniform_1d,1,1000,42,RR-tiny,1000000000.0,5.0,5.0,0.01,1.5793144569897777e-10,1.0,0.0359401049997814,5.0,9.336439867513313e-05,3.125850439746252e-05,2.887645678129047e-09,2.887645678129047e-09,5.765624093529484e-09,2.40117140028143e-06,1.4054989105892104e-12,0.0013306948492417601,4.2062684010603646e-06
uniform_1d,1,1000,42,BB,1.0,4.0,4.0,0.01,8.90357094718297e-08,1.0,0.2790334960000109,89.0,7.20332704151631,1.003539702940691,3.2526684275603657,3.2526684275603657,6.576948448648367,0.08109838746022245,0.0015652509846228626,0.0029659566665403815,0.4340413605091913
uniform_1d,1,1000,45,Ordinary,inf,3.0,3.0,0.01,1.4374501589031752e-11,1.0,0.25416901700032213,41.0,0.0,0.0,0.0,0.0,0.0,0.0,0.0,0.0009401734354897396,0.0
uniform_1d,1,1000,45,RR-balanced,72.40712672397635,3.0,3.0,0.01,1.5120276142255307e-09,1.0,0.1457314710000901,25.0,0.38618670200382055,0.11526983422805043,0.016353179130192075,0.016353179130192075,0.02278337415871614,0.004773193287382791,6.755125871418751e-06,0.0009806129382837672,0.046766642132694755
uniform_1d,1,1000,45,RR-tiny,1000000000.0,3.0,3.0,0.01,2.9000997159300823e-09,1.0,0.031052500999976473,11.0,0.00010681261302702971,3.14268758426852e-05,2.6343514036852866e-09,2.6343514036852866e-09,4.963725110291974e-09,2.2279419001158837e-06,1.2686564453521102e-12,0.0009402210629519592,8.643025470612502e-06
uniform_1d,1,1000,45,BB,1.0,3.0,3.0,0.01,1.2058010145921116e-09,1.0,0.2417171069998858,33.0,10.333072684041568,1.032733584617735,6.24463698324621,6.24463698324621,11.061735327150386,0.10517478465464232,0.003221181060580844,0.0019667708740213475,0.22193748257517862
uniform_1d,1,1000,44,Ordinary,inf,5.0,5.0,0.01,6.862509671634598e-09,1.0,0.36806533499998295,200.0,0.0,0.0,0.0,0.0,0.0,0.0,0.0,0.0005042910135166345,0.0
uniform_1d,1,1000,44,RR-balanced,72.40712672397635,5.0,5.0,0.01,6.096543203604199e-08,1.0,0.24411886499979119,117.0,0.4492273101482487,0.11880017949316914,0.048904208284966444,0.048904208284966444,0.09243571227374026,0.009614349290188092,2.370848349973149e-05,0.0006197650753312413,0.08463958709148936
uniform_1d,1,1000,44,RR-tiny,1000000000.0,5.0,5.0,0.01,1.212363542890671e-12,1.0,0.041457088000015574,13.0,0.00010015619403191955,3.1075941689688565e-05,2.4970177037175745e-09,2.4970177037175745e-09,4.89684386446479e-09,2.2128813489350915e-06,1.2353797998340386e-12,0.0005043140305978515,1.7059131363447915e-05
uniform_1d,1,1000,44,BB,1.0,4.0,4.0,0.01,6.10132855349832e-09,1.0,0.3257856500001708,79.0,5.635746668879419,0.9737484456264913,3.718047921378684,3.718047921378684,7.238944624380617,0.08508198766120016,0.0018513892752742855,0.002590848460238171,0.563237163819616
uniform_1d,1,1000,46,Ordinary,inf,4.0,4.0,0.01,4.8496138882470063e-08,1.0,0.4036545220001244,51.0,0.0,0.0,0.0,0.0,0.0,0.0,0.0,0.0015044037778999605,0.0
uniform_1d,1,1000,46,RR-balanced,72.40712672397635,4.0,4.0,0.01,2.2233154872708383e-08,1.0,0.29437381599996115,59.0,0.4957372932160169,0.11715600673081049,0.04224987151951609,0.04224987151951609,0.07114289295524447,0.00843462464815385,2.048147272195425e-05,0.0015747917677821242,0.050181859306554985
uniform_1d,1,1000,46,RR-tiny,1000000000.0,4.0,4.0,0.01,2.8715996025496793e-08,1.0,0.03522449699994468,17.0,0.0001041270442093678,3.31702878318444e-05,3.3817286748671904e-09,3.3817286748671904e-09,6.5741425543223394e-09,2.5640090784399223e-06,1.5946746667616117e-12,0.0015044150019654636,8.161578669340935e-06
uniform_1d,1,1000,46,BB,1.0,4.0,4.0,0.01,1.7050649780969707e-09,1.0,0.14431311400016966,31.0,8.477270154685593,0.97703008701315,4.782096330258128,4.782096330258128,9.516624215012731,0.09755318659589102,0.0023882105033766667,0.002335335811235981,0.21555254704545188
uniform_1d,1,1000,48,Ordinary,inf,4.0,4.0,0.01,1.5898393712632242e-13,1.0,0.29155430899982093,70.0,0.0,0.0,0.0,0.0,0.0,0.0,0.0,0.002321122576802313,0.0
uniform_1d,1,1000,48,RR-balanced,72.40712672397635,4.0,4.0,0.01,8.77929795528587e-09,1.0,0.24063101100000495,90.0,0.43230151385958226,0.11604215674825788,0.06438116885669842,0.06438116885669842,0.12364122263855395,0.011119407476954604,3.084745584707831e-05,0.002458592053577215,0.059645636507927265
uniform_1d,1,1000,48,RR-tiny,1000000000.0,4.0,4.0,0.01,3.811465965064542e-08,1.0,0.033052273999828685,8.0,9.661924567716529e-05,3.1500474474222715e-05,3.92901711165905e-10,3.92901711165905e-10,7.356440025227439e-10,8.576969176362615e-07,1.8532894129841294e-13,0.002321117145915733,1.4817204337119744e-06
uniform_1d,1,1000,48,BB,1.0,3.0,3.0,0.01,5.077627651672856e-09,1.0,0.20970471999999063,35.0,6.727080660650949,1.0310797592212,4.534311002212917,4.534311002212917,10.614396218912828,0.10302619190726613,0.0021931228976003266,0.0024015837252902112,0.24430191067808918
uniform_1d,1,1000,47,Ordinary,inf,5.0,5.0,0.01,1.4283720206620387e-08,1.0,0.3594113379999726,167.0,0.0,0.0,0.0,0.0,0.0,0.0,0.0,0.0017730049318200143,0.0
uniform_1d,1,1000,47,RR-balanced,72.40712672397635,5.0,6.0,0.01,1.8991697103842853e-11,1.0,0.2393358450001415,421.0,0.4085174350356857,0.11449219230343487,0.030317690676156417,0.030317690676156417,0.05829465557068252,0.0076350936844731985,1.5589590263336102e-05,0.0016674144909860633,0.04996493963973864
uniform_1d,1,1000,47,RR-tiny,1000000000.0,5.0,5.0,0.01,1.711380526181472e-08,1.0,0.03729880199989566,27.0,0.00010721101003330347,3.218244052258185e-05,3.6602614272851497e-09,3.6602614272851497e-09,6.310954995717657e-09,2.512161419120526e-06,1.7303508628709647e-12,0.0017729397851392627,4.44418982025047e-05
uniform_1d,1,1000,47,BB,1.0,4.0,4.0,0.01,1.0909910752587848e-09,1.0,0.27453286599984494,65.0,7.146713366242391,1.0450460169554323,2.1028495675759586,2.1028495675759586,4.123432314079356,0.064213957315208,0.0010069249753834482,0.0030090627716629972,0.3925037513976526
uniform_1d,1,1000,49,Ordinary,inf,5.0,5.0,0.01,1.3780771412896797e-07,1.0,0.45349782299990693,200.0,0.0,0.0,0.0,0.0,0.0,0.0,0.0,0.0017739770877116306,0.0
uniform_1d,1,1000,49,RR-balanced,72.40712672397635,5.0,7.0,0.01,1.2633589507871079e-08,1.0,0.24935496500006593,204.0,0.42487503634589774,0.11473249170323853,0.06784829835578421,0.06784829835578421,0.13143982439571297,0.011464720859912507,3.4684291787933525e-05,0.001783415131286457,0.12006811981926678
uniform_1d,1,1000,49,RR-tiny,1000000000.0,5.0,5.0,0.01,1.93490783395589e-08,1.0,0.04030881600010616,30.0,0.0001368868167426207,3.145407399384506e-05,3.8442067307187244e-09,3.8442067307187244e-09,7.53768935054619e-09,2.7454852668601572e-06,1.8756229504859477e-12,0.0017740270396430194,6.0234842941416964e-05
uniform_1d,1,1000,49,BB,1.0,6.0,6.0,0.01,1.9487744751245373e-11,1.0,0.33279863400025533,254.0,6.147961515232569,0.9693708268933089,1.4890788185912243,1.4890788185912243,2.734275532502725,0.05229030055854264,0.0007317781328080859,0.002052729329096647,0.1994656964858302
uniform_1d,1,1000,50,Ordinary,inf,4.0,4.0,0.01,1.1132037514016702e-09,1.0,0.30911771799992493,52.0,0.0,0.0,0.0,0.0,0.0,0.0,0.0,0.0010504427213621928,0.0
uniform_1d,1,1000,50,RR-balanced,72.40712672397635,4.0,4.0,0.01,7.4418211593041406e-09,1.0,0.16520880500002022,36.0,0.4372696400287761,0.11760642594666278,0.023059038281189714,0.023059038281189714,0.03573604395398657,0.005977963194432245,8.51830746759629e-06,0.0010042700250495952,0.06294485901531092
uniform_1d,1,1000,50,RR-tiny,1000000000.0,4.0,4.0,0.01,6.096570137614776e-09,1.0,0.036435602000210565,19.0,0.00011322641623856544,3.110729815170875e-05,3.853983798762783e-09,3.853983798762783e-09,6.681481677723518e-09,2.5848562199324585e-06,1.6073962941550389e-12,0.0010504281854642789,2.2635352957072057e-05
uniform_1d,1,1000,50,BB,1.0,3.0,3.0,0.01,1.0301579367322233e-08,1.0,0.21645482799999627,37.0,8.315363945991937,1.089641659741829,4.2495973175166455,4.2495973175166455,7.768923812663925,0.08814149881108174,0.0019294717161461583,0.003252264128876561,0.6154380927183299
uniform_1d,1,1000,51,Ordinary,inf,4.0,4.0,0.01,2.6092801252985964e-08,1.0,0.3033226770000965,59.0,0.0,0.0,0.0,0.0,0.0,0.0,0.0,0.0009637044532627291,0.0
uniform_1d,1,1000,51,RR-balanced,72.40712672397635,4.0,4.0,0.01,5.630387711619278e-09,1.0,0.2186059400000886,51.0,0.4498572964514673,0.12104376272501875,0.04676117996064022,0.04676117996064022,0.08264024661923446,0.009090668106318395,2.1825438930320247e-05,0.0009786054992536072,0.06425594864446171
uniform_1d,1,1000,51,RR-tiny,1000000000.0,4.0,4.0,0.01,1.64702578242526e-08,1.0,0.03448183899990909,20.0,0.00010525322628573974,3.04706494107676e-05,5.40353539690841e-09,5.40353539690841e-09,1.0585821995987675e-08,3.2535860209909428e-06,2.664555134308112e-12,0.0009636669966211666,1.2053566215694563e-05
uniform_1d,1,1000,51,BB,1.0,4.0,4.0,0.01,1.3142768429119656e-08,1.0,0.23666313300009278,45.0,7.549164262719243,0.9960976382101181,1.131859067403866,1.131859067403866,2.20595357419335,0.04696758003339484,0.000551092790743296,0.002025320832810309,0.15483626680694806
uniform_1d,1,1000,52,Ordinary,inf,4.0,4.0,0.01,1.1923768417076985e-08,1.0,0.34465479200002846,79.0,0.0,0.0,0.0,0.0,0.0,0.0,0.0,0.0008475247830923775,0.0
uniform_1d,1,1000,52,RR-balanced,72.40712672397635,4.0,4.0,0.01,1.2301165641659395e-08,1.0,0.22679352400018615,94.0,0.42861757675452705,0.11771910216102914,0.038237576727851774,0.038237576727851774,0.07338876746279276,0.00856672443018875,1.897117453905304e-05,0.0008972970203746224,0.06796067276473136
uniform_1d,1,1000,52,RR-tiny,1000000000.0,4.0,4.0,0.01,4.266729858315443e-09,1.0,0.0372319719999723,22.0,0.00010205374297067582,3.283012860973769e-05,3.699824446812272e-09,3.699824446812272e-09,7.314053459869964e-09,2.704450676176211e-06,1.8774217602711207e-12,0.0008475236719970418,3.12198488811648e-05
uniform_1d,1,1000,52,BB,1.0,4.0,4.0,0.01,9.781387921847795e-09,1.0,0.25529442099991684,48.0,5.216023785986465,0.9789840028445244,1.2768558993673196,1.2768558993673196,2.4352110437680285,0.04934785753979628,0.0006513095637097391,0.0023611063378617264,0.08089861728787301
uniform_1d,1,1000,53,Ordinary,inf,4.0,4.0,0.01,2.4451418667581493e-10,1.0,0.33482048099995154,94.0,0.0,0.0,0.0,0.0,0.0,0.0,0.0,0.0005748081328907279,0.0
uniform_1d,1,1000,53,RR-balanced,72.40712672397635,4.0,4.0,0.01,1.9845629806169995e-08,1.0,0.1865238570001111,81.0,0.4974498788256796,0.11738159628356037,0.03772871715591464,0.03772871715591464,0.07253157294850177,0.008516547008530028,1.865797559778214e-05,0.0005683273913223595,0.050788757605174956
uniform_1d,1,1000,53,RR-tiny,1000000000.0,4.0,4.0,0.01,1.0947909245828669e-11,1.0,0.04253631200003838,17.0,9.4940671387711e-05,3.148413921675941e-05,1.7355432646581903e-09,1.7355432646581903e-09,3.501973985001834e-09,1.8713561887042868e-06,9.493518002273004e-13,0.0005748200741060922,5.247416033031175e-06
uniform_1d,1,1000,53,BB,1.0,3.0,3.0,0.01,1.3139660692829125e-08,1.0,0.19599895099986497,30.0,4.330569591324683,0.9506731744328426,0.711640244453065,0.711640244453065,1.386288125314247,0.037232890370131715,0.00036671419491216526,0.0008722654711166137,0.1365608872402986
uniform_1d,1,1000,56,Ordinary,inf,3.0,3.0,0.01,2.1143842232618226e-10,1.0,0.2492228939997858,40.0,0.0,0.0,0.0,0.0,0.0,0.0,0.0,0.0006733601910517805,0.0
uniform_1d,1,1000,56,RR-balanced,72.40712672397635,3.0,3.0,0.01,1.7308177113761758e-10,1.0,0.16081462500005728,29.0,0.3610129487520326,0.11476988144054953,0.08770362229824968,0.08770362229824968,0.17091975472690668,0.013073628215874378,4.3228503543663905e-05,0.0008534980884086826,0.02700826894192004
uniform_1d,1,1000,56,RR-tiny,1000000000.0,3.0,3.0,0.01,6.046790623770448e-09,1.0,0.03361128699998517,7.0,0.0001262133526797049,3.0476805976770737e-05,2.3942448024172336e-09,2.3942448024172336e-09,4.227470341706005e-09,2.056081307172945e-06,1.0717116441759702e-12,0.000673365233888509,1.2166304057400999e-05
uniform_1d,1,1000,56,BB,1.0,3.0,3.0,0.01,1.0934808614138092e-11,1.0,0.2300781530000222,32.0,6.874986569697901,1.0090849872733851,1.7301017447562117,1.7301017447562117,3.4251955733638324,0.058525170425756404,0.0008511823566843041,0.0015482236445164025,0.14273017748557834
uniform_1d,1,1000,54,Ordinary,inf,4.0,4.0,0.01,1.4523952263090223e-08,1.0,0.33493763699993906,75.0,0.0,0.0,0.0,0.0,0.0,0.0,0.0,0.0012080885884900483,0.0
uniform_1d,1,1000,54,RR-balanced,72.40712672397635,4.0,4.0,0.01,2.8657857864544667e-08,1.0,0.2444851469999776,60.0,0.3919026649032227,0.1168485501913722,0.02343810959041548,0.02343810959041548,0.04014033918977685,0.006335640393028699,1.0536614477338609e-05,0.0012568671725186578,0.06471410077919339
uniform_1d,1,1000,54,RR-tiny,1000000000.0,4.0,4.0,0.01,1.2999506582289655e-08,1.0,0.040968649999967965,20.0,0.00010419185533172559,3.115623642533702e-05,1.1959855328314006e-09,1.1959855328314006e-09,1.896890271592061e-09,1.3772763962226541e-06,4.833245740324424e-13,0.001208069153974907,2.8356542846931158e-05
uniform_1d,1,1000,54,BB,1.0,4.0,4.0,0.01,2.861339165605159e-09,1.0,0.32397757500007174,53.0,8.869392302127938,1.0619547394208566,3.0463006645829864,3.0463006645829864,4.736336256455548,0.06882104515666372,0.0015135343361398828,0.003095018234224341,0.4365245309976548
uniform_1d,1,1000,55,Ordinary,inf,4.0,4.0,0.01,1.168592089761944e-08,1.0,0.3499681009998312,66.0,0.0,0.0,0.0,0.0,0.0,0.0,0.0,0.0018904340565441694,0.0
uniform_1d,1,1000,55,RR-balanced,72.40712672397635,4.0,4.0,0.01,1.7445760835954616e-08,1.0,0.20063896100009515,42.0,0.39174413702441924,0.11617808811007307,0.025263370553602726,0.025263370553602726,0.04792518826998379,0.006922802053358437,1.2108542054282465e-05,0.0017484684737439906,0.02580731658980341
uniform_1d,1,1000,55,RR-tiny,1000000000.0,4.0,4.0,0.01,7.965559101208441e-09,1.0,0.03668568900002356,12.0,0.00010348595388331994,3.0911307031813706e-05,3.4915501601062715e-09,3.4915501601062715e-09,6.706595417726292e-09,2.5897095238127174e-06,1.739217766524066e-12,0.0018904319780610195,8.988096794952222e-06
uniform_1d,1,1000,55,BB,1.0,4.0,4.0,0.01,1.105373126364384e-09,1.0,0.3066327149999779,54.0,5.362238807154838,1.0168397811227838,1.3144884606772393,1.3144884606772393,2.1683271250764777,0.046565299581088036,0.0006498149658129108,0.0034980136222662276,0.34648286598840145
uniform_1d,1,1000,57,Ordinary,inf,4.0,4.0,0.01,2.1452706278068945e-10,1.0,0.3282297309999649,78.0,0.0,0.0,0.0,0.0,0.0,0.0,0.0,0.0032754650145522075,0.0
uniform_1d,1,1000,57,RR-balanced,72.40712672397635,4.0,5.0,0.01,1.5559131760767286e-10,1.0,0.18489781600010247,78.0,0.40112560089466887,0.1152485158312277,0.023944578386135618,0.023944578386135618,0.04760490642283095,0.006899630890332536,1.1915619218405799e-05,0.0031210130514311377,0.017829094264892754
uniform_1d,1,1000,57,RR-tiny,1000000000.0,4.0,4.0,0.01,2.950528710243816e-12,1.0,0.033343031999947925,3.0,9.596377234455389e-05,3.148312366172896e-05,8.658389560878277e-10,8.658389560878277e-10,1.732641715485114e-09,1.3162984902692527e-06,4.3011508526149233e-13,0.0032754852903284387,3.2378714038658206e-06
uniform_1d,1,1000,57,BB,1.0,4.0,4.0,0.01,4.23880546218669e-08,1.0,0.3012174220000361,67.0,4.9294109568287725,0.9641778818004292,4.98264358804272,4.98264358804272,9.08772341883101,0.09532955165545996,0.0022034569226657666,0.004788554104924312,0.614049273374092
uniform_1d,1,1000,58,Ordinary,inf,3.0,3.0,0.01,7.15302972409404e-09,1.0,0.252963409999893,40.0,0.0,0.0,0.0,0.0,0.0,0.0,0.0,0.0015396696262435145,0.0
uniform_1d,1,1000,58,RR-balanced,72.40712672397635,3.0,3.0,0.01,9.474643292151086e-12,1.0,0.09369216199979746,19.0,0.3508834065963018,0.1131852576806107,0.00301014384717746,0.00301014384717746,0.005948278267857841,0.0024389092373144684,1.4574541365983774e-06,0.0014834155883611672,0.00499354481373662
uniform_1d,1,1000,58,RR-tiny,1000000000.0,3.0,3.0,0.01,6.122555795684548e-09,1.0,0.03351141699999971,8.0,0.00011357433608716327,3.112154019541603e-05,1.1104930308647454e-09,1.1104930308647454e-09,2.071606576611377e-09,1.4393076726716137e-06,5.572197637353886e-13,0.0015396950943330693,2.755973730685687e-06
uniform_1d,1,1000,58,BB,1.0,4.0,4.0,0.01,3.4715097463333677e-10,1.0,0.2525591909998184,49.0,4.87192838948468,0.9538739703497457,3.202797055871997,3.202797055871997,4.7914090685219675,0.06922000482896522,0.0015700964284600443,0.0039021956893116553,0.19657696803113908
uniform_1d,1,1000,59,Ordinary,inf,4.0,4.0,0.01,8.770224479981437e-08,1.0,0.33030179299998963,61.0,0.0,0.0,0.0,0.0,0.0,0.0,0.0,0.0013350270070013157,0.0
uniform_1d,1,1000,59,RR-balanced,72.40712672397635,4.0,4.0,0.01,2.9021334224665907e-09,1.0,0.15683915399995385,33.0,0.39650975941560596,0.11892426093046186,0.03079784394822127,0.03079784394822127,0.059920544316732625,0.007740836151006726,1.5336776732374515e-05,0.0013158419259854805,0.013150038612494398
uniform_1d,1,1000,59,RR-tiny,1000000000.0,4.0,4.0,0.01,3.688933603029909e-10,1.0,0.033340849999831335,12.0,0.00011987854011974441,3.2256191427135635e-05,3.753939381567761e-09,3.753939381567761e-09,7.074241508056813e-09,2.659744632113544e-06,1.7773141468237603e-12,0.0013350639162797275,9.732584967373693e-06
uniform_1d,1,1000,59,BB,1.0,3.0,3.0,0.01,1.8406631774325888e-10,1.0,0.21677410899997085,32.0,5.666305994699911,0.9807128367610262,3.787826814703749,3.787826814703749,7.689854515017858,0.08769181555320804,0.001982290550705359,0.003929841295696474,0.24045227819632486
uniform_1d,1,1000,60,Ordinary,inf,5.0,5.0,0.01,8.653461058827361e-09,1.0,0.31265679100010857,132.0,0.0,0.0,0.0,0.0,0.0,0.0,0.0,0.001450150456501486,0.0
uniform_1d,1,1000,60,RR-balanced,72.40712672397635,5.0,5.0,0.01,6.7925762792242494e-09,1.0,0.2291506260000915,115.0,0.529075980112985,0.11979575116753341,0.06518733654638709,0.06518733654638709,0.12521237161716278,0.011189833404352487,2.9146956829184035e-05,0.0013275601891222628,0.05909660781795567
uniform_1d,1,1000,60,RR-tiny,1000000000.0,5.0,5.0,0.01,6.029735377666157e-09,1.0,0.035200860999793804,5.0,0.00010368857404507992,3.212741973787079e-05,1.2880718713859096e-09,1.2880718713859096e-09,2.5826430445247863e-09,1.6070603736402643e-06,6.4623917196581e-13,0.0014501163162286726,3.5176187933912203e-06
uniform_1d,1,1000,60,BB,1.0,4.0,4.0,0.01,1.4945286119782963e-08,1.0,0.19399048499985838,43.0,7.393848641606613,1.0198190342071043,2.933817610302185,2.933817610302185,5.740074240834192,0.07576327765371685,0.0014401494945699323,0.0022707533177531106,0.4610505080436382
uniform_1d,1,1000,61,Ordinary,inf,3.0,3.0,0.01,9.939689737947788e-09,1.0,0.29074113199976637,39.0,0.0,0.0,0.0,0.0,0.0,0.0,0.0,0.0018162132560123462,0.0
uniform_1d,1,1000,61,RR-balanced,72.40712672397635,3.0,3.0,0.01,1.0484581869363296e-08,1.0,0.19779633800021656,46.0,0.41548190344474745,0.1178533179287023,0.060841013482104245,0.060841013482104245,0.11181323145215778,0.01057417757805106,2.8800825112026876e-05,0.0017837622670222174,0.07103124971360353
uniform_1d,1,1000,61,RR-tiny,1000000000.0,3.0,3.0,0.01,7.045584116127657e-10,1.0,0.031719356000166954,7.0,0.00012010013129692965,3.2145642668982245e-05,3.358763933647424e-09,3.358763933647424e-09,6.542569978538603e-09,2.5578447917218515e-06,1.6332121650779414e-12,0.001816230360004869,9.947924444234309e-06
uniform_1d,1,1000,61,BB,1.0,5.0,6.0,0.01,2.7900577403983107e-09,1.0,0.325782074000017,285.0,10.287501121194909,1.0529331145003855,2.722278970280513,2.722278970280513,4.686520681825714,0.06845816738582558,0.0012612279120195794,0.001376794531059696,0.3258456162031251
uniform_1d,1,1000,62,Ordinary,inf,5.0,5.0,0.01,3.795983083421106e-09,1.0,0.2808376129999033,58.0,0.0,0.0,0.0,0.0,0.0,0.0,0.0,0.0006553552301017632,0.0
uniform_1d,1,1000,62,RR-balanced,72.40712672397635,5.0,5.0,0.01,1.364409163429059e-08,1.0,0.17867381800010662,52.0,0.40375616577396745,0.11425590773781844,0.02004306612138862,0.02004306612138862,0.03937911059112331,0.006275277730198346,9.2508344052229e-06,0.0006199964673314453,0.029149201314369898
uniform_1d,1,1000,62,RR-tiny,1000000000.0,5.0,5.0,0.01,1.6326251461862284e-10,1.0,0.03332657799978733,13.0,0.00011860923829765113,3.248892618729347e-05,3.7648533179890364e-09,3.7648533179890364e-09,7.392421707366305e-09,2.7189008270560927e-06,1.7213436077463393e-12,0.000655344341576748,9.804066074225482e-06
uniform_1d,1,1000,62,BB,1.0,5.0,5.0,0.01,2.131329535082216e-08,1.0,0.2975498710000011,102.0,4.925760208649983,0.9617438511877404,3.3014962410020416,3.3014962410020416,4.596072838612346,0.0677943422315782,0.0013349732904923246,0.0017186584177577308,0.6866442907393286
uniform_1d,1,1000,63,Ordinary,inf,4.0,4.0,0.01,5.282463355626987e-09,1.0,0.283928380000134,163.0,0.0,0.0,0.0,0.0,0.0,0.0,0.0,0.001136498246337514,0.0
uniform_1d,1,1000,63,RR-balanced,72.40712672397635,5.0,5.0,0.01,1.4013263882617366e-09,1.0,0.23372606900011306,113.0,0.3970107554746143,0.11525400004192035,0.02377549116567934,0.02377549116567934,0.03692381885421303,0.006076497252053442,9.1645745250383e-06,0.0010142948364019197,0.13403289266224006
uniform_1d,1,1000,63,RR-tiny,1000000000.0,4.0,4.0,0.01,7.846960414781279e-09,1.0,0.035863299000084226,19.0,0.00012659528569269884,3.081000222129427e-05,7.570406523882411e-09,7.570406523882411e-09,1.43603725078996e-08,3.7895082145180265e-06,3.799486018325398e-12,0.0011365349252157812,5.119722921908459e-05
uniform_1d,1,1000,63,BB,1.0,4.0,4.0,0.01,4.0571652704102235e-09,1.0,0.26183941200019945,101.0,5.017513733449645,0.9468936830917336,1.4476440519188145,1.4476440519188145,2.519116967520155,0.05019080560740339,0.0006808833822222846,0.002360314798169399,0.5066803633852822
uniform_1d,1,1000,64,Ordinary,inf,4.0,4.0,0.01,3.648022106617077e-09,1.0,0.3261425080002027,61.0,0.0,0.0,0.0,0.0,0.0,0.0,0.0,0.000904399979928171,0.0
uniform_1d,1,1000,64,RR-balanced,72.40712672397635,4.0,4.0,0.01,6.452621326147323e-09,1.0,0.17140868499996031,41.0,0.3971790826606878,0.11901495842461862,0.0692583910877147,0.0692583910877147,0.13347283338631802,0.011553044334127608,3.340703647808493e-05,0.0007486309052657603,0.04687068198664698
uniform_1d,1,1000,64,RR-tiny,1000000000.0,4.0,4.0,0.01,3.629480715972022e-09,1.0,0.0344867260000683,21.0,0.0001273951902367454,3.1763475756880486e-05,1.4983925211708993e-09,1.4983925211708993e-09,2.5282874681364645e-09,1.590058951151329e-06,6.612484721698928e-13,0.0009043929622018275,1.3736707117388302e-05
uniform_1d,1,1000,64,BB,1.0,4.0,4.0,0.01,3.800804559972448e-09,1.0,0.22236178799994377,48.0,7.815813546248089,1.014799194122029,0.9824756617949788,0.9824756617949788,1.936035638975408,0.044000404986493116,0.0005022737110892647,0.002059310959317869,0.13998386577299288
uniform_1d,1,1000,65,Ordinary,inf,4.0,4.0,0.01,3.175231499952247e-08,1.0,0.30506164800021907,113.0,0.0,0.0,0.0,0.0,0.0,0.0,0.0,0.0030393854892613753,0.0
uniform_1d,1,1000,65,RR-balanced,72.40712672397635,4.0,4.0,0.01,9.258952493595984e-09,1.0,0.2294030959999418,96.0,0.5029821235239209,0.11660450164950435,0.009912541906714978,0.009912541906714978,0.0176240461341057,0.00419810030062476,4.962368775524629e-06,0.0029903123558804633,0.012629087547684503
uniform_1d,1,1000,65,RR-tiny,1000000000.0,4.0,4.0,0.01,5.525479851442583e-09,1.0,0.038522537000062584,17.0,0.00011181242465896357,3.110377794106373e-05,2.007482180488296e-09,2.007482180488296e-09,3.708611005844498e-09,1.9257754297540766e-06,9.738364624706482e-13,0.003039403879225075,9.291234685421517e-06
uniform_1d,1,1000,65,BB,1.0,4.0,4.0,0.01,1.123946669068232e-08,1.0,0.30547481600001447,49.0,5.311431153375012,0.9937616324764493,1.765425884048227,1.765425884048227,3.259332223522141,0.057090561597536775,0.000814303418789372,0.0035497901428016136,0.575363895717197
uniform_1d,1,1000,66,Ordinary,inf,5.0,5.0,0.01,1.187812603831162e-08,1.0,0.3686227410000811,275.0,0.0,0.0,0.0,0.0,0.0,0.0,0.0,0.001212558072708631,0.0
uniform_1d,1,1000,66,RR-balanced,72.40712672397635,5.0,5.0,0.01,2.1967699437297483e-08,1.0,0.2670562710000013,146.0,0.3473481413295423,0.11479022262696391,0.04635478926115866,0.04635478926115866,0.0887179393632102,0.009419020085083702,2.291805766865992e-05,0.0012640809491819252,0.13289011972349757
uniform_1d,1,1000,66,RR-tiny,1000000000.0,5.0,5.0,0.01,7.863967033117092e-09,1.0,0.034238993000144546,11.0,0.00010156289518070682,3.177990838516436e-05,3.021796146640554e-09,3.021796146640554e-09,5.544177606027902e-09,2.354607739311986e-06,1.4658046940388364e-12,0.0012125788242097597,1.7333591233644804e-05
uniform_1d,1,1000,66,BB,1.0,4.0,4.0,0.01,7.236479859784595e-09,1.0,0.2351894219998485,58.0,6.6417599831625544,0.9955790777522545,2.851705107940461,2.851705107940461,4.211117782839162,0.0648931258519665,0.0015560480157861228,0.003472328989995382,0.344674807509942
uniform_1d,1,1000,67,Ordinary,inf,4.0,4.0,0.01,1.2092572720945327e-08,1.0,0.2560852840001644,41.0,0.0,0.0,0.0,0.0,0.0,0.0,0.0,0.002716724656893695,0.0
uniform_1d,1,1000,67,RR-balanced,72.40712672397635,4.0,4.0,0.01,1.866318211085627e-10,1.0,0.22065641799986224,31.0,0.49156268556613103,0.11898826828892141,0.04037945015761579,0.04037945015761579,0.08000704350620283,0.008944665645299596,1.989533661737125e-05,0.002355631269295039,0.021032649046283172
uniform_1d,1,1000,67,RR-tiny,1000000000.0,4.0,4.0,0.01,1.5526520558140078e-07,1.0,0.03273982399991837,11.0,0.00010533131805279261,3.0935194397123833e-05,2.375145413680002e-09,2.375145413680002e-09,4.718928591415344e-09,2.1723095063584617e-06,1.196043394352123e-12,0.0027166775049807298,5.405354346529722e-06
uniform_1d,1,1000,67,BB,1.0,5.0,5.0,0.01,1.2252980852167639e-09,1.0,0.2328633090000949,71.0,6.518096493764083,1.0213949196136605,4.828653002325154,4.828653002325154,9.301519965960724,0.09644438794435228,0.002291554235764352,0.004641549782487942,0.20725663723399718
uniform_1d,1,1000,68,Ordinary,inf,4.0,4.0,0.01,1.515563230469752e-09,1.0,0.3440264699997897,97.0,0.0,0.0,0.0,0.0,0.0,0.0,0.0,0.0031245237786522236,0.0
uniform_1d,1,1000,68,RR-balanced,72.40712672397635,3.0,3.0,0.01,5.997424779025096e-11,1.0,0.18922774900011063,48.0,0.35701133836842636,0.11735521116431276,0.026872424291468633,0.026872424291468633,0.053563431508178425,0.007318704223301993,1.3197226557984937e-05,0.003090773979069689,0.01940004725442699
uniform_1d,1,1000,68,RR-tiny,1000000000.0,4.0,4.0,0.01,7.21964044103629e-10,1.0,0.03637519200015049,9.0,9.742696002890128e-05,3.134451116569398e-05,4.114099283469841e-09,4.114099283469841e-09,8.087849108099322e-09,2.843914398869861e-06,2.1485208179267454e-12,0.0031244563832958025,1.0808799344969272e-05
uniform_1d,1,1000,68,BB,1.0,3.0,3.0,0.01,2.4483717275813888e-09,1.0,0.20111461600004077,33.0,7.2688257405954175,1.0173416696504456,2.4807809258602447,2.4807809258602447,4.991203553127198,0.07064845046515315,0.00122065758018981,0.003511344181718719,0.288630976324388
uniform_1d,1,1000,70,Ordinary,inf,4.0,4.0,0.01,4.6648500617862965e-09,1.0,0.3139599739999994,64.0,0.0,0.0,0.0,0.0,0.0,0.0,0.0,0.0021478063692140273,0.0
uniform_1d,1,1000,70,RR-balanced,72.40712672397635,4.0,4.0,0.01,1.727084741887097e-08,1.0,0.15828740600022684,39.0,0.38643738855504206,0.11342021857894663,0.016403711002112686,0.016403711002112686,0.03148608709436191,0.005611246483123149,7.70779807362657e-06,0.002133412660320808,0.026505600559520573
uniform_1d,1,1000,70,RR-tiny,1000000000.0,4.0,4.0,0.01,1.2154573791889334e-08,1.0,0.03964900200003285,14.0,9.336480140409442e-05,3.156607392895085e-05,2.3039774532662705e-09,2.3039774532662705e-09,3.860730610300863e-09,1.964874197067299e-06,1.1336728793597017e-12,0.0021478696980704545,1.632640809717526e-05
uniform_1d,1,1000,70,BB,1.0,4.0,4.0,0.01,2.026736556359765e-10,1.0,0.20358942600000773,72.0,5.53926588169616,1.0077148000575062,2.759822477389662,2.759822477389662,5.82554318125028,0.07632524602810187,0.0013731924449718721,0.004166968003757552,0.14778630726296982
uniform_1d,1,1000,69,Ordinary,inf,4.0,4.0,0.01,2.2741051486363517e-08,1.0,0.2909866539998802,75.0,0.0,0.0,0.0,0.0,0.0,0.0,0.0,0.0021542505545113395,0.0
uniform_1d,1,1000,69,RR-balanced,72.40712672397635,4.0,4.0,0.01,3.173551865742752e-09,1.0,0.20370119500012152,59.0,0.4383558519680222,0.1199084853636052,0.04026226669748212,0.04026226669748212,0.07787291322106302,0.008824563061198158,2.063730449318713e-05,0.001978976415177757,0.030139748239759453
uniform_1d,1,1000,69,RR-tiny,1000000000.0,4.0,4.0,0.01,2.2197288451764052e-09,1.0,0.034431312999913644,21.0,0.00013427466210602645,3.1746999795649106e-05,2.9085640562698245e-09,2.9085640562698245e-09,4.99461573280093e-09,2.2348636944567627e-06,1.3303789596302651e-12,0.002154168610090089,2.016818657222989e-05
uniform_1d,1,1000,69,BB,1.0,4.0,4.0,0.01,3.843325213637172e-09,1.0,0.3178016320000552,65.0,9.696853022139457,1.0465540783109004,5.707605388159436,5.707605388159436,10.621636327721347,0.10306132314171669,0.0028393345849771685,0.002187105663142604,0.28669198869626467
uniform_1d,1,1000,71,Ordinary,inf,4.0,4.0,0.01,2.0032084879773038e-09,1.0,0.305607038999824,64.0,0.0,0.0,0.0,0.0,0.0,0.0,0.0,0.001363515496649371,0.0
uniform_1d,1,1000,71,RR-balanced,72.40712672397635,4.0,4.0,0.01,7.696335790896569e-09,1.0,0.208784211999955,77.0,0.3985271365623906,0.11410227814136596,0.012243828409964408,0.012243828409964408,0.020809114012080104,0.004561700780638741,6.241684050875826e-06,0.001364778869386945,0.05645325358407279
uniform_1d,1,1000,71,RR-tiny,1000000000.0,4.0,4.0,0.01,1.9185952826461516e-09,1.0,0.034637722999832476,13.0,0.00010592126776132194,3.256587781389909e-05,2.762135409284383e-09,2.762135409284383e-09,5.223048156949578e-09,2.285398905431955e-06,1.3689439306250443e-12,0.0013635225822807087,1.749756500906361e-05
uniform_1d,1,1000,71,BB,1.0,4.0,4.0,0.01,6.844551814211286e-09,1.0,0.2754889949999324,59.0,6.251150282918462,0.9935248319589706,3.426270433786158,3.426270433786158,6.120402926882722,0.07823300407681352,0.0016800263689299231,0.004321291517320365,0.3567761978442196
uniform_1d,1,1000,72,Ordinary,inf,5.0,5.0,0.01,1.8924346312232387e-08,1.0,0.41399569200029873,163.0,0.0,0.0,0.0,0.0,0.0,0.0,0.0,0.001502499249132011,0.0
uniform_1d,1,1000,72,RR-balanced,72.40712672397635,5.0,5.0,0.01,1.2606957700000976e-09,1.0,0.23248063200003344,153.0,0.47372125609505256,0.12039851754777048,0.04122627126889711,0.04122627126889711,0.08018695103700801,0.008954716692168883,2.1845186244195666e-05,0.0015993398474012724,0.016709576856346536
uniform_1d,1,1000,72,RR-tiny,1000000000.0,5.0,5.0,0.01,1.0279918694067192e-08,1.0,0.05311607199996615,24.0,0.00011047955686327438,3.152639186421004e-05,5.070432962384075e-09,5.070432962384075e-09,9.808206359570268e-09,3.1318056069255428e-06,2.5289029469168054e-12,0.0015024769966747835,1.6275036138322484e-05
uniform_1d,1,1000,72,BB,1.0,4.0,4.0,0.01,6.302489197196337e-09,1.0,0.2397307549999823,59.0,5.300749380269762,1.0103022667868218,2.9015660070344893,2.9015660070344893,6.298609390031725,0.07936377882908377,0.001360085282415461,0.002409385794680104,0.1470979466189094
uniform_1d,1,1000,73,Ordinary,inf,4.0,4.0,0.01,2.1017575901893792e-08,1.0,0.25198050000017247,50.0,0.0,0.0,0.0,0.0,0.0,0.0,0.0,0.001186130818040382,0.0
uniform_1d,1,1000,73,RR-balanced,72.40712672397635,4.0,4.0,0.01,2.603338766782315e-08,1.0,0.13632035199998427,34.0,0.43696889735192435,0.118458508041081,0.04003647130275567,0.04003647130275567,0.06575006540690721,0.008108641403275102,1.6926956845340137e-05,0.001345909761108368,0.04533693456446289
uniform_1d,1,1000,73,RR-tiny,1000000000.0,4.0,4.0,0.01,3.983198215706807e-10,1.0,0.03253321300007883,19.0,0.00011357174984194529,3.158234832875873e-05,2.8769591153832152e-09,2.8769591153832152e-09,5.778926070993791e-09,2.4039396978696846e-06,1.5025776563743216e-12,0.0011861153209489655,5.632049202506367e-06
uniform_1d,1,1000,73,BB,1.0,4.0,4.0,0.01,3.6799436831103094e-09,1.0,0.19801298400011547,39.0,5.408565525624076,1.0014207897914482,3.295832251482352,3.295832251482352,5.0219849363805675,0.07086596458371655,0.001483141703298961,0.0016252052360535374,0.16672415057995965
uniform_1d,1,1000,75,Ordinary,inf,3.0,3.0,0.01,1.330813015343324e-09,1.0,0.24330258500003765,39.0,0.0,0.0,0.0,0.0,0.0,0.0,0.0,0.00107662305823098,0.0
uniform_1d,1,1000,75,RR-balanced,72.40712672397635,3.0,3.0,0.01,3.7610059511195004e-09,1.0,0.16509167699996397,28.0,0.37921433370694646,0.12305055266450064,0.06707351324598676,0.06707351324598676,0.13128613374154258,0.011458016134634414,3.3358881377637684e-05,0.0012246510710417836,0.027273688743158456
uniform_1d,1,1000,75,RR-tiny,1000000000.0,3.0,3.0,0.01,5.480149667391743e-11,1.0,0.0342429979998542,10.0,9.719708888866752e-05,3.21657131929056e-05,3.7209701986284927e-09,3.7209701986284927e-09,6.7579673174175595e-09,2.599609070113728e-06,1.6304180773720538e-12,0.001076634566897738,1.7190728898078925e-05
uniform_1d,1,1000,75,BB,1.0,3.0,3.0,0.01,3.9862979583915603e-10,1.0,0.205432933000111,34.0,6.839174243978899,1.017148365167168,4.009280258396757,4.009280258396757,7.821948527564398,0.08844178044094543,0.0018806732555106851,0.0036807961794804323,0.2651139525336786
uniform_1d,1,1000,74,Ordinary,inf,4.0,4.0,0.01,3.992148833731335e-10,1.0,0.3349488540002312,95.0,0.0,0.0,0.0,0.0,0.0,0.0,0.0,0.0014133977660219397,0.0
uniform_1d,1,1000,74,RR-balanced,72.40712672397635,4.0,4.0,0.01,1.4955667593241628e-08,1.0,0.20979270099996938,58.0,0.3790052401703201,0.11537139474394863,0.03564895221370534,0.03564895221370534,0.0693678636217473,0.008328737216514115,1.735596698189762e-05,0.0014941276444869287,0.03945124134923734
uniform_1d,1,1000,74,RR-tiny,1000000000.0,4.0,4.0,0.01,5.189829677121338e-09,1.0,0.032058508000091024,14.0,0.00010543868291290615,3.1169103882384776e-05,2.8744580049533397e-09,2.8744580049533397e-09,5.4554283787861566e-09,2.3356858476229537e-06,1.3672047403082446e-12,0.0014133551695545902,1.5994170689244897e-05
uniform_1d,1,1000,74,BB,1.0,3.0,3.0,0.01,3.5425442579395394e-09,1.0,0.2297644309999214,38.0,5.127923377972622,0.9837855615708371,1.1037944284432797,1.1037944284432797,2.0203103957020914,0.044947863082710524,0.0005447854473136326,0.002839723805703991,0.3567546462065069
uniform_1d,1,1000,76,Ordinary,inf,6.0,6.0,0.01,1.9716045907003377e-08,1.0,0.36052298399999927,170.0,0.0,0.0,0.0,0.0,0.0,0.0,0.0,0.0004703083588539239,0.0
uniform_1d,1,1000,76,RR-balanced,72.40712672397635,6.0,6.0,0.01,8.088306158171576e-08,1.0,0.20518213500008642,38.0,0.46478016854362103,0.12019928910031072,0.030956919689515416,0.030956919689515416,0.06000676124846603,0.007746403116832098,1.4906493178830113e-05,0.0005691092711909299,0.03205796207796289
uniform_1d,1,1000,76,RR-tiny,1000000000.0,6.0,6.0,0.01,2.5833941652564363e-09,1.0,0.035868277999952625,14.0,0.00010109847551209583,3.160663268373095e-05,3.6072833609068766e-09,3.6072833609068766e-09,6.999421269971396e-09,2.6456419391088047e-06,1.7599102972298512e-12,0.000470316399370975,1.858429995250511e-05
uniform_1d,1,1000,76,BB,1.0,6.0,6.0,0.01,1.6512213596442393e-08,1.0,0.2872052259999691,90.0,5.124148626309066,0.9761266106138224,4.003076458214082,4.003076458214082,7.907161025309586,0.088922218963033,0.0019233557605214744,0.00277949483342924,0.3679838918055572
uniform_1d,1,1000,77,Ordinary,inf,4.0,4.0,0.01,7.793238276931902e-09,1.0,0.30260691099988435,57.0,0.0,0.0,0.0,0.0,0.0,0.0,0.0,0.001090746742503788,0.0
uniform_1d,1,1000,77,RR-balanced,72.40712672397635,4.0,4.0,0.01,1.1629745166885641e-08,1.0,0.24229971400018258,48.0,0.37186477869825807,0.12054812958428959,0.040816585292759555,0.040816585292759555,0.0746531118519162,0.008640203229780895,1.8039004462884077e-05,0.0011882224001295207,0.07093811107864335
uniform_1d,1,1000,77,RR-tiny,1000000000.0,4.0,4.0,0.01,1.0529336291753566e-08,1.0,0.030999902000075963,9.0,9.505287558486675e-05,3.03040078401481e-05,1.966554918908514e-09,1.966554918908514e-09,3.936009828302922e-09,1.983937959791818e-06,9.990248943519376e-13,0.0010906955453867462,3.2221705176162083e-06
uniform_1d,1,1000,77,BB,1.0,4.0,4.0,0.01,1.4161481987073898e-08,1.0,0.2705708369999229,58.0,7.292440215949934,1.044543692158076,2.783238626224147,2.783238626224147,5.5395817136497065,0.07442836632393396,0.0013386851329071161,0.002349041121340722,0.21891648698308946
uniform_1d,1,1000,78,Ordinary,inf,4.0,4.0,0.01,3.034272166857477e-09,1.0,0.34661121500016634,88.0,0.0,0.0,0.0,0.0,0.0,0.0,0.0,0.0008210701502950412,0.0
uniform_1d,1,1000,78,RR-balanced,72.40712672397635,4.0,4.0,0.01,2.225005579781225e-08,1.0,0.23401434199968207,83.0,0.420599517981878,0.11985997070679986,0.024664737927878377,0.024664737927878377,0.04635479909254463,0.006808435877097223,1.2029041017437449e-05,0.0009291678887166381,0.03371759456656992
uniform_1d,1,1000,78,RR-tiny,1000000000.0,4.0,4.0,0.01,4.179911616830623e-08,1.0,0.03424776500014559,9.0,0.00010148023904954506,3.077702235229281e-05,3.856712282868102e-09,3.856712282868102e-09,7.6116959747839e-09,2.758930222891456e-06,1.875759471145842e-12,0.000821078216353668,9.175173795470456e-06
uniform_1d,1,1000,78,BB,1.0,4.0,4.0,0.01,1.1140254718711162e-08,1.0,0.3062302580001415,93.0,6.248323730408771,0.9714524896744854,5.512685200233591,5.512685200233591,10.598501317978835,0.1029490229092964,0.0027855798696158653,0.002137664675997634,0.5749387826123857
uniform_1d,1,1000,79,Ordinary,inf,5.0,5.0,0.01,1.0480993184458498e-08,1.0,0.40032576699991296,142.0,0.0,0.0,0.0,0.0,0.0,0.0,0.0,0.0016724393056957946,0.0
uniform_1d,1,1000,79,RR-balanced,72.40712672397635,5.0,5.0,0.01,9.317205007519647e-09,1.0,0.20012890199996036,106.0,0.4109936054343979,0.1156899030891703,0.05748809139640798,0.05748809139640798,0.10943484022505849,0.010461110850433547,3.0374992780980496e-05,0.0019884952192745897,0.024849819126328467
uniform_1d,1,1000,79,RR-tiny,1000000000.0,5.0,5.0,0.01,7.959953807201714e-09,1.0,0.034999868999875616,19.0,0.0001247736143875633,3.1545896238643586e-05,5.001766112400219e-09,5.001766112400219e-09,8.684576691038817e-09,2.9469605852536978e-06,2.679496761840202e-12,0.0016723972598771644,2.8850873750898002e-05
uniform_1d,1,1000,79,BB,1.0,5.0,5.0,0.01,3.828638295289011e-09,1.0,0.23948072900020634,53.0,6.04799440968431,0.9701153752166869,4.003980697996667,4.003980697996667,7.454876701239588,0.08634162785840668,0.0019805633417533663,0.006356714242618308,0.2875408833818016
uniform_1d,1,1000,80,Ordinary,inf,3.0,3.0,0.01,3.9198899681736066e-09,1.0,0.24896131100013008,47.0,0.0,0.0,0.0,0.0,0.0,0.0,0.0,0.001748576267533479,0.0
uniform_1d,1,1000,80,RR-balanced,72.40712672397635,3.0,3.0,0.01,6.589395695755229e-12,1.0,0.19038158700027452,30.0,0.4271676761714853,0.11686190053334732,0.04307609291004155,0.04307609291004155,0.08427876093757497,0.00918034644975749,2.1683060671678516e-05,0.0019484379405935047,0.029845288157710155
uniform_1d,1,1000,80,RR-tiny,1000000000.0,3.0,3.0,0.01,8.3743105783185e-09,1.0,0.03228022200005398,7.0,0.00011014090041827629,3.270576784187275e-05,8.024244380067103e-09,8.024244380067103e-09,1.6004184570929338e-08,4.000523037170182e-06,3.981456744225159e-12,0.0017485564936512458,7.467886474243349e-06
uniform_1d,1,1000,80,BB,1.0,3.0,3.0,0.01,2.608822047278636e-09,1.0,0.26040675800004465,35.0,6.006247279843473,0.9964561374110613,0.9541886839051585,0.9541886839051585,1.8643428127227808,0.04317803623050475,0.00047173509830686984,0.002422083515876014,0.09224374417171397
uniform_1d,1,1000,81,Ordinary,inf,5.0,5.0,0.01,1.4698640082855263e-09,1.0,0.28634113400039496,73.0,0.0,0.0,0.0,0.0,0.0,0.0,0.0,0.0015050809637131685,0.0
uniform_1d,1,1000,81,RR-balanced,72.40712672397635,5.0,5.0,0.01,2.6267876762631204e-13,1.0,0.17617277699991973,40.0,0.3764649397957769,0.11351043539596588,0.06541547461392838,0.06541547461392838,0.12348348114037122,0.011112312141960881,3.2878599642838435e-05,0.0013138919889888643,0.029668500755999447
uniform_1d,1,1000,81,RR-tiny,1000000000.0,5.0,5.0,0.01,1.7651470507473732e-08,1.0,0.03238528999986556,12.0,0.00011514155064062948,3.0561748209897516e-05,1.703938323771581e-09,1.703938323771581e-09,3.3528397360606225e-09,1.8310761142182547e-06,7.664284353024157e-13,0.0015050446837252193,4.961092931154512e-06
uniform_1d,1,1000,81,BB,1.0,4.0,4.0,0.01,3.739411447156726e-09,1.0,0.2521668320000572,50.0,6.11455460717262,1.0024280963393088,2.7627055631828625,2.7627055631828625,4.130213526008272,0.06426673732194807,0.0011207276754908616,0.0014782999386356139,0.45143459826249666
uniform_1d,1,1000,82,Ordinary,inf,4.0,4.0,0.01,6.206321234714096e-09,1.0,0.330853303999902,65.0,0.0,0.0,0.0,0.0,0.0,0.0,0.0,0.001917623116229612,0.0
uniform_1d,1,1000,82,RR-balanced,72.40712672397635,4.0,4.0,0.01,3.1722831028702103e-09,1.0,0.22964964899983897,75.0,0.4361199502289874,0.11962573510404986,0.044673841287476534,0.044673841287476534,0.08163008475182346,0.009034936898054322,2.0419145547826062e-05,0.0017484825984965882,0.10262169067514869
uniform_1d,1,1000,82,RR-tiny,1000000000.0,4.0,4.0,0.01,1.088360557233159e-08,1.0,0.035963580000043294,12.0,0.00010661547829760032,3.1740901668740334e-05,1.2496457202360034e-09,1.2496457202360034e-09,2.424981312474877e-09,1.5572351500254793e-06,6.070204643832609e-13,0.001917641461252908,9.624002235946579e-06
uniform_1d,1,1000,82,BB,1.0,4.0,4.0,0.01,3.846417628849963e-09,1.0,0.28425501300012,52.0,6.366819070859123,0.9783641346504531,2.063756419148831,2.063756419148831,4.055757187459768,0.06368482697989976,0.001009628238366861,0.003063000631694171,0.3041553834856952
uniform_1d,1,1000,83,Ordinary,inf,5.0,5.0,0.01,7.783152566886997e-09,1.0,0.3495023789998868,164.0,0.0,0.0,0.0,0.0,0.0,0.0,0.0,0.0014543819724405357,0.0
uniform_1d,1,1000,83,RR-balanced,72.40712672397635,5.0,5.0,0.01,4.3430555596302156e-08,1.0,0.23272497300013129,167.0,0.4061586200306361,0.11508933048479114,0.0782625104309318,0.0782625104309318,0.15039458629516006,0.012263547051940563,3.8398652882998445e-05,0.0015118825920759553,0.09142406106987015
uniform_1d,1,1000,83,RR-tiny,1000000000.0,5.0,5.0,0.01,9.926342858790349e-09,1.0,0.034660955999925136,20.0,9.841568165036563e-05,3.077550784867874e-05,3.6798155633732677e-09,3.6798155633732677e-09,6.554978479286287e-09,2.56026922007946e-06,1.8107728487363316e-12,0.0014544025837240483,2.9273163273727115e-05
uniform_1d,1,1000,83,BB,1.0,4.0,4.0,0.01,3.279742255557494e-09,1.0,0.29253352599994287,81.0,5.548245691725827,0.9581224289434664,1.0283700043405588,1.0283700043405588,1.727348239504845,0.04156137918193819,0.00044930977629738304,0.001174199711208121,0.5479647706862432
uniform_1d,1,1000,84,Ordinary,inf,4.0,4.0,0.01,1.4923127400479075e-08,1.0,0.31426648699994075,51.0,0.0,0.0,0.0,0.0,0.0,0.0,0.0,0.0014900957827692434,0.0
uniform_1d,1,1000,84,RR-balanced,72.40712672397635,4.0,4.0,0.01,7.621377751121372e-09,1.0,0.174833389000014,37.0,0.4255422204282442,0.11644672975397653,0.05360922405156998,0.05360922405156998,0.10263614220030566,0.010130949718575533,2.4950706442226098e-05,0.0014306004578504465,0.042131394580317776
uniform_1d,1,1000,84,RR-tiny,1000000000.0,4.0,4.0,0.01,6.547679509694149e-09,1.0,0.03333620100011103,10.0,0.00010577396871414013,3.163691375220178e-05,1.650960257393308e-09,1.650960257393308e-09,3.2077174875184387e-09,1.791010186324589e-06,8.162624211213777e-13,0.0014900937918086987,3.4306692608927976e-06
uniform_1d,1,1000,84,BB,1.0,4.0,4.0,0.01,2.5717099561006762e-09,1.0,0.19629990799990082,34.0,8.956966097661251,1.0187427490374172,2.518029441814633,2.518029441814633,4.9044078958247415,0.07003147789262155,0.0012386507195126315,0.0026515891098734716,0.15763128434693902
uniform_1d,1,1000,85,Ordinary,inf,5.0,5.0,0.01,2.341520310977785e-10,1.0,0.27435030299989194,84.0,0.0,0.0,0.0,0.0,0.0,0.0,0.0,0.0017720628812839053,0.0
uniform_1d,1,1000,85,RR-balanced,72.40712672397635,5.0,5.0,0.01,2.035704937952687e-12,1.0,0.1356793929999185,58.0,0.4486838597284899,0.11871293320385858,0.017746175332831626,0.017746175332831626,0.034303912206851216,0.005856954174897667,8.120173019561775e-06,0.0018475359926490166,0.013078915943171933
uniform_1d,1,1000,85,RR-tiny,1000000000.0,5.0,5.0,0.01,4.076773496564101e-08,1.0,0.03360585799987348,14.0,0.000120690512710242,3.11846986298155e-05,2.435854185023345e-09,2.435854185023345e-09,4.89765364048884e-09,2.213064310066212e-06,1.1211672346421318e-12,0.00177206233831863,5.025115644505378e-06
uniform_1d,1,1000,85,BB,1.0,5.0,5.0,0.01,9.073442441831503e-09,1.0,0.24557210699981624,91.0,7.566289277017299,1.0763570741582873,5.018407776695085,5.018407776695085,9.939232344020898,0.09969569872377092,0.00245651685377974,0.0021827631713077266,0.37110065498808703
uniform_1d,1,1000,88,Ordinary,inf,4.0,4.0,0.01,2.551312716647658e-09,1.0,0.25861947199996393,168.0,0.0,0.0,0.0,0.0,0.0,0.0,0.0,0.0020080489042965583,0.0
uniform_1d,1,1000,88,RR-balanced,72.40712672397635,5.0,5.0,0.01,5.993672225201863e-11,1.0,0.2209667590002482,188.0,0.3692025997603139,0.1164352861849876,0.040139995864137745,0.040139995864137745,0.07489167522086303,0.008653997643913652,1.9439390410057982e-05,0.0021659473714318164,0.08421977647701478
uniform_1d,1,1000,88,RR-tiny,1000000000.0,4.0,4.0,0.01,1.4696448502604653e-09,1.0,0.03547976100003325,13.0,0.00011929848497183038,3.211768095277192e-05,1.6163994587259367e-09,1.6163994587259367e-09,3.223014287615784e-09,1.7952755464317403e-06,8.093806725036664e-13,0.002008058264212539,1.2291098429268015e-05
uniform_1d,1,1000,88,BB,1.0,4.0,4.0,0.01,1.538653426891301e-08,1.0,0.3127562619999935,72.0,5.953797763412375,0.9972355781214302,4.533713044487058,4.533713044487058,9.241922903047675,0.09613492031019569,0.002236167894814337,0.0039403434412719485,0.3034044177310322
uniform_1d,1,1000,87,Ordinary,inf,4.0,4.0,0.01,1.2541159888357356e-08,1.0,0.3127117139999882,88.0,0.0,0.0,0.0,0.0,0.0,0.0,0.0,0.0005519887196209004,0.0
uniform_1d,1,1000,87,RR-balanced,72.40712672397635,4.0,4.0,0.01,2.919962716063651e-09,1.0,0.20492754699989746,53.0,0.4201760388475517,0.11577671901264487,0.05738116076940969,0.05738116076940969,0.10849554534375203,0.010416119495462407,2.740388777066046e-05,0.0006482493537359362,0.08465917648220084
uniform_1d,1,1000,87,RR-tiny,1000000000.0,4.0,4.0,0.01,6.548363851166528e-09,1.0,0.10090057799993701,15.0,0.00010009884289630122,3.081431473738378e-05,2.5097506295423955e-09,2.5097506295423955e-09,4.833093109896237e-09,2.1984296918246524e-06,1.1463953786525046e-12,0.0005520206715767043,1.0074877523082382e-05
uniform_1d,1,1000,87,BB,1.0,4.0,4.0,0.01,4.558878163862801e-09,1.0,0.22888039100007518,46.0,7.024560425762488,0.9895434035307458,2.6964454274977925,2.6964454274977925,5.420099881857175,0.07362132762900418,0.001303051042020844,0.0010763596489828781,0.2202337759151094
uniform_1d,1,1000,86,Ordinary,inf,4.0,4.0,0.01,2.2790946907491616e-10,1.0,0.34693088599988187,173.0,0.0,0.0,0.0,0.0,0.0,0.0,0.0,0.0006533044534423012,0.0
uniform_1d,1,1000,86,RR-balanced,72.40712672397635,4.0,4.0,0.01,1.88861013494801e-08,1.0,0.19734359099970789,88.0,0.37268484206574115,0.11323712804739669,0.035672945743726814,0.035672945743726814,0.06302273880020284,0.00793868621373857,1.5814197143784687e-05,0.0005855906593419799,0.09847592735383591
uniform_1d,1,1000,86,RR-tiny,1000000000.0,4.0,4.0,0.01,4.6374235562751664e-09,1.0,0.10859835499991277,15.0,0.00010011853689051442,3.203161104520103e-05,4.7280082071665674e-09,4.7280082071665674e-09,9.156089838462216e-09,3.0259031442632486e-06,2.312882035086422e-12,0.0006533460341443791,1.6084259617015193e-05
uniform_1d,1,1000,86,BB,1.0,4.0,4.0,0.01,2.676369392773381e-08,1.0,0.2668776049999906,63.0,7.9644764593948185,1.0003004569951666,0.906509875058191,0.906509875058191,1.7680287459568906,0.0420479339083015,0.0004422189799420345,0.0011559132769921768,0.23864245484156615
uniform_1d,1,1000,89,Ordinary,inf,4.0,4.0,0.01,2.00859551213739e-10,1.0,0.34460233799995876,71.0,0.0,0.0,0.0,0.0,0.0,0.0,0.0,0.000988714874639724,0.0
uniform_1d,1,1000,89,RR-balanced,72.40712672397635,4.0,4.0,0.01,4.713487600227495e-08,1.0,0.22331731100007346,76.0,0.43303713105616404,0.11601148446290474,0.04499546546253441,0.04499546546253441,0.08762314728234694,0.009360723651638635,2.189147260235537e-05,0.0007514028687925989,0.04120204985322861
uniform_1d,1,1000,89,RR-tiny,1000000000.0,4.0,4.0,0.01,5.573702388517177e-09,1.0,0.03433332400004474,10.0,0.0001036009192458831,3.102495316386487e-05,4.22164703195449e-09,4.22164703195449e-09,8.230206181918506e-09,2.8688335925805295e-06,2.0703716791849813e-12,0.000988659954691425,8.627764939485271e-06
uniform_1d,1,1000,89,BB,1.0,4.0,4.0,0.01,3.0832976172234794e-09,1.0,0.2732891440000458,113.0,5.4581927008812015,0.9872655950470004,2.640477255940823,2.640477255940823,5.110281370556585,0.0714862320349631,0.0012813585890180963,0.0012536481718554387,0.31853281702345376
uniform_1d,1,1000,91,Ordinary,inf,5.0,5.0,0.01,7.189895567805138e-09,1.0,0.28204967100009526,60.0,0.0,0.0,0.0,0.0,0.0,0.0,0.0,0.0014713578279112688,0.0
uniform_1d,1,1000,91,RR-balanced,72.40712672397635,5.0,5.0,0.01,2.1993689092170143e-09,1.0,0.13588959899993824,39.0,0.3897130723261719,0.11503738469972546,0.04198940250967098,0.04198940250967098,0.08210479911035162,0.009061169853299939,2.0149815680396426e-05,0.0013288445425414528,0.034623961531901434
uniform_1d,1,1000,91,RR-tiny,1000000000.0,5.0,5.0,0.01,7.217212827370645e-09,1.0,0.03293628999995235,14.0,9.508712346351089e-05,3.110810623581245e-05,3.557715899660252e-09,3.557715899660252e-09,6.935360620681371e-09,2.633507285101253e-06,1.6665910491580637e-12,0.00147138944650033,1.2208925141437293e-05
uniform_1d,1,1000,91,BB,1.0,5.0,5.0,0.01,1.3175509994134416e-07,1.0,0.20431428199981383,49.0,8.189700130856801,1.020177337560327,4.439100550521971,4.439100550521971,10.214990551244382,0.10106923642357442,0.001897831835869356,0.0028789443438398637,0.2726901760625688
uniform_1d,1,1000,90,Ordinary,inf,3.0,3.0,0.01,8.496850334438477e-09,1.0,0.27706395999985034,62.0,0.0,0.0,0.0,0.0,0.0,0.0,0.0,0.0009767246307659193,0.0
uniform_1d,1,1000,90,RR-balanced,72.40712672397635,3.0,3.0,0.01,2.4320236935437833e-09,1.0,0.19165643200017257,56.0,0.37527649003199826,0.12133679613377696,0.03499540162465564,0.03499540162465564,0.06933586189423993,0.008326815831651372,1.7433903687935397e-05,0.0011791797733258797,0.03509096293112803
uniform_1d,1,1000,90,RR-tiny,1000000000.0,3.0,3.0,0.01,1.194038423690813e-09,1.0,0.031539885999791295,12.0,0.0001068911570913933,3.1731963783870614e-05,2.149590727640316e-09,2.149590727640316e-09,4.187522623481915e-09,2.0463437207570763e-06,1.08815533063031e-12,0.0009767441767213987,9.977712563903273e-06
uniform_1d,1,1000,90,BB,1.0,4.0,4.0,0.01,2.8502755711201644e-09,1.0,0.1901584160002585,66.0,9.80009873582681,1.0312940501639503,1.7265252754298217,1.7265252754298217,2.8532684238660027,0.053415994082914926,0.0007491883154515161,0.0002370755792286227,0.14309478179231724
uniform_1d,1,1000,93,Ordinary,inf,3.0,3.0,0.01,2.0280643830972167e-10,1.0,0.24952257899985852,38.0,0.0,0.0,0.0,0.0,0.0,0.0,0.0,0.0019148442098838028,0.0
uniform_1d,1,1000,93,RR-balanced,72.40712672397635,3.0,3.0,0.01,1.998344600906421e-09,1.0,0.07438733499998307,17.0,0.3801644478723827,0.11915899806112987,0.005288698194362951,0.005288698194362951,0.010520549046682582,0.0032435395861130758,2.6198895522316257e-06,0.0018854762769199888,0.007996197186795648
uniform_1d,1,1000,93,RR-tiny,1000000000.0,3.0,3.0,0.01,7.10321135244385e-10,1.0,0.03336669599980269,11.0,0.00010904060186833764,3.096317909353399e-05,3.833065420622006e-09,3.833065420622006e-09,6.494621612385274e-09,2.5484547499191103e-06,1.7956569966079253e-12,0.0019147608870849803,8.567647102670008e-06
uniform_1d,1,1000,93,BB,1.0,3.0,3.0,0.01,6.0487594932823185e-09,1.0,0.21711585700018077,36.0,9.163823181657007,1.0132719411191042,0.850088489953805,0.850088489953805,1.4417045624050584,0.03796978486119006,0.00042122503522837133,0.003085520321790454,0.12415599159281948
uniform_1d,1,1000,92,Ordinary,inf,4.0,4.0,0.01,3.321423447388838e-08,1.0,0.369802092999862,58.0,0.0,0.0,0.0,0.0,0.0,0.0,0.0,0.0032159922116779347,0.0
uniform_1d,1,1000,92,RR-balanced,72.40712672397635,4.0,4.0,0.01,7.758305997640491e-09,1.0,0.2824159030001283,49.0,0.4789883810562736,0.11719751768043828,0.04052990605782725,0.04052990605782725,0.07632151222124421,0.00873621841652578,1.961985210044028e-05,0.0035344997870773933,0.026288134100957053
uniform_1d,1,1000,92,RR-tiny,1000000000.0,4.0,4.0,0.01,9.838599934752779e-09,1.0,0.0345559489999232,13.0,0.00011959416733953177,3.283619904535147e-05,1.9972503650933504e-09,1.9972503650933504e-09,3.5808719409913394e-09,1.8923191963808165e-06,8.52066914483149e-13,0.0032160315119483286,1.0138340670344678e-05
uniform_1d,1,1000,92,BB,1.0,4.0,4.0,0.01,1.7662706852661358e-09,1.0,0.31168807299991386,50.0,4.425449909494862,0.9496147436820536,6.319229822366424,6.319229822366424,12.767204205178274,0.1129920537258186,0.0030894289349445137,0.007534588384662356,0.2953298521975197
uniform_1d,1,1000,94,Ordinary,inf,5.0,5.0,0.01,3.08457759334857e-08,1.0,0.2751231160000316,174.0,0.0,0.0,0.0,0.0,0.0,0.0,0.0,0.0009608967360873915,0.0
uniform_1d,1,1000,94,RR-balanced,72.40712672397635,5.0,5.0,0.01,9.408696044488352e-12,1.0,0.12787027700005638,68.0,0.38729700659506294,0.11859823137269199,0.059668552934454056,0.059668552934454056,0.11908179430457906,0.010912460506438458,2.8625851289623163e-05,0.0009149694133035708,0.061834387682578165
uniform_1d,1,1000,94,RR-tiny,1000000000.0,5.0,5.0,0.01,1.99337124584531e-08,1.0,0.03380366699980186,20.0,0.00011367247533189406,3.111289488245305e-05,4.61841409560293e-09,4.61841409560293e-09,8.798747407208368e-09,2.9662682628529013e-06,2.1205980448174535e-12,0.0009609513436639897,1.8139033114682742e-05
uniform_1d,1,1000,94,BB,1.0,5.0,5.0,0.01,9.597246330983467e-09,1.0,0.2372772509997958,152.0,7.307492331760097,1.014269119117413,2.49737193851297,2.49737193851297,5.095139090668517,0.07138024299950593,0.0012173794456465797,0.002639426324879145,0.28094152978567205
uniform_1d,1,1000,95,Ordinary,inf,4.0,4.0,0.01,1.2560816831097554e-09,1.0,0.4060224880001897,69.0,0.0,0.0,0.0,0.0,0.0,0.0,0.0,0.0021517436725095886,0.0
uniform_1d,1,1000,95,RR-balanced,72.40712672397635,4.0,4.0,0.01,1.4104054812946742e-08,1.0,0.2079815970000709,44.0,0.40434579053419406,0.11473759620213415,0.03418450949311591,0.03418450949311591,0.05900160636879788,0.007681250312859091,1.5799998261722e-05,0.0019419578051332485,0.04010048340347344
uniform_1d,1,1000,95,RR-tiny,1000000000.0,4.0,4.0,0.01,2.5781421442161445e-09,1.0,0.03962395399980778,24.0,9.596949482193473e-05,3.265538154075849e-05,1.356056600343436e-09,1.356056600343436e-09,1.8208023971119006e-09,1.3493711117079322e-06,4.518123706989186e-13,0.002151775690711319,1.9668519295121344e-05
uniform_1d,1,1000,95,BB,1.0,4.0,4.0,0.01,6.009326369849077e-11,1.0,0.25727902399989944,66.0,5.686120809555933,0.9991005531408105,2.9339572663116087,2.9339572663116087,5.754521796423447,0.07585856442369211,0.0014728028440831042,0.003143396930382402,0.23981096804129393
uniform_1d,1,1000,97,Ordinary,inf,4.0,4.0,0.01,2.69268918273724e-09,1.0,0.272965916999965,69.0,0.0,0.0,0.0,0.0,0.0,0.0,0.0,0.00032044717416664857,0.0
uniform_1d,1,1000,97,RR-balanced,72.40712672397635,4.0,4.0,0.01,2.835941925738439e-09,1.0,0.20157606700013275,66.0,0.42591095956871605,0.11392049662247723,0.04178400485193379,0.04178400485193379,0.07006319184520587,0.008370375848503211,1.7596170858103977e-05,0.0002717797270021054,0.1314130329335607
uniform_1d,1,1000,97,RR-tiny,1000000000.0,4.0,4.0,0.01,1.0540898820465827e-08,1.0,0.03653338699973574,13.0,0.00010318161445987961,3.209941565792891e-05,3.6559413274517283e-09,3.6559413274517283e-09,6.940872902033044e-09,2.634553643794911e-06,1.854397775873766e-12,0.00032047550790769265,1.97182012628727e-05
uniform_1d,1,1000,97,BB,1.0,3.0,3.0,0.01,3.914838009322352e-09,1.0,0.21914504499977738,34.0,5.2794419320723955,0.9761745235593404,6.754920206638644,6.754920206638644,13.890468272318811,0.11785783076367395,0.003260713431481589,0.004014450815947139,0.4255106638407436
uniform_1d,1,1000,96,Ordinary,inf,4.0,4.0,0.01,1.8556959302529208e-08,1.0,0.3521549160000177,91.0,0.0,0.0,0.0,0.0,0.0,0.0,0.0,0.0014990072970251062,0.0
uniform_1d,1,1000,96,RR-balanced,72.40712672397635,4.0,4.0,0.01,9.143592771820863e-09,1.0,0.2060420850000355,52.0,0.3558613323159262,0.11463822599609988,0.027889278323527833,0.027889278323527833,0.04587140854663359,0.0067728434609574135,1.2340677079854059e-05,0.0015908921740071895,0.03828292160488386
uniform_1d,1,1000,96,RR-tiny,1000000000.0,4.0,4.0,0.01,2.8698230458701346e-09,1.0,0.0399956639996617,25.0,0.000107077857704585,3.16567310450273e-05,3.2878233469091356e-09,3.2878233469091356e-09,5.272872601499736e-09,2.2962736338467453e-06,1.4386456212089028e-12,0.001498997593093456,1.604960238024817e-05
uniform_1d,1,1000,96,BB,1.0,4.0,4.0,0.01,1.6072797759392188e-08,1.0,0.3729959229999622,122.0,4.290786034161406,0.9561983967471783,1.9570126321991665,1.9570126321991665,3.8351952252114785,0.06192895304469048,0.0008569717594019544,0.0007969095125173052,0.33089139322158184
uniform_1d,1,1000,98,Ordinary,inf,4.0,4.0,0.01,6.583622536027178e-13,1.0,0.3697063470001467,93.0,0.0,0.0,0.0,0.0,0.0,0.0,0.0,0.0009308942638570998,0.0
uniform_1d,1,1000,98,RR-balanced,72.40712672397635,4.0,4.0,0.01,6.31038954423957e-09,1.0,0.41960593199996765,99.0,0.36639074017483164,0.11215954125410829,0.07016080211087683,0.07016080211087683,0.13167277315672998,0.011474875736003854,3.549440181461246e-05,0.0007712784627928263,0.017010517945083212
uniform_1d,1,1000,98,RR-tiny,1000000000.0,4.0,4.0,0.01,3.14251351607453e-08,1.0,0.03952186099991195,21.0,0.00010789537569655394,3.126661500726141e-05,1.8221726350020617e-09,1.8221726350020617e-09,3.4300266981325e-09,1.8520331255494595e-06,8.936524859478745e-13,0.0009309177787620418,1.3978306493861677e-05
uniform_1d,1,1000,98,BB,1.0,4.0,4.0,0.01,5.306737715926602e-09,1.0,0.23007858699997996,72.0,5.2683294360423405,0.9517292536166254,1.813928249042874,1.813928249042874,3.3746310363633443,0.0580915745729391,0.0009210835332533713,0.00130912114417142,0.13693853512890272
uniform_1d,1,1000,99,Ordinary,inf,4.0,4.0,0.01,8.231444414974476e-10,1.0,0.47436795199996595,44.0,0.0,0.0,0.0,0.0,0.0,0.0,0.0,0.00153173575391003,0.0
uniform_1d,1,1000,99,RR-balanced,72.40712672397635,4.0,4.0,0.01,7.516481215219528e-09,1.0,0.2217137489999459,104.0,0.5195773172157054,0.11780847608912313,0.01850739290966885,0.01850739290966885,0.03521849655873293,0.005934517382124087,9.053639134000574e-06,0.0015490565655549662,0.03005187815930204
uniform_1d,1,1000,99,RR-tiny,1000000000.0,4.0,4.0,0.01,6.564704335687566e-11,1.0,0.03369059499982541,9.0,0.00010052422871464906,3.1832257592990866e-05,0.0,-1.8376340449322015e-08,2.2162884076258486e-08,4.707747240056383e-06,7.221845613236434e-12,0.001531758536967246,2.4078072441898548e-05
uniform_1d,1,1000,99,BB,1.0,3.0,3.0,0.01,2.5111315249404242e-09,1.0,0.20704921199990167,51.0,6.08066152821673,0.9853992257136107,5.047409140492391,5.047409140492391,8.067621465761405,0.0898199391324744,0.0026111834850531326,0.004693895036671861,0.2797831710599267
uniform_1d,1,2000,1,Ordinary,inf,4.0,4.0,0.01,9.753027718772955e-09,1.0,0.8388186960000894,50.0,0.0,0.0,0.0,0.0,0.0,0.0,0.0,0.0007921410494558164,0.0
uniform_1d,1,2000,1,RR-balanced,86.2579949880003,4.0,4.0,0.01,9.133629408353272e-10,1.0,0.6629585889997998,59.0,0.5143113221873505,0.10920228618920741,0.039201868115014804,0.039201868115014804,0.06900737145402835,0.005873983803775269,8.792719385906339e-06,0.0008659757291144064,0.038764670560038926
uniform_1d,1,2000,1,RR-tiny,8000000000.0,4.0,4.0,0.01,3.7989523082870846e-08,1.0,0.10567650300004061,5.0,4.128963234240057e-05,1.1099480031709925e-05,2.7330315788276494e-10,2.7330315788276494e-10,5.152329544005903e-10,5.075593336746898e-07,6.374015491413318e-14,0.0007921413688552092,1.6807187290612963e-06
uniform_1d,1,2000,1,BB,1.0,5.0,5.0,0.01,3.24427151809914e-11,1.0,0.7960337150000214,68.0,6.853380180468789,0.9897137249003696,2.697219732450776,2.697219732450776,4.9173767713247925,0.04958516295891742,0.0006055846296689376,0.001335333440750381,0.3850088585038925
uniform_1d,1,2000,0,Ordinary,inf,4.0,4.0,0.01,2.2058594728591174e-08,1.0,1.0184623669999837,67.0,0.0,0.0,0.0,0.0,0.0,0.0,0.0,0.0007349730607373354,0.0
uniform_1d,1,2000,0,RR-balanced,86.2579949880003,4.0,4.0,0.01,6.8805128261573145e-09,1.0,0.4393790940000599,45.0,0.42563860620164595,0.11133210762416454,0.029649404400515778,0.029649404400515778,0.058821131691894055,0.005423150914915334,7.34684607074787e-06,0.0007581238398194336,0.014856791477193964
uniform_1d,1,2000,0,RR-tiny,8000000000.0,4.0,4.0,0.01,2.2021110712699965e-08,1.0,0.0787591620000967,3.0,3.531309943882732e-05,1.1167642163723884e-05,5.002220859751105e-11,5.002220859751105e-11,1.0909683355459686e-10,2.335560249218556e-07,1.3562624269892371e-14,0.0007349727071994687,4.7409339737729046e-07
uniform_1d,1,2000,0,BB,1.0,4.0,4.0,0.01,8.12018763340916e-09,1.0,1.0527825300000586,71.0,8.967620831875736,0.99522435235154,2.1648544131821836,2.1648544131821836,3.562814565390793,0.04220672082376688,0.00048015172058528047,0.0012944588536569497,0.4405107046546379
uniform_1d,1,2000,2,Ordinary,inf,6.0,8.0,0.01,4.682026366609193e-08,1.0,1.0603843320000124,482.0,0.0,0.0,0.0,0.0,0.0,0.0,0.0,0.0018883096002350309,0.0
uniform_1d,1,2000,2,RR-balanced,86.2579949880003,5.0,5.0,0.01,5.444410255961429e-09,1.0,0.5854685049998807,158.0,0.39900944596366483,0.1058104111237137,0.026600446826250845,0.026600446826250845,0.049330898283280245,0.004966432234677135,6.029649745668607e-06,0.0019528422635422531,0.18641862642050486
uniform_1d,1,2000,2,RR-tiny,8000000000.0,6.0,6.0,0.01,2.0905779329893903e-09,1.0,0.11774299099988639,6.0,4.446638265909186e-05,1.1109826570976718e-05,0.0,-8.594724931754172e-10,3.7598485525194375e-10,4.3358093549644437e-07,4.636260237090936e-14,0.0018883165674403943,9.19013560166152e-06
uniform_1d,1,2000,2,BB,1.0,7.0,7.0,0.01,1.7221142289969293e-09,1.0,0.8145768700001099,269.0,6.712291558653902,1.0219972536252158,2.9026617949957654,2.9026617949957654,6.091236638483116,0.055187120954454195,0.0006220854588781493,0.002017501481276246,0.4493697524674595
uniform_1d,1,2000,3,Ordinary,inf,4.0,4.0,0.01,8.67875771248805e-09,1.0,0.9448992769998767,84.0,0.0,0.0,0.0,0.0,0.0,0.0,0.0,0.000751179742791891,0.0
uniform_1d,1,2000,3,RR-balanced,86.2579949880003,4.0,4.0,0.01,8.952105057247195e-09,1.0,0.6786059430003206,58.0,0.44139533055858915,0.1100022775130211,0.028643021845255134,0.028643021845255134,0.05666294191814737,0.005322731531748871,7.1773991832701664e-06,0.0007672321019040607,0.009255109300836494
uniform_1d,1,2000,3,RR-tiny,8000000000.0,4.0,4.0,0.01,3.3186140502294847e-09,1.0,0.07194254199998795,11.0,4.235607503288996e-05,1.1306543104824944e-05,3.715285856742412e-10,3.715285856742412e-10,7.233876093818519e-10,6.014098475174196e-07,9.105623129946051e-14,0.000751189189299597,2.7778729706183617e-06
uniform_1d,1,2000,3,BB,1.0,5.0,5.0,0.01,8.937970452649324e-08,1.0,0.8224811929999305,154.0,7.150350971139277,0.9824920852437232,3.997342136581665,3.997342136581665,7.6384469751284545,0.061799866404096924,0.0009037390152977519,0.0014204941207217468,0.49400434491889944
uniform_1d,1,2000,4,Ordinary,inf,4.0,4.0,0.01,1.9005914619896203e-09,1.0,0.955884886999911,76.0,0.0,0.0,0.0,0.0,0.0,0.0,0.0,0.0017691436181589907,0.0
uniform_1d,1,2000,4,RR-balanced,86.2579949880003,4.0,4.0,0.01,3.981239160566474e-08,1.0,0.4840585799997825,43.0,0.429390589311603,0.1088544218593099,0.015515021657392936,0.015515021657392936,0.021956419129172726,0.0033133381301319615,2.7518766204449436e-06,0.0017514111493240863,0.05785504536604082
uniform_1d,1,2000,4,RR-tiny,8000000000.0,4.0,4.0,0.01,1.6192337692899628e-08,1.0,0.07077675599998656,5.0,4.278644009025889e-05,1.120630771262235e-05,5.684341886080801e-10,5.684341886080801e-10,1.109124559827242e-09,7.446893848535918e-07,1.415404681079915e-13,0.0017691358726844974,1.7730679626889828e-06
uniform_1d,1,2000,4,BB,1.0,4.0,4.0,0.01,9.331273975732302e-09,1.0,0.668543389999968,42.0,6.441213154258815,1.0048233953753032,2.226381934395249,2.226381934395249,3.9655346147847257,0.044528275369616135,0.0005436137902731307,0.0032811068223712386,0.1422478308424193
uniform_1d,1,2000,6,Ordinary,inf,4.0,4.0,0.01,3.1670492894875224e-09,1.0,0.705176136000091,67.0,0.0,0.0,0.0,0.0,0.0,0.0,0.0,0.0004983256073729548,0.0
uniform_1d,1,2000,6,RR-balanced,86.2579949880003,4.0,4.0,0.01,4.9420860737114936e-09,1.0,0.4016843419997258,44.0,0.3751936607790263,0.10532215641705672,0.018727940196185955,0.018727940196185955,0.03697670952894867,0.0042998086892877384,4.7100567603344085e-06,0.0004295721967368999,0.011021880086500884
uniform_1d,1,2000,6,RR-tiny,8000000000.0,4.0,4.0,0.01,5.097178235047295e-10,1.0,0.07874812499971995,6.0,4.1946584226959516e-05,1.1464022360783605e-05,3.0377123039215803e-10,3.0377123039215803e-10,6.017630902462525e-10,5.485267041112276e-07,7.61450465883046e-14,0.0004983275308853319,1.3410801971254966e-06
uniform_1d,1,2000,6,BB,1.0,4.0,4.0,0.01,1.0245515547069317e-09,1.0,0.6100676089999979,62.0,5.490335608790594,0.9893064111748369,0.9026983868616298,0.9026983868616298,1.6338314081171466,0.028581737247035444,0.0002316355723724885,0.0002801988758603806,0.13395210616270953
uniform_1d,1,2000,5,Ordinary,inf,5.0,5.0,0.01,5.073983011527616e-09,1.0,1.0987606209996557,384.0,0.0,0.0,0.0,0.0,0.0,0.0,0.0,0.00030604432352303724,0.0
uniform_1d,1,2000,5,RR-balanced,86.2579949880003,5.0,5.0,0.01,3.6039278228372496e-09,1.0,0.7700128140002107,222.0,0.43619246800438605,0.10423523399005648,0.02129669358691899,0.02129669358691899,0.039643544314907575,0.0044521648843516325,5.241782840776518e-06,0.000350373123082871,0.07274014744586507
uniform_1d,1,2000,5,RR-tiny,8000000000.0,5.0,5.0,0.01,2.1663109084357757e-09,1.0,0.07680726200010213,11.0,4.050837285141107e-05,1.1111931600058468e-05,7.439666660502553e-10,7.439666660502553e-10,1.6852938705245716e-09,9.179580247823349e-07,2.1014058952023253e-13,0.00030605442129159335,9.057574818876667e-06
uniform_1d,1,2000,5,BB,1.0,4.0,4.0,0.01,1.3195780024233272e-08,1.0,0.7344780660000652,98.0,5.915525478897831,0.9712484729673351,1.1511867005397107,1.1511867005397107,2.2887985671945046,0.033828971069148,0.0002900481456105991,0.00031660725381261014,0.14894199851351445
uniform_1d,1,2000,7,Ordinary,inf,5.0,6.0,0.01,1.589786258193726e-08,1.0,1.2841595080001298,304.0,0.0,0.0,0.0,0.0,0.0,0.0,0.0,0.0010092819052831136,0.0
uniform_1d,1,2000,7,RR-balanced,86.2579949880003,5.0,5.0,0.01,6.59309540296249e-09,1.0,0.6634442020001643,133.0,0.37742030036308183,0.10713242767395785,0.027522781137577113,0.027522781137577113,0.0510604431304036,0.005052743963946897,6.3920568299537084e-06,0.001031948679364356,0.05533204540824353
uniform_1d,1,2000,7,RR-tiny,8000000000.0,5.0,5.0,0.01,3.2591675580562196e-08,1.0,0.07569169099997453,4.0,3.601558822374784e-05,1.0901903360407741e-05,3.1377567211166024e-11,3.1377567211166024e-11,6.240047279371721e-10,5.585717178380822e-07,7.855283603104825e-14,0.0010092866154611034,6.5934805087345365e-06
uniform_1d,1,2000,7,BB,1.0,5.0,5.0,0.01,1.64004303471188e-08,1.0,0.8776368179999281,79.0,7.869264134839639,1.0153519261859263,2.504364902931684,2.504364902931684,4.730235012470669,0.048632473782806225,0.0006360867667566039,0.0020842739101150187,0.18057463862888662
uniform_1d,1,2000,9,Ordinary,inf,4.0,4.0,0.01,2.5638371425884543e-09,1.0,0.6398669830002746,79.0,0.0,0.0,0.0,0.0,0.0,0.0,0.0,0.00011354183522324486,0.0
uniform_1d,1,2000,9,RR-balanced,86.2579949880003,4.0,4.0,0.01,1.1214248196722565e-08,1.0,0.4223659429999316,99.0,0.4101128093474995,0.11004005545290993,0.024454030393371795,0.024454030393371795,0.04640420994352462,0.004816856337048294,5.902330781727971e-06,0.00014980840035584128,0.034895660471129485
uniform_1d,1,2000,9,RR-tiny,8000000000.0,4.0,4.0,0.01,2.304396673480369e-10,1.0,0.07046584700015046,8.0,4.140101949223762e-05,1.105539266850598e-05,2.305569068994373e-10,2.305569068994373e-10,4.3892191000794114e-10,4.684665996674369e-07,5.72712550795386e-14,0.00011354545146825582,2.51273896162283e-06
uniform_1d,1,2000,9,BB,1.0,4.0,4.0,0.01,1.9941399642675606e-09,1.0,0.7196928910002498,51.0,7.725550772659252,1.0133117672400151,2.064813257588412,2.064813257588412,3.592292232695729,0.042380964079971856,0.00046445699738320996,0.0004853254698940088,0.36823329297690427
uniform_1d,1,2000,8,Ordinary,inf,5.0,5.0,0.01,2.0725526406195627e-08,1.0,0.8401939889999994,136.0,0.0,0.0,0.0,0.0,0.0,0.0,0.0,0.0009331175399115452,0.0
uniform_1d,1,2000,8,RR-balanced,86.2579949880003,5.0,5.0,0.01,2.0929018518245357e-09,1.0,0.5661750939998456,167.0,0.4096813512798414,0.10802160757331895,0.037859501230741444,0.037859501230741444,0.07190080145078384,0.005995865302472357,9.092284343297731e-06,0.0009255556208671284,0.039087817989965155
uniform_1d,1,2000,8,RR-tiny,8000000000.0,5.0,5.0,0.01,1.7540102703605953e-09,1.0,0.07779779399993458,12.0,3.5692712781476565e-05,1.128300589977641e-05,7.676135282963514e-10,7.676135282963514e-10,1.6178002450598921e-09,8.993887493903546e-07,2.0259747064283407e-13,0.000933130463804623,4.717741857177691e-06
uniform_1d,1,2000,8,BB,1.0,5.0,6.0,0.01,5.035829531152558e-09,1.0,0.8454082600001129,461.0,8.257242595061175,0.9868365217671571,4.151144722526169,4.151144722526169,8.313931749126269,0.06447453663705645,0.001041405521387622,0.0012939210826454764,0.2671888036335642
uniform_1d,1,2000,10,Ordinary,inf,4.0,4.0,0.01,5.4386017911411955e-09,1.0,0.7116430549997403,204.0,0.0,0.0,0.0,0.0,0.0,0.0,0.0,0.00039398292021006426,0.0
uniform_1d,1,2000,10,RR-balanced,86.2579949880003,4.0,4.0,0.01,9.899834063631374e-09,1.0,0.6017439499999,116.0,0.3706903803767354,0.1058401785161519,0.05496031341954222,0.05496031341954222,0.09990783453321987,0.007067808519379252,1.3562365733537173e-05,0.00041536339688715473,0.09333588106997238
uniform_1d,1,2000,10,RR-tiny,8000000000.0,4.0,4.0,0.01,4.402373798839676e-09,1.0,0.08383513000012499,15.0,4.0200381076771485e-05,1.1392499855631054e-05,9.672476153355092e-10,9.672476153355092e-10,1.6176980324982513e-09,8.993603372670632e-07,2.1384975938428786e-13,0.0003939880051528422,1.076237234509065e-05
uniform_1d,1,2000,10,BB,1.0,4.0,4.0,0.01,1.2639816748816202e-08,1.0,0.5700598569997055,55.0,7.395375667314822,1.02104980012517,2.864891739792256,2.864891739792256,5.8620723013140275,0.054139044604213454,0.0007020634415363519,0.0009427925784835475,0.21428537628274988
uniform_1d,1,2000,12,Ordinary,inf,4.0,4.0,0.01,4.565033684400532e-09,1.0,0.7047000410000237,97.0,0.0,0.0,0.0,0.0,0.0,0.0,0.0,0.0006008189857425549,0.0
uniform_1d,1,2000,12,RR-balanced,86.2579949880003,4.0,4.0,0.01,8.405045104353803e-09,1.0,0.5001684950000254,113.0,0.42029250189736955,0.10448910688267006,0.046621887669061834,0.046621887669061834,0.09233837786519788,0.006794791308980647,1.1454685385723767e-05,0.0006724930702331868,0.03804771488521138
uniform_1d,1,2000,12,RR-tiny,8000000000.0,4.0,4.0,0.01,8.386624728018433e-13,1.0,0.07398480999995627,5.0,3.7953354978581544e-05,1.0946734047911139e-05,2.5420376914553344e-10,2.5420376914553344e-10,5.021675781833748e-10,5.010826170320493e-07,6.273461812359785e-14,0.0006008219495643892,1.2883958033354777e-06
uniform_1d,1,2000,12,BB,1.0,4.0,4.0,0.01,8.163936193739119e-11,1.0,0.6157681670001693,85.0,5.782458883976056,0.9847771641578936,3.7330241941144777,3.7330241941144777,7.095989096634774,0.05956504468492731,0.0009257272510194284,0.0021695907341093205,0.38488847034014717
uniform_1d,1,2000,13,Ordinary,inf,4.0,4.0,0.01,9.983879056818523e-09,1.0,0.7342626130000554,62.0,0.0,0.0,0.0,0.0,0.0,0.0,0.0,0.00038540179507012346,0.0
uniform_1d,1,2000,13,RR-balanced,86.2579949880003,4.0,4.0,0.01,1.6616074738351472e-08,1.0,0.3479612609999094,48.0,0.3882997455624688,0.10683037767920113,0.0044882672336825635,0.0044882672336825635,0.007833963200173072,0.0019791365794422917,9.400154834192729e-07,0.0003921678307997596,0.01610944909529718
uniform_1d,1,2000,13,RR-tiny,8000000000.0,4.0,4.0,0.01,1.4831951444804758e-08,1.0,0.07208840299995245,6.0,3.761103645261166e-05,1.1414000125922501e-05,7.73070496506989e-11,7.73070496506989e-11,1.4040605078473985e-10,2.6495853523215653e-07,1.8496613413330595e-14,0.0003853999768096347,8.550255084227322e-07
uniform_1d,1,2000,13,BB,1.0,4.0,4.0,0.01,5.14430165132751e-09,1.0,0.6698126559999764,66.0,5.39315511290675,1.0027273699251285,1.5640200924294732,1.5640200924294732,2.868872013056036,0.03787394891647843,0.00037074270301663115,0.00016971452062399444,0.18634029639697205
uniform_1d,1,2000,11,Ordinary,inf,5.0,5.0,0.01,7.882926311708616e-09,1.0,1.1698388360000536,133.0,0.0,0.0,0.0,0.0,0.0,0.0,0.0,0.0010333243008399278,0.0
uniform_1d,1,2000,11,RR-balanced,86.2579949880003,5.0,5.0,0.01,5.0412041208147684e-09,1.0,0.6048696689999815,74.0,0.3560476297516235,0.10881971628387906,0.020811509726172517,0.020811509726172517,0.038288441912348696,0.004375410947119636,4.834320964663148e-06,0.0011115901480754325,0.038892277801308564
uniform_1d,1,2000,11,RR-tiny,8000000000.0,5.0,5.0,0.01,9.010390877861596e-09,1.0,0.10154980699985572,11.0,4.655666591779628e-05,1.1403512109365812e-05,5.588844942394644e-10,5.588844942394644e-10,1.0626529354909187e-09,7.28921441408784e-07,1.2675565672909683e-13,0.0010333240012091799,5.569605611049207e-06
uniform_1d,1,2000,11,BB,1.0,4.0,4.0,0.01,2.003263999128535e-08,1.0,0.8324021099997481,56.0,5.771004246955037,1.0048325546302093,3.6791468494388937,3.6791468494388937,7.228112366008584,0.060117020742916825,0.000849897960573608,0.0009383718965307559,0.32804652440198784
uniform_1d,1,2000,14,Ordinary,inf,4.0,4.0,0.01,2.0887906959643487e-08,1.0,0.8082513580002342,91.0,0.0,0.0,0.0,0.0,0.0,0.0,0.0,0.0006665015958101613,0.0
uniform_1d,1,2000,14,RR-balanced,86.2579949880003,4.0,4.0,0.01,2.992296188608634e-09,1.0,0.5884943879998445,73.0,0.3708811135414718,0.10603559191422314,0.05089833720739989,0.05089833720739989,0.08917436936294085,0.006677363602610721,1.2039921284285106e-05,0.0007905310009709495,0.10334685579123895
uniform_1d,1,2000,14,RR-tiny,8000000000.0,4.0,4.0,0.01,7.433482274166181e-09,1.0,0.07957732499994563,5.0,4.051338233257429e-05,1.1555404292103097e-05,3.5288394428789616e-10,3.5288394428789616e-10,7.606818987230209e-10,6.167178847427002e-07,9.628635993598431e-14,0.0006664989010370343,1.5269512216090575e-06
uniform_1d,1,2000,14,BB,1.0,3.0,3.0,0.01,6.497202775790356e-10,1.0,0.5107486030001382,49.0,8.252265653216039,1.0436879971617543,1.5993516975727289,1.5993516975727289,3.013324957668895,0.03881575039638481,0.00039904654805510945,0.0006321659827837221,0.30717453953716783
uniform_1d,1,2000,15,Ordinary,inf,4.0,4.0,0.01,7.100338317300725e-09,1.0,0.7957226730000002,121.0,0.0,0.0,0.0,0.0,0.0,0.0,0.0,0.000950723963626239,0.0
uniform_1d,1,2000,15,RR-balanced,86.2579949880003,4.0,4.0,0.01,4.508368345312874e-09,1.0,0.571655028999885,74.0,0.3961140355877337,0.10367847709283969,0.06661676926205473,0.06661676926205473,0.1279164953814102,0.00799739005493074,1.6502928461015416e-05,0.0008230794865634677,0.059046726818795775
uniform_1d,1,2000,15,RR-tiny,8000000000.0,4.0,4.0,0.01,1.4152763405661517e-09,1.0,0.08495024900025783,2.0,4.153163660181036e-05,1.1456801298735291e-05,1.3778844731859863e-10,1.3778844731859863e-10,2.678427270212356e-10,3.6595267933247567e-07,3.3361033547843785e-14,0.0009507325216265211,7.368709636622162e-07
uniform_1d,1,2000,15,BB,1.0,4.0,5.0,0.01,3.4106975022041297e-09,1.0,0.6114810039996428,115.0,5.777054121431495,0.9769606053651215,2.4785600042291662,2.4785600042291662,4.565787019360753,0.047779634884335155,0.0006099780309625847,0.0009396510170179143,0.5220355423802329
uniform_1d,1,2000,17,Ordinary,inf,5.0,5.0,0.01,1.3452744251907234e-08,1.0,0.7901668320002955,186.0,0.0,0.0,0.0,0.0,0.0,0.0,0.0,0.0007462731427955378,0.0
uniform_1d,1,2000,17,RR-balanced,86.2579949880003,5.0,5.0,0.01,1.418260842100949e-08,1.0,0.4234487749999971,99.0,0.41556106698475914,0.1058247517449951,0.019256060239513317,0.019256060239513317,0.03773275996573659,0.004343544633461051,4.835414407981909e-06,0.0006868610735823075,0.02198245428049285
uniform_1d,1,2000,17,RR-tiny,8000000000.0,5.0,5.0,0.01,3.0358160429955205e-10,1.0,0.09457443799988141,5.0,3.814505303045834e-05,1.1135253578923756e-05,3.597051545511931e-10,3.597051545511931e-10,7.099063543365493e-10,5.957794702474017e-07,8.968791475289597e-14,0.0007462739585224636,1.5606615289981567e-06
uniform_1d,1,2000,17,BB,1.0,4.0,4.0,0.01,1.8345298613553496e-08,1.0,0.6710286080001424,76.0,6.514133146657574,0.9845952812924578,4.00620757607976,4.00620757607976,7.595649272841362,0.061626492975186256,0.000980287555602354,0.0020986602596850556,0.44666479141041604
uniform_1d,1,2000,16,Ordinary,inf,4.0,4.0,0.01,4.2217251916554233e-10,1.0,0.808969167999976,91.0,0.0,0.0,0.0,0.0,0.0,0.0,0.0,0.0006559827420697588,0.0
uniform_1d,1,2000,16,RR-balanced,86.2579949880003,4.0,4.0,0.01,9.19947806821142e-09,1.0,0.49533680500007904,71.0,0.4310227744864086,0.1096828950619218,0.016837007756294042,0.016837007756294042,0.03143025322525406,0.003964230897996108,4.072247790788958e-06,0.000661499490288381,0.02533678784405734
uniform_1d,1,2000,16,RR-tiny,8000000000.0,4.0,4.0,0.01,1.2445520614079442e-08,1.0,0.07506308300003184,13.0,3.775260597138619e-05,1.1338384880175172e-05,3.319655661471188e-10,3.319655661471188e-10,5.715077647133745e-10,5.345595218090191e-07,7.305911199600738e-14,0.0006559928329061468,5.499612413401282e-06
uniform_1d,1,2000,16,BB,1.0,5.0,6.0,0.01,4.924980423481884e-09,1.0,0.8703121490002559,327.0,6.849977959596867,1.0063097852100134,4.4077659338977355,4.4077659338977355,8.421371099123492,0.06488979541932419,0.0010245521631998737,0.000682536626376717,0.44353405182950706
uniform_1d,1,2000,18,Ordinary,inf,5.0,5.0,0.01,5.008580661325368e-09,1.0,0.9597005180000906,182.0,0.0,0.0,0.0,0.0,0.0,0.0,0.0,0.00045638493963989204,0.0
uniform_1d,1,2000,18,RR-balanced,86.2579949880003,5.0,5.0,0.01,6.5330958420872776e-09,1.0,0.7206403440000031,108.0,0.3778001585338857,0.1095634658587119,0.028701687284410582,0.028701687284410582,0.05400807158766084,0.00519654075263828,6.839790922891974e-06,0.0005087126923695132,0.09346646106152347
uniform_1d,1,2000,18,RR-tiny,8000000000.0,5.0,5.0,0.01,3.313453511566422e-09,1.0,0.07287903500014181,2.0,4.0547370663279736e-05,1.1141789771314724e-05,4.4292391976341605e-10,4.4292391976341605e-10,8.908259370732082e-10,6.673926644312208e-07,1.1048635546484213e-13,0.0004563791107932627,1.4655627652335923e-06
uniform_1d,1,2000,18,BB,1.0,4.0,4.0,0.01,3.7647289730102784e-09,1.0,0.5270683089997874,76.0,6.103966270294277,0.9501968073127045,1.6360290688835448,1.6360290688835448,3.1077941516381014,0.03941950121220524,0.0004043104407360703,0.0009466035899256647,0.3719126025953158
uniform_1d,1,2000,19,Ordinary,inf,4.0,4.0,0.01,9.396686162510548e-08,1.0,0.7211438080000789,83.0,0.0,0.0,0.0,0.0,0.0,0.0,0.0,0.00044530254320124273,0.0
uniform_1d,1,2000,19,RR-balanced,86.2579949880003,4.0,4.0,0.01,9.874479234284195e-09,1.0,0.5027017900001738,155.0,0.44162650936965253,0.10372155431709966,0.03149513681682947,0.03149513681682947,0.05898854954754068,0.005430863170230892,7.758899832047056e-06,0.0004939742561166951,0.03393924658273077
uniform_1d,1,2000,19,RR-tiny,8000000000.0,4.0,4.0,0.01,4.791465002540463e-10,1.0,0.07577796100008527,5.0,4.7086096237380914e-05,1.1428791819938625e-05,3.269633452873677e-10,3.269633452873677e-10,7.122356808342857e-10,5.967560979304215e-07,8.997810892749184e-14,0.0004453033585519288,1.6022949103550667e-06
uniform_1d,1,2000,19,BB,1.0,4.0,4.0,0.01,1.9155397268377783e-09,1.0,0.6021055889998479,40.0,7.736996209779781,1.0288398928769513,3.34496828138208,3.34496828138208,5.342366004071168,0.05168348867903156,0.0008233682922484413,0.0008571932521469346,0.091044709134574
uniform_1d,1,2000,21,Ordinary,inf,5.0,5.0,0.01,1.297347118622838e-08,1.0,0.764602239999931,91.0,0.0,0.0,0.0,0.0,0.0,0.0,0.0,0.000663374432065748,0.0
uniform_1d,1,2000,21,RR-balanced,86.2579949880003,5.0,5.0,0.01,6.159792453885871e-09,1.0,0.4850126520000231,69.0,0.37109022396552516,0.10726910553683001,0.06320259478115986,0.06320259478115986,0.12170519339981006,0.007800807438970983,1.587084708592566e-05,0.0006596201918174654,0.0333744433649313
uniform_1d,1,2000,21,RR-tiny,8000000000.0,5.0,5.0,0.01,8.046934674155182e-09,1.0,0.15044331599983707,10.0,4.177495140800236e-05,1.1336374513733795e-05,4.761204763781279e-10,4.761204763781279e-10,8.758066236879091e-10,6.617426326329252e-07,1.1182263680100617e-13,0.0006633719947902653,2.135009136118186e-06
uniform_1d,1,2000,21,BB,1.0,5.0,5.0,0.01,1.5525229768442728e-08,1.0,0.8063940819999971,76.0,6.2184084993526945,1.0212127894520835,2.753574867228963,2.753574867228963,4.839682198246527,0.049191880418655104,0.0006698917234013855,0.0015814423542321002,0.35993572092468773
uniform_1d,1,2000,20,Ordinary,inf,5.0,5.0,0.01,4.598296854396722e-09,1.0,0.9882361980000951,212.0,0.0,0.0,0.0,0.0,0.0,0.0,0.0,0.0002243566772777784,0.0
uniform_1d,1,2000,20,RR-balanced,86.2579949880003,5.0,5.0,0.01,4.360485306165174e-10,1.0,0.6347259990000111,103.0,0.39284576242194014,0.11091483229726243,0.02162526776191953,0.02162526776191953,0.03774764569013938,0.004344401321824411,4.808078703929197e-06,0.00021089688104385543,0.059815302793986544
uniform_1d,1,2000,20,RR-tiny,8000000000.0,5.0,5.0,0.01,1.1187939463752627e-11,1.0,0.07171407999999246,5.0,4.027388126837117e-05,1.091515505519501e-05,2.9604052542708814e-10,2.9604052542708814e-10,5.831725187855438e-10,5.399872770656471e-07,7.443561495186345e-14,0.00022435656954640818,1.47888594145946e-06
uniform_1d,1,2000,20,BB,1.0,5.0,5.0,0.01,3.8594150097992497e-10,1.0,0.8233908480001446,108.0,8.536174843049283,1.0382531672137656,2.040058786396912,2.040058786396912,4.047769684784302,0.04498760765357668,0.000507400157009733,0.0009091926562975724,0.33864151385821534
uniform_1d,1,2000,22,Ordinary,inf,5.0,5.0,0.01,9.636487163788843e-10,1.0,0.9758807349999188,106.0,0.0,0.0,0.0,0.0,0.0,0.0,0.0,0.0009109213240710763,0.0
uniform_1d,1,2000,22,RR-balanced,86.2579949880003,5.0,5.0,0.01,5.11381659240584e-08,1.0,0.3933057290000761,126.0,0.3334234283056927,0.10626273696968944,0.06009935420115653,0.06009935420115653,0.11672569638746597,0.007639558115083161,1.530595597360551e-05,0.0009594792220235209,0.01895726730525263
uniform_1d,1,2000,22,RR-tiny,8000000000.0,5.0,5.0,0.01,3.681055460447169e-11,1.0,0.07588322999981756,19.0,3.91274883866366e-05,1.1099333107154136e-05,0.0,-1.919352143886499e-08,2.2426911984493743e-08,3.3486498760316626e-06,3.306564148019247e-12,0.0009109489569501862,3.290435810812396e-05
uniform_1d,1,2000,22,BB,1.0,5.0,5.0,0.01,1.1065154126299603e-08,1.0,0.6518740819999493,84.0,7.507124572282454,1.0360419150975657,1.3108962291025819,1.3108962291025819,2.7055473183931866,0.03678007149526212,0.00030911497020409684,0.0010860823312512828,0.07632768012219722
uniform_1d,1,2000,24,Ordinary,inf,4.0,4.0,0.01,7.2175987408940045e-09,1.0,0.7085241980000774,46.0,0.0,0.0,0.0,0.0,0.0,0.0,0.0,0.0002137487331350418,0.0
uniform_1d,1,2000,24,RR-balanced,86.2579949880003,4.0,4.0,0.01,7.632265486279266e-09,1.0,0.5313586310001028,40.0,0.4848954670839869,0.10831464466552905,0.011618135612934566,0.011618135612934566,0.02218854097398204,0.003330806281816915,2.8896889795998115e-06,0.0001903567205402751,0.014309884807812798
uniform_1d,1,2000,24,RR-tiny,8000000000.0,4.0,4.0,0.01,1.1644946784628019e-08,1.0,0.07405358400001205,4.0,3.8713428373693404e-05,1.146009969728132e-05,1.914486347232014e-10,1.914486347232014e-10,3.8210773537762897e-10,4.37097091832941e-07,4.746710785931482e-14,0.00021374840723259534,1.1829642980618931e-06
uniform_1d,1,2000,24,BB,1.0,5.0,5.0,0.01,9.217256957683162e-09,1.0,0.7213865409999016,255.0,7.774428216761825,0.9724095623447513,2.6441772115126696,2.6441772115126696,4.10244118552097,0.04529040287699465,0.0005359658448158078,0.0006554705934207186,0.4179841753342033
uniform_1d,1,2000,23,Ordinary,inf,5.0,6.0,0.01,1.685924511107828e-09,1.0,1.0483388390000528,162.0,0.0,0.0,0.0,0.0,0.0,0.0,0.0,0.0010808168584087684,0.0
uniform_1d,1,2000,23,RR-balanced,86.2579949880003,5.0,5.0,0.01,1.2911685276506546e-08,1.0,0.7884334739999304,103.0,0.4262896907411666,0.10578960458268867,0.038279345875707804,0.038279345875707804,0.07288329298153753,0.006036691684256267,9.42572224640201e-06,0.0011573064840770093,0.05236857921776552
uniform_1d,1,2000,23,RR-tiny,8000000000.0,5.0,5.0,0.01,2.3331003795590277e-09,1.0,0.07902294099994833,20.0,4.0263209482693796e-05,1.117445106590818e-05,0.0,-2.8730937629006803e-09,1.3283501841302167e-09,8.149693810598704e-07,2.484936269480183e-13,0.0010808176767826971,2.5180235264380723e-05
uniform_1d,1,2000,23,BB,1.0,4.0,4.0,0.01,3.2270264238576374e-09,1.0,0.870737556999984,65.0,7.282869725316658,0.9722331578919361,1.6027609479497187,1.6027609479497187,3.2421450751833194,0.04026254509580411,0.0003954344739499416,0.0010579237797368813,0.1898466354900319
uniform_1d,1,2000,26,Ordinary,inf,5.0,6.0,0.01,7.528526912992106e-09,1.0,0.7043440200002351,113.0,0.0,0.0,0.0,0.0,0.0,0.0,0.0,0.0005423553064250057,0.0
uniform_1d,1,2000,26,RR-balanced,86.2579949880003,5.0,5.0,0.01,1.1690164392064162e-08,1.0,0.7098027290001028,358.0,0.41276707940113777,0.10982310549453887,0.07943814363397905,0.07943814363397905,0.15458253984125334,0.008791545365897093,1.9839962885839137e-05,0.0004720235135176764,0.17445385317750436
uniform_1d,1,2000,26,RR-tiny,8000000000.0,5.0,5.0,0.01,7.740030838476741e-12,1.0,0.08344993100013198,6.0,4.2337809933346016e-05,1.0949354097000165e-05,3.456079866737127e-11,3.456079866737127e-11,5.613219945734525e-10,5.29774477760798e-07,7.090552877212786e-14,0.0005423565201609774,2.3164843240250904e-05
uniform_1d,1,2000,26,BB,1.0,4.0,4.0,0.01,4.973394140961318e-09,1.0,0.5577601759998743,56.0,7.924188464586848,0.9858132235351202,3.3091518988467215,3.3091518988467215,6.779984411695242,0.05822363957919172,0.0008180688137301266,0.0016148763649694116,0.2592792984818978
uniform_1d,1,2000,25,Ordinary,inf,5.0,5.0,0.01,1.7536785357208373e-08,1.0,0.948715084000014,100.0,0.0,0.0,0.0,0.0,0.0,0.0,0.0,0.0019082929600449355,0.0
uniform_1d,1,2000,25,RR-balanced,86.2579949880003,5.0,5.0,0.01,1.0835734753911197e-08,1.0,0.801546670000107,104.0,0.41154078423835494,0.108338043454949,0.036650238431775506,0.036650238431775506,0.06930387912572603,0.005886589807593444,9.119493712545027e-06,0.0020107082760874103,0.016822859517594876
uniform_1d,1,2000,25,RR-tiny,8000000000.0,5.0,5.0,0.01,7.84435183476262e-10,1.0,0.0734062389999508,13.0,4.150932408308883e-05,1.1515264150104456e-05,3.724380803760141e-10,3.724380803760141e-10,7.265287718707344e-10,6.027141826233784e-07,9.75204303099167e-14,0.001908295095507641,8.886157180560493e-06
uniform_1d,1,2000,25,BB,1.0,5.0,5.0,0.01,1.0555556428926138e-11,1.0,0.7455699479999112,106.0,6.421879290083793,1.0047883100039603,2.892244838752049,2.892244838752049,5.533585369980556,0.05260031069290635,0.0007368232912653544,0.0025707517301783614,0.17679427254251398
uniform_1d,1,2000,28,Ordinary,inf,3.0,3.0,0.01,3.9749181723891525e-10,1.0,0.7242283360001238,42.0,0.0,0.0,0.0,0.0,0.0,0.0,0.0,0.0007045769337515425,0.0
uniform_1d,1,2000,28,RR-balanced,86.2579949880003,3.0,3.0,0.01,1.5993049107265733e-09,1.0,0.4770274990000871,36.0,0.34666889975705284,0.1071046056729539,0.024132222807565995,0.024132222807565995,0.04615571271859071,0.004803941752279617,6.0516516878927005e-06,0.0007205316278976802,0.013885815697524288
uniform_1d,1,2000,28,RR-tiny,8000000000.0,3.0,3.0,0.01,7.1522787692401835e-12,1.0,0.07450615699985974,6.0,4.0332707538226487e-05,1.1240667571317804e-05,2.128217602148652e-10,2.128217602148652e-10,4.153833369243899e-10,4.557320138658189e-07,5.289011429460035e-14,0.000704569178940441,1.0529373339477182e-06
uniform_1d,1,2000,28,BB,1.0,4.0,4.0,0.01,3.074724475027324e-09,1.0,0.5419371289999617,50.0,7.360088358899912,1.033834611964264,0.9277769650666414,0.9277769650666414,1.4517439895388253,0.02694201170605886,0.0001953173009987987,0.00040151610245479626,0.08134808287188731
uniform_1d,1,2000,27,Ordinary,inf,4.0,4.0,0.01,5.371770139817045e-09,1.0,0.669295818999899,85.0,0.0,0.0,0.0,0.0,0.0,0.0,0.0,0.000253570607024674,0.0
uniform_1d,1,2000,27,RR-balanced,86.2579949880003,4.0,4.0,0.01,4.410903198248661e-09,1.0,0.5992964820002271,91.0,0.4095220694639068,0.1085484727072165,0.0469577277613098,0.0469577277613098,0.08953927145821142,0.006691011562469886,1.1320129485024018e-05,0.00025420355199729845,0.05919410872617777
uniform_1d,1,2000,27,RR-tiny,8000000000.0,4.0,4.0,0.01,3.8412535374732215e-09,1.0,0.07744513500006178,7.0,4.122708342646497e-05,1.1119779892447605e-05,4.6338755055330694e-10,4.6338755055330694e-10,9.482767440290242e-10,6.885770632358531e-07,1.1969730164705265e-13,0.00025356913568211445,2.995656356276732e-06
uniform_1d,1,2000,27,BB,1.0,4.0,4.0,0.01,9.775394715916264e-09,1.0,0.7318674949999604,53.0,6.738630510669466,0.9781982257403806,1.5987486938561233,1.5987486938561233,2.5198033550747416,0.035495093710784464,0.00036422477427753403,0.00042995790813484664,0.3304220319860241
uniform_1d,1,2000,29,Ordinary,inf,4.0,4.0,0.01,2.0976683945406194e-08,1.0,0.8747860470000433,70.0,0.0,0.0,0.0,0.0,0.0,0.0,0.0,0.0005537293658184668,0.0
uniform_1d,1,2000,29,RR-balanced,86.2579949880003,4.0,4.0,0.01,4.047023383080273e-09,1.0,0.43004959600011716,61.0,0.4667654005456654,0.10884710605676123,0.025024463117460982,0.025024463117460982,0.04817049454071774,0.004907672286365388,6.077897313051174e-06,0.0005530129705277964,0.017649622238856758
uniform_1d,1,2000,29,RR-tiny,8000000000.0,4.0,4.0,0.01,3.402969683818924e-09,1.0,0.10139963199981139,12.0,3.81571286142135e-05,1.1319705622864404e-05,3.1650415621697903e-10,3.1650415621697903e-10,5.199844304594893e-10,5.098943177068603e-07,7.349737378342216e-14,0.0005537312931021094,5.952030633789481e-06
uniform_1d,1,2000,29,BB,1.0,4.0,4.0,0.01,2.34774044649555e-09,1.0,0.7041662629999337,92.0,7.42638247935075,0.9862871021947283,0.5537956390776344,0.5537956390776344,1.014979453003999,0.022527532632358998,0.0001375214063091532,0.0007889772438108775,0.12560332846694422
uniform_1d,1,2000,30,Ordinary,inf,4.0,4.0,0.01,3.125493841515947e-08,1.0,0.7036327199998595,49.0,0.0,0.0,0.0,0.0,0.0,0.0,0.0,0.0006840670070166525,0.0
uniform_1d,1,2000,30,RR-balanced,86.2579949880003,4.0,4.0,0.01,4.8580562683753215e-08,1.0,0.414482512999939,40.0,0.4068815405920776,0.10719077210302144,0.019478315703508997,0.019478315703508997,0.038555345273495495,0.004390634650793408,4.807068745881822e-06,0.0006703395189272411,0.009372811459454077
uniform_1d,1,2000,30,RR-tiny,8000000000.0,4.0,4.0,0.01,4.790254415354411e-09,1.0,0.07226261699997849,10.0,3.708899887600037e-05,1.081396062749491e-05,3.469722287263721e-10,3.469722287263721e-10,6.887084980515215e-10,5.868170490244474e-07,8.726705667484058e-14,0.0006840638714610439,2.283486422059122e-06
uniform_1d,1,2000,30,BB,1.0,4.0,4.0,0.01,2.155276845883236e-09,1.0,0.6757297510000626,93.0,8.039769815833639,0.9829523228932581,2.6787444192859766,2.6787444192859766,6.6713838688305165,0.057755449391509874,0.0005718578298868103,0.0006121100020842898,0.09910845533501868
uniform_1d,1,2000,31,Ordinary,inf,5.0,5.0,0.01,1.685418471453204e-10,1.0,0.7844923370000743,110.0,0.0,0.0,0.0,0.0,0.0,0.0,0.0,0.00021323298006003597,0.0
uniform_1d,1,2000,31,RR-balanced,86.2579949880003,5.0,5.0,0.01,1.638581248464277e-08,1.0,0.6548299160001534,126.0,0.5580897268981442,0.10770592044570874,0.04905212918220059,0.04905212918220059,0.09481331720996836,0.006885249349514088,1.1627108752819303e-05,0.00016824917879178526,0.08785220235779799
uniform_1d,1,2000,31,RR-tiny,8000000000.0,5.0,5.0,0.01,3.8254377443536214e-10,1.0,0.09652934499990806,22.0,3.818642872932543e-05,1.0942476208539756e-05,0.0,-3.356035449542105e-10,1.3685592473720278e-09,8.272119581377036e-07,2.1610601842669928e-13,0.0002132387193047302,3.061476755560428e-05
uniform_1d,1,2000,31,BB,1.0,4.0,4.0,0.01,4.562391797691134e-09,1.0,0.7582865570000195,57.0,6.74887771898209,0.9500474858150575,3.4166716987633663,3.4166716987633663,6.169434087835743,0.05554022905892513,0.0008235773106816662,0.0008339970775306599,0.596632011458654
uniform_1d,1,2000,32,Ordinary,inf,4.0,4.0,0.01,2.1778894243595914e-09,1.0,0.8099317609999162,185.0,0.0,0.0,0.0,0.0,0.0,0.0,0.0,0.0006592370659608152,0.0
uniform_1d,1,2000,32,RR-balanced,86.2579949880003,4.0,4.0,0.01,1.5687998455859997e-08,1.0,0.7218451459998505,157.0,0.3596127358641843,0.10692375603056269,0.05246937368565341,0.05246937368565341,0.10337582092367628,0.00718943046853074,1.332799432859612e-05,0.0006699073038220122,0.04382009594058696
uniform_1d,1,2000,32,RR-tiny,8000000000.0,4.0,4.0,0.01,1.6640022693081846e-12,1.0,0.07020439500001885,3.0,3.7697992925078694e-05,1.117407781903518e-05,5.411493475548923e-11,5.411493475548923e-11,1.0698187422584932e-10,2.3128107815583327e-07,1.3342624787386733e-14,0.000659239612283672,6.743445422309066e-07
uniform_1d,1,2000,32,BB,1.0,4.0,4.0,0.01,1.2158780648974243e-09,1.0,0.6749869520001539,60.0,7.3627815453133305,1.0040115423567373,2.037104893581727,2.037104893581727,3.689162982329422,0.04294859125937323,0.0004927656719536471,0.000576602943256584,0.23619706530346338
uniform_1d,1,2000,33,Ordinary,inf,4.0,4.0,0.01,2.1530777161160586e-11,1.0,0.6721106390000386,175.0,0.0,0.0,0.0,0.0,0.0,0.0,0.0,0.00018886636541876322,0.0
uniform_1d,1,2000,33,RR-balanced,86.2579949880003,4.0,5.0,0.01,3.190727682067518e-09,1.0,0.5523311369997828,212.0,0.4576344384025042,0.10799685929448981,0.03248577549265974,0.03248577549265974,0.060495220906704485,0.0054997827641964404,7.924831122195018e-06,0.0002450767267615941,0.09865550911552917
uniform_1d,1,2000,33,RR-tiny,8000000000.0,4.0,4.0,0.01,1.6226702204136245e-09,1.0,0.07463823400007641,3.0,4.313518564558194e-05,1.1278629173382438e-05,7.048583938740194e-11,7.048583938740194e-11,1.4924617594873056e-10,2.731722679452753e-07,1.874295332981231e-14,0.0001888663651303753,7.574691558385086e-07
uniform_1d,1,2000,33,BB,1.0,5.0,5.0,0.01,1.0328049526719951e-10,1.0,0.7828494510001747,71.0,5.522114190899156,0.9546082385019422,5.641474395577916,5.641474395577916,10.046329665894202,0.07087428894138623,0.0014187912377394976,0.0011248782206910706,0.5530333776976266
uniform_1d,1,2000,34,Ordinary,inf,5.0,6.0,0.01,1.1584115666707362e-08,1.0,0.9308739450000303,290.0,0.0,0.0,0.0,0.0,0.0,0.0,0.0,0.0005929148825590282,0.0
uniform_1d,1,2000,34,RR-balanced,86.2579949880003,5.0,5.0,0.01,5.0893511627236876e-11,1.0,0.6230283639999925,164.0,0.4757147812638234,0.1072272919817214,0.035561240008519235,0.035561240008519235,0.06132748865186485,0.005537485379297396,9.023247458061302e-06,0.000640956473003126,0.12085003176342718
uniform_1d,1,2000,34,RR-tiny,8000000000.0,5.0,5.0,0.01,2.017880840199382e-08,1.0,0.07006996299992352,6.0,3.8657258524255056e-05,1.0942005529427439e-05,6.330083124339581e-10,6.330083124339581e-10,1.4089425690237432e-09,8.393278766440869e-07,1.750437351342136e-13,0.0005929176646509829,7.38665910713114e-06
uniform_1d,1,2000,34,BB,1.0,4.0,4.0,0.01,5.650749201890903e-09,1.0,0.6469698150001477,135.0,7.390360878817239,1.0031347347385862,3.2961584459162623,3.2961584459162623,6.4473647107535506,0.05677748105875053,0.0008310564698223845,0.002020091630133216,0.4343892754587159
uniform_1d,1,2000,35,Ordinary,inf,5.0,5.0,0.01,7.3559638380515935e-09,1.0,0.7166945569999825,200.0,0.0,0.0,0.0,0.0,0.0,0.0,0.0,0.0005542033545551354,0.0
uniform_1d,1,2000,35,RR-balanced,86.2579949880003,5.0,6.0,0.01,3.9161878184756915e-09,1.0,0.630244459000096,239.0,0.4605869278317116,0.1095064152501273,0.027800460578873754,0.027800460578873754,0.05455399438588826,0.005222738476407193,6.955562408196295e-06,0.000577836162399754,0.052272340927920144
uniform_1d,1,2000,35,RR-tiny,8000000000.0,5.0,5.0,0.01,3.00579847678506e-07,1.0,0.07361481599969011,2.0,4.184789369521269e-05,1.1517342197928918e-05,1.2187229003757238e-10,1.2187229003757238e-10,2.6046862740662627e-10,3.608799159046027e-07,3.179544870411411e-14,0.0005542000818899404,7.738832821956873e-07
uniform_1d,1,2000,35,BB,1.0,5.0,5.0,0.01,2.3417844552398037e-08,1.0,0.6340210449998267,256.0,7.822494769648468,1.000584831334217,2.731620242246663,2.731620242246663,5.270355186407926,0.051333980882101504,0.0006627491509150948,0.0007355542466336773,0.3647342527388973
uniform_1d,1,2000,36,Ordinary,inf,5.0,5.0,0.01,4.433362565947618e-09,1.0,0.9246022250001715,117.0,0.0,0.0,0.0,0.0,0.0,0.0,0.0,0.00044855040281696276,0.0
uniform_1d,1,2000,36,RR-balanced,86.2579949880003,5.0,5.0,0.01,5.90832005542552e-09,1.0,0.4003507920001539,66.0,0.4637586568529075,0.10451253212397348,0.035717660501177306,0.035717660501177306,0.06814714692680854,0.005837257357989647,7.859205484952113e-06,0.00046581332471636424,0.02334246917829629
uniform_1d,1,2000,36,RR-tiny,8000000000.0,5.0,5.0,0.01,1.4117543578606728e-08,1.0,0.07186757399995258,7.0,4.413206491338251e-05,1.0917845602417027e-05,3.474269760772586e-10,3.474269760772586e-10,6.612718189566169e-10,5.750094864246228e-07,8.275075316435339e-14,0.0004485531945137803,1.066051582046779e-06
uniform_1d,1,2000,36,BB,1.0,5.0,5.0,0.01,5.069586084260891e-09,1.0,0.6875016569999843,101.0,8.004605540578433,0.9978174550792743,4.250029833657209,4.250029833657209,8.194745802494744,0.06401072489237543,0.0010043460235594245,0.0010657557044928797,0.4087651298593156
uniform_1d,1,2000,37,Ordinary,inf,4.0,4.0,0.01,5.7870315206542955e-09,1.0,0.890147061999869,73.0,0.0,0.0,0.0,0.0,0.0,0.0,0.0,0.0004070702045105369,0.0
uniform_1d,1,2000,37,RR-balanced,86.2579949880003,4.0,4.0,0.01,3.0041746867937036e-10,1.0,0.42874236499983454,59.0,0.4136814011930894,0.10721484114260063,0.0378294475290204,0.0378294475290204,0.07363141329820924,0.0060675947993504495,9.283150221368875e-06,0.0003977059358160296,0.015584897463447859
uniform_1d,1,2000,37,RR-tiny,8000000000.0,4.0,4.0,0.01,3.751221555603479e-12,1.0,0.07831782199991721,10.0,3.842201129300449e-05,1.0993318572527617e-05,2.4783730623312294e-10,2.4783730623312294e-10,4.2474672906811845e-10,4.608398469469184e-07,6.732010743146773e-14,0.0004070659444720943,2.6558731419573113e-06
uniform_1d,1,2000,37,BB,1.0,4.0,4.0,0.01,2.4860709046947704e-09,1.0,0.6990262199999506,52.0,6.3063485965405945,1.0156568484976183,3.2470541502916603,3.2470541502916603,6.066875471504609,0.05507665327298223,0.0007796620437409754,0.0004089854518582595,0.32304819882848607
uniform_1d,1,2000,38,Ordinary,inf,4.0,4.0,0.01,6.19401907542283e-09,1.0,0.8448842099999183,137.0,0.0,0.0,0.0,0.0,0.0,0.0,0.0,0.0005094378362870725,0.0
uniform_1d,1,2000,38,RR-balanced,86.2579949880003,4.0,4.0,0.01,5.0876686419343287e-08,1.0,0.6468303929998456,117.0,0.39814095357224244,0.1092339395776734,0.068545636613635,0.068545636613635,0.13085961377098393,0.008088869320584427,1.69197642842838e-05,0.0005499536240963136,0.07166030611995317
uniform_1d,1,2000,38,RR-tiny,8000000000.0,4.0,4.0,0.01,4.277031395716335e-09,1.0,0.06934463399988999,7.0,4.376674277239978e-05,1.1249186691484056e-05,2.4419932742603123e-10,2.4419932742603123e-10,4.860173949054608e-10,4.92959123510997e-07,6.078557421689308e-14,0.0005094399072954506,1.7088639990071587e-06
uniform_1d,1,2000,38,BB,1.0,4.0,4.0,0.01,4.350395821361985e-09,1.0,0.6154715289999331,45.0,7.506448699890932,0.9852754492649266,2.5321161619572194,2.5321161619572194,5.00204608611285,0.05001022938416125,0.0006337245358845996,0.0018545259686841508,0.16876916659861094
uniform_1d,1,2000,39,Ordinary,inf,4.0,4.0,0.01,2.20966476227602e-08,1.0,0.8262671890001911,60.0,0.0,0.0,0.0,0.0,0.0,0.0,0.0,0.0008438195178920044,0.0
uniform_1d,1,2000,39,RR-balanced,86.2579949880003,4.0,4.0,0.01,2.177458213736827e-11,1.0,0.40987547100030497,46.0,0.4606500151071147,0.11228981723697491,0.01697927672057631,0.01697927672057631,0.032787240767139986,0.004048903602652204,4.137506604739879e-06,0.0009362817023297503,0.017564427608980446
uniform_1d,1,2000,39,RR-tiny,8000000000.0,4.0,4.0,0.01,2.60146570951747e-10,1.0,0.08231430299997555,4.0,3.770301745453786e-05,1.1354300070233382e-05,3.1468516681343317e-10,3.1468516681343317e-10,6.136835544834666e-10,5.539330079005342e-07,7.643043919789462e-14,0.000843830367741484,1.0832936301388313e-06
uniform_1d,1,2000,39,BB,1.0,4.0,4.0,0.01,1.834102159037343e-08,1.0,0.6252901110001403,47.0,8.193716158615295,1.0020486339157264,3.8370663722807876,3.8370663722807876,7.679911686588809,0.06196737725040817,0.0009292667577578758,0.0015775401228633466,0.14948367207148075
uniform_1d,1,2000,41,Ordinary,inf,4.0,4.0,0.01,1.065708410408206e-09,1.0,0.8384884119998333,93.0,0.0,0.0,0.0,0.0,0.0,0.0,0.0,0.0009030787394030477,0.0
uniform_1d,1,2000,41,RR-balanced,86.2579949880003,4.0,4.0,0.01,8.80689943194568e-09,1.0,0.5307371399999283,111.0,0.4130184803699857,0.10695102812602493,0.024708926183393487,0.024708926183393487,0.045245588228057104,0.00475634251437263,5.7911035217593116e-06,0.0008981558445199886,0.05861618237918193
uniform_1d,1,2000,41,RR-tiny,8000000000.0,4.0,4.0,0.01,1.4731203812345939e-08,1.0,0.07521529799987547,10.0,3.919140561225998e-05,1.1154892296695825e-05,3.5788616514764726e-10,3.5788616514764726e-10,6.716593024343269e-10,5.795081114334496e-07,8.502694139210252e-14,0.0009030850490790987,7.298784759950606e-06
uniform_1d,1,2000,41,BB,1.0,5.0,5.0,0.01,1.1997602022972842e-08,1.0,0.7619956790001652,445.0,9.035904430522185,1.0258790056314406,3.0666510138275953,3.0666510138275953,6.097673410361481,0.05521627210506646,0.0007538573367740485,0.0008621739309640688,0.2514224050840644
uniform_1d,1,2000,40,Ordinary,inf,5.0,5.0,0.01,5.360156762890256e-13,1.0,1.039721696000015,213.0,0.0,0.0,0.0,0.0,0.0,0.0,0.0,0.0013146329028037617,0.0
uniform_1d,1,2000,40,RR-balanced,86.2579949880003,5.0,5.0,0.01,3.318426866627533e-09,1.0,0.6305016919998252,183.0,0.42456556511274424,0.10733925477523676,0.024582600137364352,0.024582600137364352,0.0422119634369558,0.004594124695573456,5.812129476191442e-06,0.001344534043859606,0.09095373756391562
uniform_1d,1,2000,40,RR-tiny,8000000000.0,5.0,5.0,0.01,2.6751088011423008e-09,1.0,0.0840165380000144,9.0,3.712816186252077e-05,1.1071620578961423e-05,3.54702933691442e-10,3.54702933691442e-10,6.720254203899167e-10,5.796660333286386e-07,8.625608979481048e-14,0.0013146370453561457,3.084657610370464e-06
uniform_1d,1,2000,40,BB,1.0,4.0,4.0,0.01,9.400612732690661e-08,1.0,0.7013875269999517,87.0,6.733135804821672,0.9884532632539783,4.025011127665493,4.025011127665493,7.610228102778905,0.06168560651715643,0.0010199401094535983,0.0028711526458451786,0.5942847499418445
uniform_1d,1,2000,42,Ordinary,inf,5.0,5.0,0.01,1.3963390443905155e-09,1.0,0.9003867660001106,224.0,0.0,0.0,0.0,0.0,0.0,0.0,0.0,0.0008901415867054502,0.0
uniform_1d,1,2000,42,RR-balanced,86.2579949880003,5.0,5.0,0.01,1.735121024637465e-08,1.0,0.47059979799996654,206.0,0.45902693362394054,0.10783951697165986,0.018226650002361566,0.018226650002361566,0.03586267382053507,0.0042345409326475444,4.563183315486399e-06,0.0008913179447756321,0.01407680915385008
uniform_1d,1,2000,42,RR-tiny,8000000000.0,5.0,5.0,0.01,1.5140160680715553e-08,1.0,0.07526734599991869,9.0,4.142704996568103e-05,1.1328788643155142e-05,4.574758349917829e-10,4.574758349917829e-10,8.860649043466467e-10,6.656068300230425e-07,1.126481421562479e-13,0.0008901360556621276,1.8781082714360262e-06
uniform_1d,1,2000,42,BB,1.0,4.0,4.0,0.01,1.932951865235566e-08,1.0,0.6403720130001602,82.0,5.653749484252965,0.9862402868285312,2.5533295171808277,2.5533295171808277,4.360458028693076,0.04669292252950695,0.0005813069036704223,0.0013060202984072657,0.24083769648436287
uniform_1d,1,2000,46,Ordinary,inf,5.0,5.0,0.01,1.0768188118959188e-08,1.0,0.8549450250000064,245.0,0.0,0.0,0.0,0.0,0.0,0.0,0.0,0.000550892248329704,0.0
uniform_1d,1,2000,46,RR-balanced,86.2579949880003,5.0,5.0,0.01,3.64694652255082e-09,1.0,0.5275689269999475,104.0,0.4591295164180389,0.10818638353791002,0.026688707877383422,0.026688707877383422,0.05081416974232607,0.005040544104673922,6.556564061528338e-06,0.0005171663515322128,0.04902064086385843
uniform_1d,1,2000,46,RR-tiny,8000000000.0,5.0,5.0,0.01,9.525459310211204e-09,1.0,0.0704342839999299,5.0,3.719693690673598e-05,1.1063919539197635e-05,6.566551746800542e-10,6.566551746800542e-10,1.473365266288841e-09,8.583021805543899e-07,1.833862780169291e-13,0.0005508850920481367,2.04687960965186e-06
uniform_1d,1,2000,46,BB,1.0,4.0,4.0,0.01,3.970327622226932e-09,1.0,0.46865608899997824,103.0,9.89878625058421,0.9879069639385721,3.251430275081475,3.251430275081475,6.965539677889369,0.05901499672917626,0.0007778342598333477,0.0014076098598043666,0.3618494692489203
uniform_1d,1,2000,43,Ordinary,inf,5.0,5.0,0.01,1.6116155299172874e-08,1.0,1.2377892800000154,218.0,0.0,0.0,0.0,0.0,0.0,0.0,0.0,0.0015845679029500297,0.0
uniform_1d,1,2000,43,RR-balanced,86.2579949880003,5.0,5.0,0.01,1.1451997128375524e-09,1.0,0.5791493770000216,111.0,0.4186089636193595,0.10640011413445352,0.05270957246830221,0.05270957246830221,0.0983039536484189,0.007010847083213942,1.3068278067955164e-05,0.0015108176499190997,0.030923498749031136
uniform_1d,1,2000,43,RR-tiny,8000000000.0,5.0,5.0,0.01,2.4767582207374517e-08,1.0,0.08620972199992138,2.0,4.3725736125432846e-05,1.1177468201804644e-05,3.469722287263721e-10,3.469722287263721e-10,6.822883786978469e-10,5.840754996992456e-07,8.502001825751109e-14,0.0015845735462717788,8.073776169322277e-07
uniform_1d,1,2000,43,BB,1.0,5.0,5.0,0.01,6.815592090703149e-09,1.0,0.7849451140000383,78.0,9.945100536276804,1.052042810934307,0.8322312607861022,0.8322312607861022,1.59222890444016,0.028215500212118872,0.00019645891026910287,0.0015901244725450244,0.17590381163441998
uniform_1d,1,2000,45,Ordinary,inf,4.0,4.0,0.01,6.899659510395395e-09,1.0,0.8250333510000019,110.0,0.0,0.0,0.0,0.0,0.0,0.0,0.0,0.00039628719844356653,0.0
uniform_1d,1,2000,45,RR-balanced,86.2579949880003,4.0,4.0,0.01,1.793116588544308e-08,1.0,0.4873097030001645,74.0,0.3541117592468175,0.10982064350249389,0.022116650446150743,0.022116650446150743,0.03654776499898535,0.004274796193912953,5.29287572979011e-06,0.00040846466671232195,0.05153662935150063
uniform_1d,1,2000,45,RR-tiny,8000000000.0,4.0,4.0,0.01,2.1425481389059087e-08,1.0,0.0893991969999206,7.0,4.765350917801392e-05,1.1088808224577762e-05,2.4374458007514477e-10,2.4374458007514477e-10,4.8391224214053e-10,4.918903547237585e-07,6.16338296113478e-14,0.0003962887058739056,1.6678690181765621e-06
uniform_1d,1,2000,45,BB,1.0,4.0,4.0,0.01,1.9559598385399113e-10,1.0,0.7190008729999136,47.0,5.670422854164646,0.9691145073244721,1.795502120871788,1.795502120871788,3.0839572178344223,0.03926803546037427,0.0004500062709075573,0.0006935120549501078,0.22277878221213485
uniform_1d,1,2000,44,Ordinary,inf,5.0,5.0,0.01,7.262767209859078e-08,1.0,0.9657704229998672,141.0,0.0,0.0,0.0,0.0,0.0,0.0,0.0,0.00048660265588425385,0.0
uniform_1d,1,2000,44,RR-balanced,86.2579949880003,5.0,5.0,0.01,1.201487798141443e-10,1.0,0.7491169660002015,76.0,0.35514720737654115,0.10487958535301924,0.01951388663292164,0.01951388663292164,0.03507799042689824,0.004187958358609732,4.48729465656042e-06,0.0004733251438629382,0.02498383702124209
uniform_1d,1,2000,44,RR-tiny,8000000000.0,5.0,5.0,0.01,1.218811229719563e-08,1.0,0.08378567999989173,7.0,3.937307748325125e-05,1.1461694916682875e-05,1.2187229003757238e-10,1.2187229003757238e-10,2.417973588305927e-10,3.4770487401717044e-07,3.069483551368854e-14,0.000486603630512042,1.1437765162899143e-06
uniform_1d,1,2000,44,BB,1.0,5.0,5.0,0.01,3.756319699732558e-09,1.0,0.9594510580000133,145.0,6.081688822682346,1.009737111109322,1.1811253423120434,1.1811253423120434,1.5973649989572014,0.02826097131166232,0.00023119484011907446,0.0005325143588470286,0.32949398638704197
uniform_1d,1,2000,49,Ordinary,inf,4.0,4.0,0.01,9.53028367334241e-09,1.0,0.865093565000052,107.0,0.0,0.0,0.0,0.0,0.0,0.0,0.0,0.00046207595105594943,0.0
uniform_1d,1,2000,49,RR-balanced,86.2579949880003,4.0,4.0,0.01,7.979850114026021e-09,1.0,0.5152615529998457,56.0,0.38826458921577767,0.10299295354827212,0.02155134825852656,0.02155134825852656,0.04199049947061874,0.00458205736927304,5.3646475567867695e-06,0.0005188112530830297,0.016530091376274782
uniform_1d,1,2000,49,RR-tiny,8000000000.0,4.0,4.0,0.01,4.653119223263502e-09,1.0,0.07432417599966357,3.0,3.80221442497497e-05,1.1159724825073811e-05,1.8098944565281272e-10,1.8098944565281272e-10,3.7000075584351186e-10,4.3011670267702453e-07,4.6537678761432235e-14,0.00046207659458213425,1.0275226299368343e-06
uniform_1d,1,2000,49,BB,1.0,4.0,4.0,0.01,8.938432216609726e-09,1.0,0.6320542420000947,86.0,7.727011519261859,0.9903676459555535,0.788960925920037,0.788960925920037,1.5656054494450182,0.027978611915577746,0.0001977556370059798,0.0007391130307925168,0.08331716798163856
uniform_1d,1,2000,47,Ordinary,inf,5.0,5.0,0.01,4.207363346608872e-10,1.0,0.8024665620000633,107.0,0.0,0.0,0.0,0.0,0.0,0.0,0.0,0.0007658065560937866,0.0
uniform_1d,1,2000,47,RR-balanced,86.2579949880003,5.0,5.0,0.01,1.6533632241078067e-09,1.0,0.5034582509999836,47.0,0.40604559922065353,0.10528415055250279,0.026997135631972924,0.026997135631972924,0.05108236865824649,0.0050538286802307856,6.498690647216211e-06,0.0008202011936493546,0.02129372310635955
uniform_1d,1,2000,47,RR-tiny,8000000000.0,5.0,5.0,0.01,1.3283596445035073e-11,1.0,0.10166276400013885,7.0,3.680932138783177e-05,1.0880625212434468e-05,2.7057467377744615e-10,2.7057467377744615e-10,8.023681600756271e-10,6.333909377610431e-07,1.0826994649053562e-13,0.0007658112336062943,1.3666897900051222e-06
uniform_1d,1,2000,47,BB,1.0,5.0,5.0,0.01,2.557943634684534e-09,1.0,0.818796791000068,83.0,6.775838367401718,1.0056647846960514,3.2278978248455132,3.2278978248455132,6.368136074705235,0.05642754679544927,0.0007785399798569694,0.0015056713240521908,0.2064777286776186
uniform_1d,1,2000,50,Ordinary,inf,4.0,4.0,0.01,4.591167890310999e-09,1.0,1.0711794740000187,82.0,0.0,0.0,0.0,0.0,0.0,0.0,0.0,0.0008263511806440665,0.0
uniform_1d,1,2000,50,RR-balanced,86.2579949880003,4.0,4.0,0.01,2.6715261114418354e-09,1.0,0.5550099050001336,44.0,0.3657095854282495,0.10706056690111874,0.028237898322004185,0.028237898322004185,0.050902743124416006,0.005044935238653516,6.3511018064652185e-06,0.0007990812901569766,0.04557573259891165
uniform_1d,1,2000,50,RR-tiny,8000000000.0,4.0,4.0,0.01,4.183134283408663e-09,1.0,0.07913574999997763,12.0,3.696661334817719e-05,1.1236444004688788e-05,5.184119800105691e-10,5.184119800105691e-10,1.0045265305160218e-09,7.087053444542456e-07,1.291857822007371e-13,0.0008263484026134048,4.911170890186693e-06
uniform_1d,1,2000,50,BB,1.0,5.0,5.0,0.01,9.117041344097743e-09,1.0,0.7861511559997325,158.0,7.483275176105634,1.0172632025703547,1.420080342511028,1.420080342511028,2.8507619395297077,0.03775421790694192,0.00033301498696740274,0.0013696261443952936,0.08141818611483029
uniform_1d,1,2000,48,Ordinary,inf,5.0,5.0,0.01,2.7339475350274256e-08,1.0,0.5802688320000016,85.0,0.0,0.0,0.0,0.0,0.0,0.0,0.0,0.0006190580518308306,0.0
uniform_1d,1,2000,48,RR-balanced,86.2579949880003,5.0,5.0,0.01,2.5321537755473855e-08,1.0,0.673179898999706,81.0,0.3686400854592289,0.10483201857683656,0.046794507159575005,0.046794507159575005,0.09230621552920626,0.00679360786067338,1.173614055555635e-05,0.0007047415827406254,0.02560240401702107
uniform_1d,1,2000,48,RR-tiny,8000000000.0,5.0,5.0,0.01,5.3062016558413916e-08,1.0,0.15356169999995473,23.0,3.804888947134266e-05,1.121424469906946e-05,0.0,-1.2106102076359093e-07,5.811742498575782e-09,1.7046616231052692e-06,1.4017688170456894e-12,0.0006190607832653105,5.1741448278420974e-05
uniform_1d,1,2000,48,BB,1.0,5.0,5.0,0.01,4.347336313159644e-08,1.0,0.9121625359998689,97.0,8.027724738890544,1.0245863306119491,1.4048465340265466,1.4048465340265466,1.9403855274053585,0.031147917485807607,0.00028889512954884453,0.0009836906308394676,0.5822099730747631
uniform_1d,1,2000,52,Ordinary,inf,4.0,4.0,0.01,1.8972705628783615e-09,1.0,0.8484459930000412,60.0,0.0,0.0,0.0,0.0,0.0,0.0,0.0,0.0015613265875554165,0.0
uniform_1d,1,2000,52,RR-balanced,86.2579949880003,4.0,4.0,0.01,1.618969092120892e-08,1.0,0.4930321829999684,59.0,0.41863376256795837,0.10422844212358325,0.043214088070726575,0.043214088070726575,0.08591099191065289,0.006554044244230157,1.06346821774962e-05,0.0015293578607197635,0.011053636589499937
uniform_1d,1,2000,52,RR-tiny,8000000000.0,4.0,4.0,0.01,2.5370439082905705e-10,1.0,0.10941439499993066,7.0,3.7175452414883736e-05,1.1153761218735127e-05,4.501998773775995e-10,4.501998773775995e-10,8.676304424379961e-10,6.586465070270988e-07,1.1335114484657014e-13,0.0015613358282822508,2.7687064069238144e-06
uniform_1d,1,2000,52,BB,1.0,4.0,4.0,0.01,4.980084344907709e-09,1.0,0.7837936690000333,52.0,7.91016309778688,0.9997013376000053,0.9345407246341892,0.9345407246341892,1.7941032303016418,0.029950819941210637,0.00020638837230286568,0.0013606116445810206,0.2714774400356544
uniform_1d,1,2000,51,Ordinary,inf,4.0,4.0,0.01,2.258890674511349e-08,1.0,0.9305256679999729,72.0,0.0,0.0,0.0,0.0,0.0,0.0,0.0,0.0008289955156196453,0.0
uniform_1d,1,2000,51,RR-balanced,86.2579949880003,4.0,4.0,0.01,2.351087324825585e-09,1.0,0.48075267099989105,88.0,0.39000094873469116,0.10827697314283254,0.025450536741118412,0.025450536741118412,0.04934031029155039,0.004966905993249238,6.388045839685916e-06,0.0008860281824359924,0.011692169617886454
uniform_1d,1,2000,51,RR-tiny,8000000000.0,4.0,4.0,0.01,3.2988327625105285e-09,1.0,0.07860698299987234,7.0,3.591060357843734e-05,1.1050190682209843e-05,6.475602276623249e-10,6.475602276623249e-10,1.2831252111734887e-09,8.009760330913431e-07,1.6141120451969074e-13,0.0008289975837271054,1.3505368675684254e-06
uniform_1d,1,2000,51,BB,1.0,4.0,4.0,0.01,2.2295498780522394e-12,1.0,0.8088917430002311,60.0,7.083827519511869,1.00288777549836,4.358364120248552,4.358364120248552,7.217785748311531,0.06007406157532355,0.0009553790864535235,0.0015720573909600516,0.47761859961823
uniform_1d,1,2000,53,Ordinary,inf,4.0,4.0,0.01,9.598766226304178e-12,1.0,0.7822157600000992,189.0,0.0,0.0,0.0,0.0,0.0,0.0,0.0,0.00023474400925610137,0.0
uniform_1d,1,2000,53,RR-balanced,86.2579949880003,4.0,5.0,0.01,1.074531397193823e-08,1.0,0.6582812460001151,195.0,0.39320510832678846,0.10993478118952672,0.01710058877051779,0.01710058877051779,0.02891657620255944,0.0038024055677004947,3.747960346648392e-06,0.00026229413781430385,0.11319084347814759
uniform_1d,1,2000,53,RR-tiny,8000000000.0,4.0,4.0,0.01,4.069189429856124e-12,1.0,0.07566236399998161,2.0,3.864716269941226e-05,1.1070585833383387e-05,1.6416379367001355e-10,1.6416379367001355e-10,3.317069718288899e-10,4.072511337178142e-07,4.14434943204473e-14,0.00023474081553585265,6.609122602539505e-07
uniform_1d,1,2000,53,BB,1.0,4.0,4.0,0.01,1.4699352846037073e-13,1.0,0.8192698010002459,55.0,9.529809339380753,0.9726046602605959,1.1790674873673197,1.1790674873673197,2.2881417711307623,0.033824116922181145,0.00029718194177367216,0.0009007946034777887,0.21127870017246203
uniform_1d,1,2000,54,Ordinary,inf,4.0,4.0,0.01,1.8549606295437115e-12,1.0,0.773650503999761,90.0,0.0,0.0,0.0,0.0,0.0,0.0,0.0,0.00020801625572183547,0.0
uniform_1d,1,2000,54,RR-balanced,86.2579949880003,4.0,4.0,0.01,2.8967197529539135e-09,1.0,0.5734412310000607,94.0,0.46632749860719613,0.10704910228041878,0.022608214738738752,0.022608214738738752,0.03840621107997533,0.004382134815359708,5.0359131475184814e-06,0.0002271497866987297,0.09149605045723902
uniform_1d,1,2000,54,RR-tiny,8000000000.0,4.0,4.0,0.01,5.108954370669494e-09,1.0,0.0692673379999178,4.0,3.7023770756539065e-05,1.0991483103824596e-05,1.3460521586239338e-10,1.3460521586239338e-10,2.7435728009294993e-10,3.7037634919966875e-07,3.452894984351564e-14,0.0002080183713137436,9.85219243073455e-07
uniform_1d,1,2000,54,BB,1.0,4.0,4.0,0.01,7.827097636692315e-09,1.0,0.7638061420000213,60.0,6.679422991633485,0.9637868052169422,3.9203115586215063,3.9203115586215063,5.104053849756188,0.05051759025209035,0.0008432491148740126,0.0013041621444382328,0.560703708357935
uniform_1d,1,2000,55,Ordinary,inf,4.0,4.0,0.01,1.305838992493591e-08,1.0,0.8420084110000516,80.0,0.0,0.0,0.0,0.0,0.0,0.0,0.0,0.0006274658644886846,0.0
uniform_1d,1,2000,55,RR-balanced,86.2579949880003,4.0,4.0,0.01,3.0053155519738084e-08,1.0,0.45997066399991127,56.0,0.3661500604830039,0.10469312659175839,0.006050155616321717,0.006050155616321717,0.00802406675787322,0.0020030060855964994,1.2605312586424636e-06,0.0006636063627048618,0.04145617847039502
uniform_1d,1,2000,55,RR-tiny,8000000000.0,4.0,4.0,0.01,1.146527583983925e-08,1.0,0.0795503659996939,11.0,4.055506810174414e-05,1.120606823821223e-05,5.57520252186805e-10,5.57520252186805e-10,9.441225075671994e-10,6.870671392110088e-07,1.2581408953268055e-13,0.0006274736207308377,8.69472268166915e-06
uniform_1d,1,2000,55,BB,1.0,4.0,4.0,0.01,2.423435674359098e-09,1.0,0.7029427109998778,48.0,6.8287824809998305,0.9627996491763009,2.267726215759012,2.267726215759012,4.398659063770701,0.046897009839491376,0.0005736186303308869,0.0015981339639833975,0.11261385106377614
uniform_1d,1,2000,56,Ordinary,inf,6.0,6.0,0.01,1.1808836575255555e-08,1.0,1.0007398819998343,100.0,0.0,0.0,0.0,0.0,0.0,0.0,0.0,0.0008257670851567661,0.0
uniform_1d,1,2000,56,RR-balanced,86.2579949880003,6.0,6.0,0.01,1.28189976411619e-08,1.0,0.5409873190001235,104.0,0.36674475018842534,0.1055289286836066,0.07172632000629164,0.07172632000629164,0.13975996405534796,0.008359424742628765,1.7705097701842697e-05,0.0007685800463707331,0.04425113222586405
uniform_1d,1,2000,56,RR-tiny,8000000000.0,6.0,6.0,0.01,3.04751779367507e-11,1.0,0.09092867699996532,5.0,3.904962756329233e-05,1.1420670513393749e-05,3.8107828004285693e-10,3.8107828004285693e-10,7.592296676003252e-10,6.16128910050618e-07,9.39102727725452e-14,0.0008257735623879766,1.193280041790515e-06
uniform_1d,1,2000,56,BB,1.0,5.0,5.0,0.01,9.612945994774691e-09,1.0,0.8454508649997479,102.0,9.86686186607134,0.9957062432283847,2.4173696479087994,2.4173696479087994,5.442093092244197,0.05216365157964019,0.0005466621216142267,0.0008757802642256385,0.15541095645515954
uniform_1d,1,2000,58,Ordinary,inf,4.0,4.0,0.01,8.595780975895195e-09,1.0,0.8022901399999682,66.0,0.0,0.0,0.0,0.0,0.0,0.0,0.0,0.000655656945481913,0.0
uniform_1d,1,2000,58,RR-balanced,86.2579949880003,4.0,4.0,0.01,2.368102780536674e-08,1.0,0.7094980070000929,65.0,0.4172857969946209,0.10826713155357298,0.047882894419672084,0.047882894419672084,0.08704484945745095,0.006597152774396351,1.1413217033707702e-05,0.0005917596575261247,0.038217893734540154
uniform_1d,1,2000,58,RR-tiny,8000000000.0,4.0,4.0,0.01,9.551999857748683e-09,1.0,0.07286680700008219,13.0,3.4238075370618404e-05,1.0696677821593604e-05,3.5652192309498787e-10,3.5652192309498787e-10,6.636167223293722e-10,5.76028090603823e-07,9.512402674914336e-14,0.0006556632482405555,4.257900260011522e-06
uniform_1d,1,2000,58,BB,1.0,4.0,4.0,0.01,2.8326170298242914e-08,1.0,0.6224642660001791,45.0,7.144020150872629,1.0101939361668848,2.5994252205100565,2.5994252205100565,4.861886847074709,0.049304598401542166,0.00064851075786262,0.0014449862141138587,0.18823502172216366
uniform_1d,1,2000,57,Ordinary,inf,4.0,4.0,0.01,1.7027147913850627e-08,1.0,0.8670435750000252,70.0,0.0,0.0,0.0,0.0,0.0,0.0,0.0,0.0008890126188792178,0.0
uniform_1d,1,2000,57,RR-balanced,86.2579949880003,4.0,4.0,0.01,1.0897300839474156e-09,1.0,0.6278427100000954,69.0,0.33183420185132273,0.10760949216250743,0.05008929104269555,0.05008929104269555,0.0986490227693976,0.007023141133759082,1.2361102506613048e-05,0.0009310400833423106,0.02312799066777716
uniform_1d,1,2000,57,RR-tiny,8000000000.0,4.0,4.0,0.01,5.074629605417158e-11,1.0,0.08278796299987334,10.0,4.326736886195448e-05,1.1278428637963225e-05,5.170477379579097e-10,5.170477379579097e-10,1.0650247424315368e-09,7.297344525344602e-07,1.3238901761686777e-13,0.00088901929275063,4.584352743567516e-06
uniform_1d,1,2000,57,BB,1.0,4.0,4.0,0.01,9.552403312795832e-11,1.0,0.8445044179998149,78.0,7.03001408712454,1.0131176416569865,4.698319689008258,4.698319689008258,9.112899061792332,0.06750147799045711,0.0011082200235728984,0.0026147162959644743,0.39362057372030057
uniform_1d,1,2000,59,Ordinary,inf,4.0,4.0,0.01,6.5943439597759834e-09,1.0,0.9043501029998424,131.0,0.0,0.0,0.0,0.0,0.0,0.0,0.0,0.0005289928542397046,0.0
uniform_1d,1,2000,59,RR-balanced,86.2579949880003,5.0,6.0,0.01,2.6810591524650818e-09,1.0,0.6030747559998417,254.0,0.457478425829132,0.10738972268253566,0.029656275412889954,0.029656275412889954,0.04863814558120631,0.004931437193212863,6.346456985080448e-06,0.0005270786309015786,0.05824023696072922
uniform_1d,1,2000,59,RR-tiny,8000000000.0,4.0,4.0,0.01,1.0802484906591303e-08,1.0,0.08424392599977182,8.0,3.795803553652277e-05,1.1029446877332111e-05,6.011759978719056e-10,6.011759978719056e-10,1.1784804142906903e-09,7.676198324335719e-07,1.524772288625699e-13,0.0005289811567805334,4.595278724115436e-06
uniform_1d,1,2000,59,BB,1.0,5.0,5.0,0.01,1.1929052656789452e-07,1.0,0.762025223999899,94.0,5.957401292650627,0.961195209902709,2.920821002045159,2.920821002045159,5.69947392018851,0.05338292760887375,0.0007260080013594872,0.0011714816363177913,0.2558690009648784
uniform_1d,1,2000,60,Ordinary,inf,6.0,7.0,0.01,2.688516076432279e-11,1.0,0.9863270880000528,582.0,0.0,0.0,0.0,0.0,0.0,0.0,0.0,0.0008535206730600072,0.0
uniform_1d,1,2000,60,RR-balanced,86.2579949880003,5.0,5.0,0.01,1.0354438195747662e-08,1.0,0.46962565999979233,142.0,0.38910932070568505,0.10671717493244293,0.08761657040304272,0.08761657040304272,0.17305891448409053,0.009302121115210513,2.0831057604514408e-05,0.0009154886384563404,0.038034047670839
uniform_1d,1,2000,60,RR-tiny,8000000000.0,6.0,6.0,0.01,7.609538710262598e-08,1.0,0.07812530899991543,4.0,3.793875862823093e-05,1.1260359774044156e-05,0.0,-5.125002644490451e-10,2.838890158781017e-10,3.7675523611364823e-07,3.8333499651269604e-14,0.0008535209385998454,1.893010765387943e-05
uniform_1d,1,2000,60,BB,1.0,4.0,4.0,0.01,1.8391999034861328e-09,1.0,0.6797631989998081,50.0,7.434295248923812,0.9714396322046663,0.7976912123672264,0.7976912123672264,1.59387509878355,0.02823008234829957,0.00019387358081124687,0.0009660208273162419,0.32390809843052826
uniform_1d,1,2000,61,Ordinary,inf,4.0,4.0,0.01,9.747665785653226e-09,1.0,0.9786005289997775,65.0,0.0,0.0,0.0,0.0,0.0,0.0,0.0,0.0003723533207908952,0.0
uniform_1d,1,2000,61,RR-balanced,86.2579949880003,4.0,4.0,0.01,7.400444035354781e-09,1.0,0.6181246979999742,58.0,0.32557665712405703,0.10663996811295234,0.039018619575927005,0.039018619575927005,0.07622509057819571,0.006173535882223238,9.678216980826886e-06,0.00037254123629379903,0.027855505644770462
uniform_1d,1,2000,61,RR-tiny,8000000000.0,4.0,4.0,0.01,1.200788579680534e-08,1.0,0.0821797470000547,3.0,4.390551204469517e-05,1.1265938377069917e-05,1.8280843505635858e-10,1.8280843505635858e-10,3.754828532638507e-10,4.332913876733824e-07,4.670893135132566e-14,0.0003723570637185043,8.894654695672712e-07
uniform_1d,1,2000,61,BB,1.0,4.0,4.0,0.01,1.0722105425742257e-08,1.0,0.5761986640000032,55.0,7.801758241517383,1.0194863669284586,3.2902084460911283,3.2902084460911283,6.897952266765011,0.0587279842441617,0.0007980264594639369,0.001421789339066002,0.10927825079250154
uniform_1d,1,2000,62,Ordinary,inf,5.0,5.0,0.01,1.1554952994430323e-08,1.0,0.914339198000107,88.0,0.0,0.0,0.0,0.0,0.0,0.0,0.0,0.0005178204820787491,0.0
uniform_1d,1,2000,62,RR-balanced,86.2579949880003,5.0,5.0,0.01,3.3722832526450475e-08,1.0,0.5713198139999349,109.0,0.41004209521306745,0.10949580573385181,0.03728242230772594,0.03728242230772594,0.05966724407518235,0.005462016297814496,8.794277163938641e-06,0.000588529547577075,0.12154896789001089
uniform_1d,1,2000,62,RR-tiny,8000000000.0,5.0,5.0,0.01,1.0174860953782172e-10,1.0,0.07842184599985558,9.0,3.9311833740507396e-05,1.1402687319025154e-05,1.9099388737231493e-10,1.9099388737231493e-10,5.0244519743676e-10,5.012211076145736e-07,6.294994905321271e-14,0.0005178215262543065,3.123421110970224e-06
uniform_1d,1,2000,62,BB,1.0,4.0,5.0,0.01,7.552041436653667e-09,1.0,0.7396269079999911,176.0,8.925618603718801,0.9949298919176469,5.833521063734224,5.833521063734224,10.351125062453445,0.0719413826057487,0.001339440698423921,0.0017956286215187413,0.5616711787812115
uniform_1d,1,2000,64,Ordinary,inf,3.0,3.0,0.01,2.0925705612739876e-10,1.0,0.6826394930001243,37.0,0.0,0.0,0.0,0.0,0.0,0.0,0.0,0.0006981662523118095,0.0
uniform_1d,1,2000,64,RR-balanced,86.2579949880003,3.0,3.0,0.01,2.8773143867510953e-09,1.0,0.5064792470000157,34.0,0.4182396268800612,0.10664749485510454,0.03724943221504873,0.03724943221504873,0.06554404973985042,0.0057246855695247765,8.691733008901371e-06,0.0007575159375572565,0.058587703416555656
uniform_1d,1,2000,64,RR-tiny,8000000000.0,3.0,3.0,0.01,6.377496974963037e-09,1.0,0.07489592399997491,3.0,3.9204555952854214e-05,1.0958995227224663e-05,1.6916601452976465e-10,1.6916601452976465e-10,3.3788202900552627e-10,4.1102434782231957e-07,4.228870899043536e-14,0.0006981609064672298,9.059006841737069e-07
uniform_1d,1,2000,64,BB,1.0,3.0,3.0,0.01,2.0989838755980372e-09,1.0,0.5671793879998859,39.0,6.373648387922499,0.9820277875294522,3.2706037045213634,3.2706037045213634,6.7598978537539045,0.05813732817112386,0.0008000833094231611,0.0015980297597841223,0.10481269171159943
uniform_1d,1,2000,63,Ordinary,inf,6.0,6.0,0.01,5.504367406317101e-09,1.0,0.945477326999935,476.0,0.0,0.0,0.0,0.0,0.0,0.0,0.0,0.00047804742975070047,0.0
uniform_1d,1,2000,63,RR-balanced,86.2579949880003,6.0,6.0,0.01,1.8785384581221365e-08,1.0,0.723801561999835,240.0,0.37585925110042706,0.10555492677709917,0.05412216829699901,0.05412216829699901,0.09733933191687874,0.00697636480973002,1.2911269073302895e-05,0.00047376459768556315,0.16287074275834657
uniform_1d,1,2000,63,RR-tiny,8000000000.0,6.0,6.0,0.01,5.9543481256696396e-12,1.0,0.15359688100011226,6.0,4.291715175330779e-05,1.1398760990027788e-05,2.423803380224854e-10,2.423803380224854e-10,4.693514181571133e-10,4.844333897230419e-07,5.601944768357413e-14,0.00047804790244087084,1.8807123056463714e-06
uniform_1d,1,2000,63,BB,1.0,5.0,5.0,0.01,1.9941040374504837e-08,1.0,0.8005658580000272,94.0,6.9268326645410605,1.0114170987670035,2.8802726788599102,2.8802726788599102,5.7503949875780975,0.053620868081270825,0.0006708420311161074,0.0011785204904030048,0.4369417270475689
uniform_1d,1,2000,66,Ordinary,inf,5.0,6.0,0.01,1.97775562593705e-08,1.0,0.8282029280001098,287.0,0.0,0.0,0.0,0.0,0.0,0.0,0.0,0.0002634067317719216,0.0
uniform_1d,1,2000,66,RR-balanced,86.2579949880003,4.0,4.0,0.01,2.326805415009403e-12,1.0,0.4710596570000689,149.0,0.45682792734475597,0.1084162645362803,0.039854189545167173,0.039854189545167173,0.077274711945513,0.006215895428074421,9.943409207763363e-06,0.00022204291328536946,0.08752214569758038
uniform_1d,1,2000,66,RR-tiny,8000000000.0,5.0,5.0,0.01,5.6261151293313105e-09,1.0,0.07690021400003388,3.0,3.84462550593323e-05,1.083148748896529e-05,5.9117155615240335e-12,5.9117155615240335e-12,8.038785788941007e-11,2.0048423615013984e-07,9.910249347749146e-15,0.00026340727964375694,2.896601858430564e-06
uniform_1d,1,2000,66,BB,1.0,4.0,4.0,0.01,1.1740483696343063e-08,1.0,0.6970400879999943,95.0,6.953022640955792,0.9827469525181368,0.816941815397513,0.816941815397513,1.447089530675297,0.026898787432478224,0.0001822172109954973,0.00020497027265894678,0.4058097776960097
uniform_1d,1,2000,65,Ordinary,inf,5.0,5.0,0.01,6.046017664296244e-08,1.0,0.9636714880000454,95.0,0.0,0.0,0.0,0.0,0.0,0.0,0.0,0.0013524915340020027,0.0
uniform_1d,1,2000,65,RR-balanced,86.2579949880003,5.0,5.0,0.01,9.110856513672161e-09,1.0,0.4298698370000693,106.0,0.3798122943048676,0.10652516945154247,0.01831495796341187,0.01831495796341187,0.03558896639321562,0.004218350767374355,4.5328357340770566e-06,0.0013203579025643437,0.019017417586471488
uniform_1d,1,2000,65,RR-tiny,8000000000.0,5.0,5.0,0.01,1.2452261444195756e-12,1.0,0.07223219100001188,15.0,4.4065757947242545e-05,1.1128481701408634e-05,5.725269147660583e-10,5.725269147660583e-10,1.0868459106195475e-09,7.371722697645197e-07,1.3662132203934836e-13,0.0013525046057871364,6.893446864790561e-06
uniform_1d,1,2000,65,BB,1.0,4.0,4.0,0.01,5.988253226618667e-09,1.0,0.8693504939999457,125.0,6.819963975050777,0.9748454598634124,5.6688488052727735,5.6688488052727735,11.288702661040627,0.07512889810532505,0.0013466557937677343,0.00478983411208323,0.3577519907852129
uniform_1d,1,2000,67,Ordinary,inf,4.0,4.0,0.01,5.024818339194326e-09,1.0,0.7363663300002372,100.0,0.0,0.0,0.0,0.0,0.0,0.0,0.0,0.00034624138753895975,0.0
uniform_1d,1,2000,67,RR-balanced,86.2579949880003,4.0,4.0,0.01,2.1078028211718447e-11,1.0,0.675691302000132,99.0,0.4740862582355927,0.1107830201235146,0.04582850711540232,0.04582850711540232,0.08135978739912135,0.00637807915438188,1.0488627009277401e-05,0.00040374626073426455,0.119221995960271
uniform_1d,1,2000,67,RR-tiny,8000000000.0,4.0,4.0,0.01,6.40331632162372e-09,1.0,0.08223748499995054,16.0,4.1557824035476365e-05,1.1203758113878424e-05,6.193658919073641e-10,6.193658919073641e-10,1.1185111393531768e-09,7.478339185117164e-07,1.4024522884689447e-13,0.00034624763251711187,7.780514736714607e-06
uniform_1d,1,2000,67,BB,1.0,4.0,4.0,0.01,1.1540854938374423e-09,1.0,0.7306571679998797,74.0,7.220899707754084,0.9977811658113643,3.784713137734343,3.784713137734343,7.4020506643071,0.0608360528975504,0.000932288266620995,0.0005252906988656136,0.40300944839791725
uniform_1d,1,2000,68,Ordinary,inf,4.0,4.0,0.01,3.201232390281916e-09,1.0,0.8619407510000201,66.0,0.0,0.0,0.0,0.0,0.0,0.0,0.0,0.0005429368691542634,0.0
uniform_1d,1,2000,68,RR-balanced,86.2579949880003,4.0,4.0,0.01,5.540362835176893e-09,1.0,0.532365013999879,46.0,0.4790029528248827,0.1094877100793517,0.0577197278435051,0.0577197278435051,0.10127805571866565,0.007116110444571024,1.3882387760129646e-05,0.0006354824293492429,0.051008018327836566
uniform_1d,1,2000,68,RR-tiny,8000000000.0,4.0,4.0,0.01,8.149712016347621e-09,1.0,0.09167569600003844,2.0,4.120434383092508e-05,1.1449211571248232e-05,4.688445187639445e-10,4.688445187639445e-10,9.517638777188238e-10,6.898419665832254e-07,1.1649079089600464e-13,0.0005429348920687566,1.2827488140616304e-06
uniform_1d,1,2000,68,BB,1.0,4.0,4.0,0.01,1.4052212726767266e-09,1.0,0.6831713919998492,54.0,7.8069015028409385,0.9937053404417754,2.8799347175263392,2.8799347175263392,5.38274796268219,0.05187845392203873,0.0007035527107903608,0.0019965478026973535,0.22193848596105584
uniform_1d,1,2000,69,Ordinary,inf,5.0,5.0,0.01,9.425398905804627e-09,1.0,0.9082525380001698,251.0,0.0,0.0,0.0,0.0,0.0,0.0,0.0,0.0004285341469786551,0.0
uniform_1d,1,2000,69,RR-balanced,86.2579949880003,5.0,5.0,0.01,1.891510725826606e-09,1.0,0.6408732919999238,197.0,0.38592279033171506,0.10850723153187367,0.02893601144751301,0.02893601144751301,0.0533377156225482,0.005164189947249626,7.175986002341237e-06,0.0004767924398661027,0.09272938600710386
uniform_1d,1,2000,69,RR-tiny,8000000000.0,5.0,5.0,0.01,1.4132861547722086e-08,1.0,0.08339059300010376,21.0,3.8972174094542567e-05,1.1486811972318346e-05,5.438778316602111e-10,5.438778316602111e-10,1.3349894381893436e-09,8.170035000504415e-07,1.689952192325061e-13,0.00042854207072370865,1.7340818020025293e-05
uniform_1d,1,2000,69,BB,1.0,3.0,3.0,0.01,6.31041885412742e-11,1.0,0.6315783280001597,34.0,9.27970011681435,1.015011105053978,3.6532826018856213,3.6532826018856213,6.880815297080344,0.05865498826647374,0.0009176172401860915,0.0018279513972007631,0.5296619139589306
uniform_1d,1,2000,70,Ordinary,inf,5.0,5.0,0.01,5.141020942289742e-09,1.0,1.1750319200000376,187.0,0.0,0.0,0.0,0.0,0.0,0.0,0.0,0.0006032438721767675,0.0
uniform_1d,1,2000,70,RR-balanced,86.2579949880003,5.0,7.0,0.01,1.390049586547093e-08,1.0,0.6039590450000105,260.0,0.3852350571839458,0.10631701851420552,0.014077459996315156,0.014077459996315156,0.02500045166396753,0.0035355658432539147,3.2609697606438236e-06,0.000606554064334992,0.06866432381764258
uniform_1d,1,2000,70,RR-tiny,8000000000.0,5.0,5.0,0.01,2.4276961774205574e-08,1.0,0.07074027300018315,7.0,3.882097761920278e-05,1.0983308616754903e-05,1.9554136088117957e-10,1.9554136088117957e-10,4.025147518947807e-10,4.4861718195739043e-07,5.0492323987873383e-14,0.0006032396289804682,1.842727915461177e-06
uniform_1d,1,2000,70,BB,1.0,4.0,4.0,0.01,2.437672952382286e-09,1.0,0.6517456329997913,101.0,6.424265246832987,0.9972137713875442,5.161511425363187,5.161511425363187,9.76374961152008,0.06987041438090975,0.0012925228340557432,0.0024510875895666128,0.6353920013271777
uniform_1d,1,2000,72,Ordinary,inf,5.0,5.0,0.01,6.297821597556208e-09,1.0,0.7645265359999485,85.0,0.0,0.0,0.0,0.0,0.0,0.0,0.0,0.0013883301736671244,0.0
uniform_1d,1,2000,72,RR-balanced,86.2579949880003,5.0,5.0,0.01,6.00848433229828e-08,1.0,0.35650514000008116,82.0,0.3810576420043741,0.10806089845747849,0.014933021031993121,0.014933021031993121,0.029320139163580148,0.0038288470303460905,3.7112402076936886e-06,0.0013989344410041318,0.010612230773530042
uniform_1d,1,2000,72,RR-tiny,8000000000.0,5.0,5.0,0.01,5.7345239667938586e-12,1.0,0.08029161500007831,9.0,3.52317018411652e-05,1.116287419946457e-05,7.207745511550456e-10,7.207745511550456e-10,1.3616177329931858e-09,8.251114267155637e-07,1.7114895384964494e-13,0.0013883405458455982,5.4092397361400865e-06
uniform_1d,1,2000,72,BB,1.0,4.0,4.0,0.01,7.769567877957684e-09,1.0,0.49772953299998335,51.0,6.662421118103249,1.000787592254609,1.9431739040101093,1.9431739040101093,3.6724576118005974,0.04285124042428992,0.000466188227235783,0.002559074030449898,0.24619039688389333
uniform_1d,1,2000,71,Ordinary,inf,6.0,7.0,0.01,1.4647369983578074e-09,1.0,1.2081280949998927,529.0,0.0,0.0,0.0,0.0,0.0,0.0,0.0,0.0002649901667885475,0.0
uniform_1d,1,2000,71,RR-balanced,86.2579949880003,6.0,6.0,0.01,1.586289788413353e-08,1.0,1.1367412679999234,357.0,0.46654370544431556,0.10872153570658215,0.06398265407233339,0.06398265407233339,0.12661863119278935,0.00795671512600487,1.5355010937725495e-05,0.00028165287108416397,0.12095325750088602
uniform_1d,1,2000,71,RR-tiny,8000000000.0,6.0,6.0,0.01,3.1731062222206674e-11,1.0,0.07956183600003897,11.0,4.8893080357936824e-05,1.1054046461042309e-05,6.675691111013293e-10,6.675691111013293e-10,1.932475444665543e-09,9.829739174224165e-07,2.4917907948236797e-13,0.00026498245293662086,2.1326133502755653e-05
uniform_1d,1,2000,71,BB,1.0,6.0,7.0,0.01,6.547962172476218e-11,1.0,0.775891933000139,237.0,8.413821996442815,1.0339964368652799,3.1262022718888147,3.1262022718888147,6.440434732969544,0.05674695909460499,0.0007634732765751911,0.0008593741451838373,0.21313715579198944
uniform_1d,1,2000,73,Ordinary,inf,4.0,4.0,0.01,4.1818584151087634e-09,1.0,0.8808750640000653,93.0,0.0,0.0,0.0,0.0,0.0,0.0,0.0,0.00042340682275100695,0.0
uniform_1d,1,2000,73,RR-balanced,86.2579949880003,4.0,4.0,0.01,1.3740630855352265e-10,1.0,0.4318788460002452,102.0,0.43016776769569964,0.10629266388540126,0.0735708958336545,0.0735708958336545,0.14170675743814687,0.008417444904427557,1.8020372659354608e-05,0.0004216547499206818,0.07099174963533152
uniform_1d,1,2000,73,RR-tiny,8000000000.0,4.0,4.0,0.01,4.328447378298961e-09,1.0,0.07773285999996915,5.0,4.376297333963386e-05,1.1352135661568156e-05,4.042703949380666e-10,4.042703949380666e-10,8.185334104292238e-10,6.397395604577005e-07,1.0323662780271046e-13,0.0004234040182433315,1.6840280571455706e-06
uniform_1d,1,2000,73,BB,1.0,4.0,4.0,0.01,8.144669827458983e-09,1.0,0.7625070500000675,70.0,6.152802127667822,1.0283462108711945,4.078873984769416,4.078873984769416,7.394858291340658,0.0608064893384771,0.0010085327150793286,0.0007511541621774944,0.40149800291504695
uniform_1d,1,2000,75,Ordinary,inf,4.0,4.0,0.01,2.6052498380835232e-08,1.0,0.7393795759999193,109.0,0.0,0.0,0.0,0.0,0.0,0.0,0.0,0.0017477042715297658,0.0
uniform_1d,1,2000,75,RR-balanced,86.2579949880003,4.0,4.0,0.01,1.516054837225056e-08,1.0,0.33994085300014376,73.0,0.41547714796154867,0.10729911887287588,0.018543233908530965,0.018543233908530965,0.03628400851950344,0.004259343172339102,4.453937028047352e-06,0.001747734515395935,0.0170491043629441
uniform_1d,1,2000,75,RR-tiny,8000000000.0,4.0,4.0,0.01,8.343904012164671e-09,1.0,0.07415673199989214,7.0,4.059879490525553e-05,1.1534965874639445e-05,2.473825588822365e-10,2.473825588822365e-10,4.841805923575576e-10,4.920267230331894e-07,6.049622734221513e-14,0.0017477116851701922,1.6427182874941532e-06
uniform_1d,1,2000,75,BB,1.0,4.0,4.0,0.01,3.723770669594728e-08,1.0,0.8400906950000717,115.0,7.773227186304805,0.9802283299942973,2.871889117385763,2.871889117385763,5.678413705224571,0.05328420828549755,0.0007198585618846195,0.0035508028234846668,0.3327290486561027
uniform_1d,1,2000,74,Ordinary,inf,5.0,7.0,0.01,1.1440662195383311e-08,1.0,0.7770180009999876,212.0,0.0,0.0,0.0,0.0,0.0,0.0,0.0,0.00037765085613168496,0.0
uniform_1d,1,2000,74,RR-balanced,86.2579949880003,5.0,7.0,0.01,1.2046448505387275e-08,1.0,0.7216911370001071,296.0,0.3649964795332288,0.1078225281694954,0.04613654335798856,0.04613654335798856,0.09061400595461043,0.006731047687938722,1.135151240351779e-05,0.0003006057963170303,0.14919635926676494
uniform_1d,1,2000,74,RR-tiny,8000000000.0,5.0,5.0,0.01,3.2855882459159602e-09,1.0,0.08757771199998388,6.0,4.63682344435945e-05,1.1296709905098688e-05,0.0,-2.874003257602453e-10,6.367119938398184e-10,5.642304466438418e-07,7.921502297033561e-14,0.0003776523862149798,4.763878906682347e-05
uniform_1d,1,2000,74,BB,1.0,5.0,5.0,0.01,2.448439451185891e-09,1.0,0.9248871609997877,136.0,8.34888801110671,0.9950057647940069,2.300796180539237,2.300796180539237,4.249153819766029,0.046093133001381174,0.0005755530417297427,0.0015682527559640026,0.24918419159919022
uniform_1d,1,2000,76,Ordinary,inf,5.0,5.0,0.01,1.3484187100232248e-09,1.0,0.8198055830000612,172.0,0.0,0.0,0.0,0.0,0.0,0.0,0.0,0.0010671296526117442,0.0
uniform_1d,1,2000,76,RR-balanced,86.2579949880003,5.0,5.0,0.01,6.3232885594288746e-09,1.0,0.5616599590000533,126.0,0.4462137686892995,0.10731145540613833,0.029009933588895365,0.029009933588895365,0.051306748830350565,0.005064916032391384,7.058295419253675e-06,0.0011478301393684086,0.05759871653382231
uniform_1d,1,2000,76,RR-tiny,8000000000.0,5.0,5.0,0.01,1.4515537660741984e-09,1.0,0.08049122600004921,6.0,3.619493709994259e-05,1.0795261950528342e-05,4.0472514228895307e-10,4.0472514228895307e-10,9.02324648495145e-10,6.716861798843061e-07,1.1019357199274467e-13,0.0010671240416138643,1.5899993459770532e-06
uniform_1d,1,2000,76,BB,1.0,5.0,5.0,0.01,7.307288774072163e-09,1.0,0.5596487299999353,75.0,5.93846881321637,1.0169294846287744,5.316099975581892,5.316099975581892,10.240491050456168,0.0715558909191136,0.0013518619694635023,0.0013592996145563754,0.5080562037444353
uniform_1d,1,2000,77,Ordinary,inf,4.0,4.0,0.01,4.254961272209812e-09,1.0,0.7040163280000797,121.0,0.0,0.0,0.0,0.0,0.0,0.0,0.0,0.00028001689042388383,0.0
uniform_1d,1,2000,77,RR-balanced,86.2579949880003,4.0,4.0,0.01,1.5317569435069345e-10,1.0,0.5639332550001654,97.0,0.4253513033359162,0.10848406426198826,0.06860010552190943,0.06860010552190943,0.13074452364668948,0.008085311485857841,1.7190989244365243e-05,0.0002525054885085139,0.06778124491303344
uniform_1d,1,2000,77,RR-tiny,8000000000.0,4.0,4.0,0.01,2.159074163898822e-08,1.0,0.06983682399982172,4.0,4.031178134333846e-05,1.1314586399481384e-05,8.913048077374697e-11,8.913048077374697e-11,1.8361324273737356e-10,3.0299607484039586e-07,2.2974243925850273e-14,0.00028001317873758427,7.956245615568082e-07
uniform_1d,1,2000,77,BB,1.0,4.0,4.0,0.01,1.9542265583538665e-09,1.0,0.47258001499972124,86.0,7.4706742711512,1.0079677960156153,1.1317181833164796,1.1317181833164796,2.2025782616587857,0.03318567659140601,0.0002706393432467287,0.0008390648449490387,0.20932204838018947
uniform_1d,1,2000,79,Ordinary,inf,5.0,5.0,0.01,1.1076720385361227e-07,1.0,0.8173189340000135,154.0,0.0,0.0,0.0,0.0,0.0,0.0,0.0,0.0010153692415252298,0.0
uniform_1d,1,2000,79,RR-balanced,86.2579949880003,5.0,6.0,0.01,3.8008307612358294e-09,1.0,0.7268850660000226,255.0,0.4166581860933254,0.10940479734725297,0.007531901628226478,0.007531901628226478,0.014573410197808959,0.0026993897641697613,1.5767660158956818e-06,0.0010037683869371528,0.057757983584401866
uniform_1d,1,2000,79,RR-tiny,8000000000.0,5.0,5.0,0.01,1.084342007295902e-07,1.0,0.09979281999994782,12.0,3.576242182923295e-05,1.1049262790344722e-05,0.0,-4.858566171606071e-08,1.1536751795646624e-09,7.594982487026097e-07,1.4585053291039366e-13,0.0010153520511742406,1.9457365627168177e-05
uniform_1d,1,2000,79,BB,1.0,4.0,4.0,0.01,1.2128647663978143e-07,1.0,0.5024348120000468,38.0,7.366469381986448,1.0098234180137808,0.4174454062640507,0.4174454062640507,0.8200109733831706,0.020248592215054984,0.00010485783489725913,0.0014183677804194559,0.09130888457215813
uniform_1d,1,2000,78,Ordinary,inf,5.0,6.0,0.01,3.513489499340494e-10,1.0,0.917415943000151,250.0,0.0,0.0,0.0,0.0,0.0,0.0,0.0,0.0008112119588236388,0.0
uniform_1d,1,2000,78,RR-balanced,86.2579949880003,4.0,4.0,0.01,1.865929633027008e-11,1.0,0.68609327199988,82.0,0.45883833807690655,0.10881785742071744,0.03852775992072566,0.03852775992072566,0.07406518513480263,0.006085441033105268,9.199175239121736e-06,0.0007144308992809888,0.19499519650720143
uniform_1d,1,2000,78,RR-tiny,8000000000.0,5.0,5.0,0.01,1.5965517796701079e-10,1.0,0.07787384600010228,7.0,4.553524654249408e-05,1.1246698800434182e-05,2.28283170145005e-10,2.28283170145005e-10,7.130952988915348e-10,5.971161105227084e-07,8.955055257899018e-14,0.0008112099919169347,1.8014388438651528e-05
uniform_1d,1,2000,78,BB,1.0,4.0,4.0,0.01,4.25266999393159e-09,1.0,0.6225084189998142,62.0,6.898604773198159,1.0143877008462607,3.9251661525095187,3.9251661525095187,7.287580162121093,0.06036381433491878,0.0010125410650427824,0.0011515268379606175,0.21407664297110435
uniform_1d,1,2000,80,Ordinary,inf,4.0,4.0,0.01,1.9898078740254732e-09,1.0,0.8059592409997549,77.0,0.0,0.0,0.0,0.0,0.0,0.0,0.0,0.0004893991618702207,0.0
uniform_1d,1,2000,80,RR-balanced,86.2579949880003,4.0,4.0,0.01,5.207079656344149e-09,1.0,0.45272798400014835,82.0,0.41164675379144233,0.10593063663536312,0.012031021363782202,0.012031021363782202,0.021584741601186654,0.0032851743942435272,2.7959214425461476e-06,0.0005447532707600685,0.0243742034595008
uniform_1d,1,2000,80,RR-tiny,8000000000.0,4.0,4.0,0.01,1.3236325369092583e-08,1.0,0.08190538199983166,5.0,4.309848526129478e-05,1.1074215573006644e-05,1.723492459859699e-10,1.723492459859699e-10,3.3836449052178863e-10,4.113176938339686e-07,4.2744414558975765e-14,0.0004893935298192344,1.3620367041333778e-06
uniform_1d,1,2000,80,BB,1.0,4.0,4.0,0.01,3.603994436218727e-09,1.0,0.7405594570000176,50.0,9.473683135396195,0.9859542115204576,4.376517096921816,4.376517096921816,8.84611194497453,0.06650605966742629,0.0010934655116788133,0.002333944576891458,0.12542775787534938
uniform_1d,1,2000,81,Ordinary,inf,5.0,5.0,0.01,9.27401022643437e-09,1.0,0.7774899680000544,184.0,0.0,0.0,0.0,0.0,0.0,0.0,0.0,0.0003747498227090008,0.0
uniform_1d,1,2000,81,RR-balanced,86.2579949880003,4.0,4.0,0.01,8.70397687258162e-09,1.0,0.5837201999997887,71.0,0.44770433029449275,0.10901378530801653,0.049348927967002965,0.049348927967002965,0.08725502996237242,0.006605112790951129,1.1478659392785261e-05,0.000425819874015375,0.06852692226983578
uniform_1d,1,2000,81,RR-tiny,8000000000.0,5.0,5.0,0.01,2.324921366536614e-09,1.0,0.08437705400001505,12.0,4.596883663099405e-05,1.1140020132871687e-05,7.048583938740194e-10,7.048583938740194e-10,1.4252498450380502e-09,8.441711452774402e-07,1.7698573115121386e-13,0.0003747582395742771,7.857465167130536e-06
uniform_1d,1,2000,81,BB,1.0,4.0,4.0,0.01,2.1177792852711264e-08,1.0,0.7495502839999517,54.0,11.362323719870455,1.013933319867697,10.726571092602626,10.726571092602626,20.76088454862598,0.1018844555087428,0.002724426940774167,0.0033796024781735136,0.18736014757788627
uniform_1d,1,2000,83,Ordinary,inf,4.0,4.0,0.01,2.3619749267567158e-08,1.0,0.7582006320001256,154.0,0.0,0.0,0.0,0.0,0.0,0.0,0.0,0.00027074420947180634,0.0
uniform_1d,1,2000,83,RR-balanced,86.2579949880003,4.0,4.0,0.01,5.4076743083442125e-12,1.0,0.4977182770001036,44.0,0.37954033637497075,0.10884121142196009,0.019471931298994605,0.019471931298994605,0.036529668636512816,0.004273737745610557,4.747864854473842e-06,0.00023527355406545197,0.025702083804641538
uniform_1d,1,2000,83,RR-tiny,8000000000.0,4.0,4.0,0.01,6.0891740538693284e-09,1.0,0.07593836099999862,12.0,4.180872844794514e-05,1.1161014662657836e-05,1.255102688446641e-10,1.255102688446641e-10,2.5406709019520283e-10,3.5641765542352333e-07,3.203425287467739e-14,0.0002707433412970976,3.7999582000222215e-06
uniform_1d,1,2000,83,BB,1.0,3.0,3.0,0.01,1.6795147494974572e-09,1.0,0.6176436900000226,35.0,6.735128049115398,1.013767715124401,1.6408584645400879,1.6408584645400879,3.2302732240539944,0.04018876226045034,0.0003961304445640106,0.0009559931726560643,0.313495344063953
uniform_1d,1,2000,82,Ordinary,inf,5.0,5.0,0.01,8.267489692848073e-08,1.0,0.7662340199999562,110.0,0.0,0.0,0.0,0.0,0.0,0.0,0.0,0.0003548229262771557,0.0
uniform_1d,1,2000,82,RR-balanced,86.2579949880003,5.0,5.0,0.01,4.388613916717077e-10,1.0,0.3668918199998643,77.0,0.4108479570794743,0.10747408614975165,0.05172504215352092,0.05172504215352092,0.09885402033714986,0.0070304345647033036,1.1067322449776355e-05,0.00033917107112625206,0.02287800334791679
uniform_1d,1,2000,82,RR-tiny,8000000000.0,5.0,5.0,0.01,2.0144004464484055e-08,1.0,0.08021363300008488,12.0,4.076941666075751e-05,1.1269325807708517e-05,4.4019543565809727e-10,4.4019543565809727e-10,7.498824061804733e-10,6.12324426338062e-07,9.583648558875039e-14,0.00035482458256485796,8.149973823281784e-06
uniform_1d,1,2000,82,BB,1.0,4.0,4.0,0.01,5.080712295324474e-09,1.0,1.0243436660000498,55.0,7.063164304834752,0.9929805314819988,3.7870109766827227,3.7870109766827227,7.162922429655499,0.059845310717112576,0.0009396332720791444,0.0021407123812557253,0.40389206301253144
uniform_1d,1,2000,84,Ordinary,inf,4.0,4.0,0.01,1.9563479725093202e-09,1.0,0.9209773719999248,103.0,0.0,0.0,0.0,0.0,0.0,0.0,0.0,0.0003472672731521754,0.0
uniform_1d,1,2000,84,RR-balanced,86.2579949880003,4.0,4.0,0.01,2.589052083834531e-09,1.0,0.5860930200003622,58.0,0.466382852642814,0.10878332033399221,0.01985417879132001,0.01985417879132001,0.03541454968566063,0.004208001288358918,4.5596745776385825e-06,0.00037070434514900846,0.0568837979744372
uniform_1d,1,2000,84,RR-tiny,8000000000.0,4.0,4.0,0.01,3.2195266452816895e-09,1.0,0.09129161199984992,3.0,4.080772054115833e-05,1.0998728894979552e-05,2.0372681319713593e-10,2.0372681319713593e-10,3.7987212062020135e-10,4.3581654432811595e-07,4.8103306470172373e-14,0.00034727277478684057,1.0922791614788445e-06
uniform_1d,1,2000,84,BB,1.0,4.0,4.0,0.01,9.6805692351154e-09,1.0,0.5846167109998532,68.0,9.375926108337257,1.0112354165956867,5.919918680187948,5.919918680187948,11.637327888853523,0.07628016743837655,0.0013906580711869328,0.0014258662770394723,0.579528170637772
uniform_1d,1,2000,85,Ordinary,inf,4.0,4.0,0.01,1.6586332307610974e-09,1.0,0.8606626580001375,59.0,0.0,0.0,0.0,0.0,0.0,0.0,0.0,0.0009662797342023365,0.0
uniform_1d,1,2000,85,RR-balanced,86.2579949880003,4.0,4.0,0.01,8.441155996408156e-09,1.0,0.5689921319997211,59.0,0.4592291694854578,0.10617109186913351,0.03480610732003697,0.03480610732003697,0.06747889588690578,0.005808566771885547,8.621543986076341e-06,0.0009609844162299747,0.027183411426505752
uniform_1d,1,2000,85,RR-tiny,8000000000.0,4.0,4.0,0.01,9.431493808165214e-09,1.0,0.0954978199999914,5.0,4.7888235469972784e-05,1.1303056276997968e-05,3.064997144974768e-10,3.064997144974768e-10,6.072985458838228e-10,5.510438031063514e-07,7.461055310102081e-14,0.0009662815489534574,1.6030842288760696e-06
uniform_1d,1,2000,85,BB,1.0,4.0,4.0,0.01,5.44209699526732e-09,1.0,0.8462511870000071,55.0,7.805122152775638,1.0352180892602125,2.6754211678585307,2.6754211678585307,4.805629857153175,0.04901851618089421,0.0006018879102363043,0.0023927714605743882,0.423943034198322
uniform_1d,1,2000,87,Ordinary,inf,4.0,4.0,0.01,5.724558604924823e-10,1.0,0.7223688829999446,130.0,0.0,0.0,0.0,0.0,0.0,0.0,0.0,0.0012946983872593582,0.0
uniform_1d,1,2000,87,RR-balanced,86.2579949880003,4.0,4.0,0.01,3.2007729799943263e-12,1.0,0.3603049050000209,63.0,0.3439379904232349,0.10577800792576454,0.012014170106340316,0.012014170106340316,0.021464851308471915,0.003276038103294276,2.848071435074115e-06,0.00132907645366367,0.06938621468185686
uniform_1d,1,2000,87,RR-tiny,8000000000.0,4.0,4.0,0.01,2.932396547805638e-10,1.0,0.1515012069999102,3.0,3.922113408383332e-05,1.1063042631670543e-05,2.7193891583010554e-10,2.7193891583010554e-10,5.473270379485353e-10,5.231285874183017e-07,6.830559747995696e-14,0.0012947106695418826,1.4081712836542983e-06
uniform_1d,1,2000,87,BB,1.0,3.0,3.0,0.01,4.291054178651166e-09,1.0,0.5729177240000354,41.0,9.005641476150856,1.0561387560663449,2.8139263318898884,2.8139263318898884,5.65796563736496,0.05318818307370989,0.0006968240704467973,0.0024266487217273324,0.20079008463835546
uniform_1d,1,2000,86,Ordinary,inf,5.0,5.0,0.01,2.220937878050222e-09,1.0,0.8769643499999802,257.0,0.0,0.0,0.0,0.0,0.0,0.0,0.0,0.0005563998438563678,0.0
uniform_1d,1,2000,86,RR-balanced,86.2579949880003,5.0,5.0,0.01,3.1767792840753373e-09,1.0,0.6005362339999465,216.0,0.47373382460420244,0.10718253963264324,0.05611042628015639,0.05611042628015639,0.09327823347740752,0.006829283764693319,1.1836673632788114e-05,0.0005686497154430082,0.02785279795673481
uniform_1d,1,2000,86,RR-tiny,8000000000.0,5.0,5.0,0.01,1.1398346710933538e-08,1.0,0.1096753100002843,6.0,4.421012961586257e-05,1.087861799908535e-05,3.9335645851679146e-10,3.9335645851679146e-10,8.100995936639742e-10,6.364352259515395e-07,1.0358462356637866e-13,0.0005564113940573725,1.3649408786452507e-06
uniform_1d,1,2000,86,BB,1.0,5.0,5.0,0.01,1.5325207769478766e-10,1.0,0.9309616329999244,223.0,8.63123766348788,1.001232089102167,1.8434973931553031,1.8434973931553031,3.549844006617412,0.04212982320528661,0.0004519642360458708,0.000449249289520375,0.3250254907144845
uniform_1d,1,2000,88,Ordinary,inf,5.0,5.0,0.01,2.1137442907104287e-09,1.0,1.049954772000092,164.0,0.0,0.0,0.0,0.0,0.0,0.0,0.0,0.000742453412708654,0.0
uniform_1d,1,2000,88,RR-balanced,86.2579949880003,5.0,5.0,0.01,1.5421175447727364e-10,1.0,0.7139881840000726,243.0,0.37101186427740296,0.10812824979303563,0.03804530273873752,0.03804530273873752,0.07358955729327406,0.006065869982668358,9.393230452195636e-06,0.0007215275196374592,0.045387855660759424
uniform_1d,1,2000,88,RR-tiny,8000000000.0,5.0,5.0,0.01,1.1082823547781118e-09,1.0,0.08039372300004288,7.0,4.247942264068438e-05,1.1225389016465578e-05,9.026734915096313e-10,9.026734915096313e-10,2.0852308379545137e-09,1.0210854121851202e-06,2.6472267021534463e-13,0.0007424572094653647,1.7836043346179468e-06
uniform_1d,1,2000,88,BB,1.0,4.0,4.0,0.01,4.247956653102847e-09,1.0,0.8072345129999121,48.0,6.878195194483666,1.0019676706721474,1.891485560593992,1.891485560593992,3.5372972792335164,0.042055304536012555,0.0004261455586813391,0.0019631554326823564,0.4206274367302301
uniform_1d,1,2000,89,Ordinary,inf,5.0,5.0,0.01,6.751637027235802e-09,1.0,0.7939457620002486,168.0,0.0,0.0,0.0,0.0,0.0,0.0,0.0,0.0006925020300149612,0.0
uniform_1d,1,2000,89,RR-balanced,86.2579949880003,5.0,5.0,0.01,1.6749428510820508e-09,1.0,0.7245201329999418,143.0,0.40052156544924933,0.10649185026107989,0.05545684861272093,0.05545684861272093,0.10551936669268352,0.0072635861216304,1.3486962637774922e-05,0.0007148335420741909,0.06944933216221762
uniform_1d,1,2000,89,RR-tiny,8000000000.0,5.0,5.0,0.01,1.8794571232660928e-08,1.0,0.08590830199977972,10.0,3.969823951788243e-05,1.1432534921510668e-05,1.596163201611489e-10,1.596163201611489e-10,3.063483016033139e-10,3.913746936142614e-07,4.268621370035372e-14,0.0006925025392150717,2.6951670890111266e-06
uniform_1d,1,2000,89,BB,1.0,4.0,4.0,0.01,2.9844076099294625e-09,1.0,0.8731267429998297,126.0,5.354961916312938,0.9861779123475831,3.524567105620008,3.524567105620008,5.763643283531639,0.05368260092214068,0.0008366281013448499,0.001397176856992458,0.4761285692267088
uniform_1d,1,2000,90,Ordinary,inf,4.0,4.0,0.01,7.496497200776275e-09,1.0,0.8272729029999937,81.0,0.0,0.0,0.0,0.0,0.0,0.0,0.0,0.0012796240916735388,0.0
uniform_1d,1,2000,90,RR-balanced,86.2579949880003,4.0,4.0,0.01,1.8686481251251053e-09,1.0,0.6781083930000023,69.0,0.4757524341470951,0.10760548838705229,0.10565787948280558,0.10565787948280558,0.20037494682593188,0.010009369281476528,2.5461713002349255e-05,0.0014516431512920187,0.06706446910552501
uniform_1d,1,2000,90,RR-tiny,8000000000.0,4.0,4.0,0.01,5.6346038945775945e-11,1.0,0.10516070900007435,8.0,4.048469387774034e-05,1.1266851357879516e-05,7.012204150669277e-10,7.012204150669277e-10,1.3600967593104543e-09,8.246504590765879e-07,1.7346451140060616e-13,0.0012796481596569576,2.140610951632878e-06
uniform_1d,1,2000,90,BB,1.0,5.0,6.0,0.01,7.781366662129585e-09,1.0,0.7664992799998345,265.0,7.8193060233817455,1.030032258157334,1.4270007846071167,1.4270007846071167,2.4438134327835437,0.03495578230267164,0.0003251815779981496,0.0020738556340039902,0.26977134513126727
uniform_1d,1,2000,91,Ordinary,inf,5.0,5.0,0.01,1.1047716430567789e-07,1.0,1.1189870089999658,248.0,0.0,0.0,0.0,0.0,0.0,0.0,0.0,0.0003885626002572447,0.0
uniform_1d,1,2000,91,RR-balanced,86.2579949880003,5.0,5.0,0.01,1.1260445020866428e-07,1.0,0.8069996790000005,234.0,0.41994910392379836,0.11037160440527902,0.056409093639558705,0.056409093639558705,0.10597889661526269,0.007279385160000214,1.3431944302506214e-05,0.000451365002580945,0.08360282360450917
uniform_1d,1,2000,91,RR-tiny,8000000000.0,5.0,5.0,0.01,2.100319917985871e-12,1.0,0.07876826500000789,3.0,4.0256211839118095e-05,1.1242961852629842e-05,1.1687006917782128e-10,1.1687006917782128e-10,2.3373037703023126e-10,3.4185550824158976e-07,2.891459001854302e-14,0.00038856167857087185,8.823616886069624e-07
uniform_1d,1,2000,91,BB,1.0,4.0,4.0,0.01,1.135139759966819e-09,1.0,0.6798789859999488,123.0,7.4768258245087065,0.9716572192584163,4.223191850999683,4.223191850999683,8.132113606062127,0.06376563967397382,0.0010634059589625683,0.0006573394207716859,0.2999434069391319
uniform_1d,1,2000,92,Ordinary,inf,5.0,5.0,0.01,6.362178561758469e-09,1.0,0.9769631869999102,180.0,0.0,0.0,0.0,0.0,0.0,0.0,0.0,0.0002695042314621,0.0
uniform_1d,1,2000,92,RR-balanced,86.2579949880003,5.0,5.0,0.01,1.3497875261947456e-08,1.0,0.571968452999954,158.0,0.3606192299413775,0.10781380014019758,0.05326132852042065,0.05326132852042065,0.09755762124455983,0.00698418288866206,1.2154556839683386e-05,0.00027602285098664563,0.08832783240565023
uniform_1d,1,2000,92,RR-tiny,8000000000.0,5.0,5.0,0.01,5.512924561301702e-09,1.0,0.1678330139998252,12.0,5.295288678963672e-05,1.0999167541454081e-05,4.411049303598702e-10,4.411049303598702e-10,8.372253338907477e-10,6.470028338001108e-07,1.0827999104264109e-13,0.00026950988092631635,2.9992252503586527e-06
uniform_1d,1,2000,92,BB,1.0,5.0,5.0,0.01,4.624060689906173e-09,1.0,0.7399600010000995,226.0,6.229958004310534,1.0142497865154367,2.5943530466720404,2.5943530466720404,5.654929300990053,0.0531739094904167,0.0005849120722655649,0.0005982009877920908,0.30167639656330486
uniform_1d,1,2000,94,Ordinary,inf,5.0,5.0,0.01,2.2940214394751024e-07,1.0,0.8139689900001486,145.0,0.0,0.0,0.0,0.0,0.0,0.0,0.0,0.00025071585088084103,0.0
uniform_1d,1,2000,94,RR-balanced,86.2579949880003,4.0,4.0,0.01,2.401147725095143e-09,1.0,0.6653494029999365,62.0,0.42330697709259923,0.10752971529845563,0.052237460494325205,0.052237460494325205,0.09209854634984292,0.006785961477559496,1.3937056324387705e-05,0.00019252516556901187,0.11784293298008061
uniform_1d,1,2000,94,RR-tiny,8000000000.0,5.0,5.0,0.01,2.4885671301433376e-09,1.0,0.07170051700018121,8.0,3.7998512859571676e-05,1.1266709330535605e-05,2.8194335754960775e-10,2.8194335754960775e-10,6.690936041039195e-10,5.78400209242666e-07,9.150331400725147e-14,0.0002507114565525603,3.838737561268953e-06
uniform_1d,1,2000,94,BB,1.0,4.0,4.0,0.01,8.831833042677317e-10,1.0,0.5134073369999896,65.0,6.588906114335034,0.9999081764883747,0.847145126313535,0.847145126313535,1.6502996785447017,0.0287254214811959,0.00020478852505106972,0.0006952030644603196,0.2338678086593271
uniform_1d,1,2000,93,Ordinary,inf,5.0,5.0,0.01,1.4673839920931186e-10,1.0,1.2063323349998427,239.0,0.0,0.0,0.0,0.0,0.0,0.0,0.0,0.0008931756751195856,0.0
uniform_1d,1,2000,93,RR-balanced,86.2579949880003,5.0,5.0,0.01,1.4774659495842002e-08,1.0,0.8120361290000346,131.0,0.3980791321092365,0.10754641809283012,0.054977288831651094,0.054977288831651094,0.10287022014969914,0.007171827526847642,1.4043774525102072e-05,0.0009502886544537259,0.05758734451711181
uniform_1d,1,2000,93,RR-tiny,8000000000.0,5.0,5.0,0.01,1.4346301924206273e-11,1.0,0.09946059899993998,11.0,4.046584258809993e-05,1.0976916833374762e-05,1.1586962500587106e-09,1.1586962500587106e-09,2.0548213158579665e-09,1.0136126764839632e-06,2.75511538318628e-13,0.0008931659944758677,5.71270523138909e-06
uniform_1d,1,2000,93,BB,1.0,5.0,5.0,0.01,1.2819019623577788e-08,1.0,0.7583231000000978,89.0,8.52103134948935,1.0320125464162677,2.5063414597607334,2.5063414597607334,4.919565265071789,0.049596195746608375,0.0006112416612644911,0.0007752103879043572,0.23560144231397884
uniform_1d,1,2000,95,Ordinary,inf,4.0,4.0,0.01,1.492455048435204e-10,1.0,0.8451981720002095,90.0,0.0,0.0,0.0,0.0,0.0,0.0,0.0,0.0004979748330149027,0.0
uniform_1d,1,2000,95,RR-balanced,86.2579949880003,4.0,4.0,0.01,7.29824689571501e-09,1.0,0.4466359180000836,65.0,0.4989410691304732,0.10587697986985171,0.010943894013962563,0.010943894013962563,0.019728284592365364,0.0031407232122845023,2.455764741986345e-06,0.0004903442539963374,0.033097911247148594
uniform_1d,1,2000,95,RR-tiny,8000000000.0,4.0,4.0,0.01,3.8772540733589267e-10,1.0,0.07470282200006295,5.0,3.797857504128643e-05,1.1276308901759052e-05,1.6052581486292183e-10,1.6052581486292183e-10,3.422169933864288e-10,4.13652628050656e-07,4.4327393710835855e-14,0.0004979797260931451,7.749095957650021e-07
uniform_1d,1,2000,95,BB,1.0,5.0,5.0,0.01,1.2238547952847512e-09,1.0,0.6696765340000184,142.0,8.65286879738823,1.0310870831602197,3.0543307060347615,3.0543307060347615,4.733374642569623,0.048648610681958956,0.0007120904302764805,0.0012587665935590102,0.2926087052445288
uniform_1d,1,2000,97,Ordinary,inf,4.0,4.0,0.01,1.3580545576985514e-09,1.0,0.7035418120001395,102.0,0.0,0.0,0.0,0.0,0.0,0.0,0.0,0.00035749970180266026,0.0
uniform_1d,1,2000,97,RR-balanced,86.2579949880003,4.0,4.0,0.01,4.858199620372261e-09,1.0,0.5641154569998434,68.0,0.411573097304637,0.10985618552657593,0.0320080747233078,0.0320080747233078,0.06271339337686772,0.005599705053700049,7.84077665407039e-06,0.00040591326077046093,0.0517184002114604
uniform_1d,1,2000,97,RR-tiny,8000000000.0,4.0,4.0,0.01,1.0079997503353866e-08,1.0,0.07464501399977053,9.0,4.348929825148673e-05,1.1331244780017862e-05,4.665707820095122e-10,4.665707820095122e-10,9.275881179691585e-10,6.810242719496709e-07,1.1676371539866172e-13,0.00035750540014453473,2.208178577811715e-06
uniform_1d,1,2000,97,BB,1.0,4.0,4.0,0.01,2.144463273623387e-09,1.0,0.7359470389999387,63.0,6.212526526125169,0.986700043787337,1.3295128217782803,1.3295128217782803,2.5821712250338527,0.03593167978980284,0.000333687654597135,0.0007186709109740656,0.17265293847046295
uniform_1d,1,2000,96,Ordinary,inf,5.0,5.0,0.01,6.058433754674297e-10,1.0,0.8539091600000575,83.0,0.0,0.0,0.0,0.0,0.0,0.0,0.0,0.002171194862009276,0.0
uniform_1d,1,2000,96,RR-balanced,86.2579949880003,5.0,5.0,0.01,5.212444031954533e-09,1.0,0.6387068810001892,64.0,0.4345788618264623,0.10846573663299527,0.07142008783785059,0.07142008783785059,0.13334098478558443,0.00816520008283889,1.7139984466721193e-05,0.00216514407008559,0.03254732260197371
uniform_1d,1,2000,96,RR-tiny,8000000000.0,5.0,5.0,0.01,5.403488767541376e-10,1.0,0.07102727199981018,4.0,3.9005483436493904e-05,1.1219755256541234e-05,1.2141754268668592e-10,1.2141754268668592e-10,2.3941089457850294e-10,3.459847500819241e-07,2.914614009957936e-14,0.0021711855757546947,6.989135273130505e-07
uniform_1d,1,2000,96,BB,1.0,5.0,5.0,0.01,3.0926621263915877e-09,1.0,0.764606325999921,72.0,6.606442425740294,0.9760907637397117,1.7225267393873764,1.7225267393873764,3.1789313209813206,0.03986810329687958,0.0004030759782359428,0.003090388052926947,0.16370972580738033
uniform_1d,1,2000,98,Ordinary,inf,5.0,5.0,0.01,1.9426628328211848e-07,1.0,0.8542801939997844,100.0,0.0,0.0,0.0,0.0,0.0,0.0,0.0,0.00020390350875549727,0.0
uniform_1d,1,2000,98,RR-balanced,86.2579949880003,5.0,5.0,0.01,3.111595514582177e-08,1.0,0.5894230920000609,110.0,0.4129305876011551,0.10774108644175985,0.01422994946324252,0.01422994946324252,0.024656935206616444,0.0035111917639610944,3.6583724417807665e-06,0.00022136113021401887,0.032170684948526554
uniform_1d,1,2000,98,RR-tiny,8000000000.0,5.0,5.0,0.01,5.210339937278263e-09,1.0,0.0780780479999521,3.0,4.5417705867745184e-05,1.118119452055275e-05,2.710294211283326e-10,2.710294211283326e-10,5.266515573366585e-10,5.131527829685124e-07,6.610860594664279e-14,0.0002039023018667742,1.3396704738987386e-06
uniform_1d,1,2000,98,BB,1.0,5.0,5.0,0.01,8.919509575378015e-11,1.0,0.6202451379999729,105.0,6.588394716807469,0.9860745257095651,3.5302849131758194,3.5302849131758194,6.726260392079929,0.05799250120524174,0.0008384390984812427,0.0004987498749302491,0.46068531719817873
uniform_1d,1,2000,99,Ordinary,inf,5.0,5.0,0.01,2.859075598493632e-07,1.0,0.8254834760000449,96.0,0.0,0.0,0.0,0.0,0.0,0.0,0.0,0.0013255663404066812,0.0
uniform_1d,1,2000,99,RR-balanced,86.2579949880003,5.0,5.0,0.01,6.536291796699345e-08,1.0,0.49919377199989867,116.0,0.4109051193150761,0.10719743418362378,0.06239920492953388,0.06239920492953388,0.1189591541217766,0.007712300374135353,1.6373710378415604e-05,0.0011888612466948339,0.03289987257716359
uniform_1d,1,2000,99,RR-tiny,8000000000.0,5.0,5.0,0.01,4.2095354091387094e-08,1.0,0.07157959500000288,17.0,3.810284370864281e-05,1.1069303368869637e-05,1.3310454960446805e-09,1.3310454960446805e-09,2.500559554432414e-09,1.1181591019243223e-06,3.388029464831967e-13,0.001325551169860609,1.032577974109292e-05
uniform_1d,1,2000,99,BB,1.0,4.0,4.0,0.01,5.377250644755804e-09,1.0,0.5402505209999617,63.0,8.955108246397065,1.0154546044001709,5.07828096405683,5.07828096405683,11.02973417504144,0.07426215111024405,0.0012269727544005498,0.0024075056131824197,0.14501369300344966
