scenario,dimension,n,replication,method,alpha,support,raw_support,support_resolution,kkt_gap,converged,runtime_seconds,iterations,weight_max_deviation,weight_rms_deviation,ordinary_loglik_gap,ordinary_loglik_gap_raw,logfit_sq_sum,logfit_rmse,hellinger_to_ordinary,hellinger_to_truth,wasserstein_to_ordinary
square_2d,2,250,0,BB,1.0,8.0,8.0,0.05,1.7279078390330938e-08,1.0,0.6564103880000403,390.0,4.734256997671649,1.0434224641431784,6.132230462536427,6.132230462536427,10.765972838003528,0.2075184120795408,0.0108256263630448,0.0206788422950138,
square_2d,2,250,0,Ordinary,inf,7.0,7.0,0.05,3.044752938663464e-08,1.0,0.6452120989999912,173.0,0.0,0.0,0.0,0.0,0.0,0.0,0.0,0.0128726992499892,
square_2d,2,250,0,RR-balanced,88.14453496797798,7.0,7.0,0.05,2.9067542373084624e-08,1.0,0.1888035810002293,258.0,0.3128052415896383,0.1011788328176429,0.0791558457846122,0.0791558457846122,0.1460032438351995,0.0241663604074092,0.000152183619959,0.0140866796786886,
square_2d,2,250,0,RR-tiny,15625000.0,7.0,7.0,0.05,3.556823946482268e-08,1.0,0.0514281910000136,42.0,0.0007108145976097,0.0002381414393327,2.3582140329381218e-07,2.3582140329381218e-07,4.062010207861876e-07,4.030885861872984e-05,4.438900230899959e-10,0.0128729918782409,
square_2d,2,250,1,BB,1.0,10.0,10.0,0.05,9.904328246435057e-08,1.0,0.4494594259999758,280.0,4.565944198746493,0.9982760386822644,3.92036010898687,3.92036010898687,7.182442617417714,0.1694985854503537,0.0070131722260756,0.0263444586235246,
square_2d,2,250,1,Ordinary,inf,10.0,10.0,0.05,5.6122505309730286e-08,1.0,1.1314136040000449,1551.0,0.0,0.0,0.0,0.0,0.0,0.0,0.0,0.0135098143739247,
square_2d,2,250,1,RR-balanced,88.14453496797798,10.0,10.0,0.05,1.4207631293672309e-08,1.0,0.6126427760000297,2061.0,0.3078561383214813,0.0985641830748789,0.1265494624793746,0.1265494624793746,0.238267412503037,0.0308718261528557,0.0002288236323259,0.013791157860945,
square_2d,2,250,1,RR-tiny,15625000.0,10.0,10.0,0.05,5.527714952435758e-09,1.0,0.0738421210000979,139.0,0.0007754143779842,0.0002683856817829,6.16645706941199e-07,6.16645706941199e-07,1.106934441255742e-06,6.654124859831657e-05,1.0954264068531532e-09,0.0135113635854148,
square_2d,2,250,2,BB,1.0,6.0,6.0,0.05,4.213495263805101e-08,1.0,0.2650496380001641,73.0,4.765124985658686,1.0324684118760872,7.992156723455309,7.992156723455309,11.90298579549124,0.2182016113184432,0.0156826905677857,0.0390342739023333,
square_2d,2,250,2,Ordinary,inf,8.0,8.0,0.05,1.0552090312643259e-09,1.0,0.5318612460000622,1198.0,0.0,0.0,0.0,0.0,0.0,0.0,0.0,0.0127914503989441,
square_2d,2,250,2,RR-balanced,88.14453496797798,6.0,6.0,0.05,3.796751357754147e-09,1.0,0.2048688589998164,139.0,0.3287283153006244,0.1103443979839937,0.065951406125464,0.065951406125464,0.1169999031851618,0.0216332987022471,0.0001242916295021,0.012140962537195,
square_2d,2,250,2,RR-tiny,15625000.0,8.0,8.0,0.05,1.3131120635279103e-09,1.0,0.1330549630001769,448.0,0.0008427399693027,0.0002687251256032,3.492345967970323e-07,3.492345967970323e-07,7.119756231914051e-07,5.336574268915987e-05,7.267181195881208e-10,0.0127917757942902,
square_2d,2,250,3,BB,1.0,9.0,9.0,0.05,1.1005162114940958e-08,1.0,0.4568993940001746,656.0,5.335211760109501,1.0031170816863642,9.013590682138442,9.013590682138442,14.9078704084668,0.2441955807009357,0.0170265131466482,0.033018509365733,
square_2d,2,250,3,Ordinary,inf,9.0,9.0,0.05,6.296146071171904e-08,1.0,0.7280167689998507,403.0,0.0,0.0,0.0,0.0,0.0,0.0,0.0,0.026658230877097,
square_2d,2,250,3,RR-balanced,88.14453496797798,8.0,8.0,0.05,2.2306181346465337e-08,1.0,0.1981457490001048,162.0,0.326449299637837,0.0978711743626325,0.0767560797695523,0.0767560797695523,0.1269279174284167,0.0225324581373996,0.0001285784744985,0.0262326394501479,
square_2d,2,250,3,RR-tiny,15625000.0,9.0,9.0,0.05,1.9773704806880232e-07,1.0,0.066678790999731,114.0,0.0007387439701949,0.0002481195108665,4.980256562703289e-07,4.980256562703289e-07,7.38643661941364e-07,5.435599918836426e-05,8.632783709184851e-10,0.0266568361321237,
square_2d,2,250,4,BB,1.0,7.0,7.0,0.05,3.636375334181707e-08,1.0,0.3427828349999799,148.0,4.52609904372781,0.9804713941922676,4.9372233236663305,4.9372233236663305,8.677180567729733,0.1863027704327526,0.0094004855781558,0.01756858285031,
square_2d,2,250,4,Ordinary,inf,6.0,6.0,0.05,3.2008145023354473e-09,1.0,0.2996753310001168,388.0,0.0,0.0,0.0,0.0,0.0,0.0,0.0,0.0048386249505025,
square_2d,2,250,4,RR-balanced,88.14453496797798,7.0,7.0,0.05,4.0607073259479876e-11,1.0,0.2810123879999082,524.0,0.3321250475440525,0.1134337115047205,0.1220479544431327,0.1220479544431327,0.1957089576980683,0.0279792035410637,0.0002179593046548,0.0061651988226231,
square_2d,2,250,4,RR-tiny,15625000.0,6.0,6.0,0.05,1.8295960302339154e-09,1.0,0.0509189609999793,31.0,0.0008292599395139,0.0002496698395664,6.269098093980574e-07,6.269098093980574e-07,1.133114631954291e-06,6.732353620998502e-05,1.288305564048643e-09,0.0048387181820875,
square_2d,2,250,5,BB,1.0,9.0,9.0,0.05,1.7815233510631856e-08,1.0,0.5250094149998858,161.0,6.0264844466285945,1.0785113734339025,10.12045310501992,10.12045310501992,21.029307508147788,0.2900297054313422,0.0180134997048954,0.0349957118243587,
square_2d,2,250,5,Ordinary,inf,9.0,9.0,0.05,5.067398878288999e-08,1.0,0.8324562480001987,224.0,0.0,0.0,0.0,0.0,0.0,0.0,0.0,0.0270487739849747,
square_2d,2,250,5,RR-balanced,88.14453496797798,9.0,9.0,0.05,2.226454620668505e-08,1.0,0.3054409359999681,170.0,0.3011008127062973,0.1105014557377749,0.108497615678857,0.108497615678857,0.1751732316937655,0.0264706049567262,0.0002146710399682,0.0276610549121642,
square_2d,2,250,5,RR-tiny,15625000.0,9.0,9.0,0.05,1.002433092089916e-08,1.0,0.0593317130001196,54.0,0.0007938948727874,0.0002553970137548,5.457848146761535e-07,5.457848146761535e-07,9.860147725877644e-07,6.28017443257037e-05,9.97143420154715e-10,0.0270437450440913,
square_2d,2,250,6,BB,1.0,6.0,6.0,0.05,4.468766401366509e-08,1.0,0.3748977719999402,115.0,12.59835851224872,1.1980566982958367,9.75198350426308,9.75198350426308,14.374048786109052,0.2397836423621015,0.0196173787799826,0.0487768423046862,
square_2d,2,250,6,Ordinary,inf,7.0,7.0,0.05,1.7071993374528915e-08,1.0,0.6393878749997839,150.0,0.0,0.0,0.0,0.0,0.0,0.0,0.0,0.0176252009546476,
square_2d,2,250,6,RR-balanced,88.14453496797798,7.0,7.0,0.05,1.3727994740975193e-08,1.0,0.2370079329998589,206.0,0.3010927953563129,0.1082493398731947,0.0823388159325304,0.0823388159325304,0.1266594441783242,0.0225086156107677,0.0001520097626042,0.0181945953480055,
square_2d,2,250,6,RR-tiny,15625000.0,7.0,7.0,0.05,2.988613645449334e-08,1.0,0.0539964259999123,56.0,0.0008320475031919,0.000263403063196,4.17461365032068e-07,4.17461365032068e-07,6.573186957660274e-07,5.127645447048879e-05,7.6342463350382e-10,0.0176264981590382,
square_2d,2,250,7,BB,1.0,8.0,8.0,0.05,2.56133336762332e-08,1.0,0.5403668819999439,499.0,4.20534834786101,1.0031838080268036,4.401459929906991,4.401459929906991,6.975806008367677,0.1670425814978645,0.0079680935864232,0.0401748877830741,
square_2d,2,250,7,Ordinary,inf,10.0,11.0,0.05,3.4738927956468046e-08,1.0,0.9768696720000208,571.0,0.0,0.0,0.0,0.0,0.0,0.0,0.0,0.0251466766656925,
square_2d,2,250,7,RR-balanced,88.14453496797798,10.0,10.0,0.05,8.925264483039541e-08,1.0,0.3940072450000116,622.0,0.3344771823775054,0.1022475062154453,0.1349378189303252,0.1349378189303252,0.2540764596740707,0.031879552046669,0.0002616297937734,0.0268486142277615,
square_2d,2,250,7,RR-tiny,15625000.0,10.0,10.0,0.05,1.209586715233968e-07,1.0,0.0830930350000471,182.0,0.0006197703142071,0.0002376427236167,7.209308705569129e-07,7.209308705569129e-07,1.2800412981545974e-06,7.155532958919544e-05,1.2680511686108672e-09,0.0251451329741545,
square_2d,2,250,8,BB,1.0,9.0,9.0,0.05,6.812377773002254e-09,1.0,0.6352888170001734,865.0,3.8048442070230912,0.9940567869079436,8.471917739540459,8.471917739540459,12.342146358491924,0.2221904260627979,0.0143662437884257,0.0305419534296382,
square_2d,2,250,8,Ordinary,inf,8.0,8.0,0.05,1.1120384613150236e-08,1.0,0.1197289309998268,106.0,0.0,0.0,0.0,0.0,0.0,0.0,0.0,0.0126362515211552,
square_2d,2,250,8,RR-balanced,88.14453496797798,7.0,7.0,0.05,5.7623341209733794e-08,1.0,0.3383711290002793,940.0,0.3087177049190027,0.1025617588444973,0.0548697716784545,0.0548697716784545,0.102729250832154,0.0202710878674188,9.083896415032985e-05,0.0124909695390431,
square_2d,2,250,8,RR-tiny,15625000.0,8.0,8.0,0.05,1.4496539524344594e-09,1.0,0.0632193589999587,129.0,0.00097239605504,0.0002513652019386,3.89303863812529e-07,3.89303863812529e-07,8.58005346034138e-07,5.858345657381913e-05,9.017817722422887e-10,0.0126369327856998,
square_2d,2,250,9,BB,1.0,11.0,11.0,0.05,1.787043024670254e-08,1.0,0.7377803429999403,1430.0,5.2523246245908926,1.0242610785869553,8.934369096089313,8.934369096089313,15.92842375562489,0.2524157186517899,0.0144651669191284,0.0412533918169464,
square_2d,2,250,9,Ordinary,inf,9.0,9.0,0.05,2.4185545122179526e-08,1.0,0.6820646620001298,315.0,0.0,0.0,0.0,0.0,0.0,0.0,0.0,0.0216599114996171,
square_2d,2,250,9,RR-balanced,88.14453496797798,9.0,9.0,0.05,1.0595529986723309e-07,1.0,0.1859238629999708,407.0,0.2714143968682703,0.1029049642286609,0.0551843381711023,0.0551843381711023,0.100642627119531,0.0200641597999548,9.627468455625732e-05,0.0212139716171566,
square_2d,2,250,9,RR-tiny,15625000.0,9.0,9.0,0.05,2.1486442758344998e-07,1.0,0.0678700549999575,128.0,0.0007604850592242,0.000227914650916,7.302928679564502e-07,7.302928679564502e-07,1.2092793209531987e-06,6.954938737194452e-05,1.160416843427873e-09,0.0216598250497301,
square_2d,2,250,10,BB,1.0,8.0,8.0,0.05,1.4726156072342178e-08,1.0,0.4602315580000322,180.0,4.920595406159378,1.0088127277643195,7.310828361081576,7.310828361081576,10.9374650502738,0.2091646724499508,0.0125387408999349,0.0250650457188541,
square_2d,2,250,10,Ordinary,inf,8.0,8.0,0.05,7.738657448186359e-08,1.0,0.7816191980002714,201.0,0.0,0.0,0.0,0.0,0.0,0.0,0.0,0.0202998429109605,
square_2d,2,250,10,RR-balanced,88.14453496797798,8.0,8.0,0.05,4.908913875389943e-08,1.0,0.2544412440001906,158.0,0.2643061191594331,0.1051503644740623,0.1402933481689388,0.1402933481689388,0.2487420890192019,0.0315431189972838,0.0002631516289193,0.0213143099668246,
square_2d,2,250,10,RR-tiny,15625000.0,8.0,8.0,0.05,4.0062070105761904e-08,1.0,0.0615754629998264,86.0,0.0006953465680974,0.0002519938062702,5.429677685242495e-07,5.429677685242495e-07,9.78697812435878e-07,6.256829268681951e-05,1.0629728516512839e-09,0.020299394074325,
square_2d,2,250,11,BB,1.0,8.0,8.0,0.05,3.6652126444991495e-08,1.0,0.5136432770000283,172.0,5.803077362735307,1.0061629272261403,7.45474895285281,7.45474895285281,14.592207044705615,0.2415964159064088,0.0136923088940592,0.0241520517143133,
square_2d,2,250,11,Ordinary,inf,11.0,11.0,0.05,2.6080759329971677e-08,1.0,0.7850894069997594,230.0,0.0,0.0,0.0,0.0,0.0,0.0,0.0,0.0219146205426813,
square_2d,2,250,11,RR-balanced,88.14453496797798,11.0,11.0,0.05,3.4081303557087494e-08,1.0,0.2909644930000468,242.0,0.4330869851121415,0.1025201581556749,0.0869324523411023,0.0869324523411023,0.1262214972754891,0.0224696682018661,0.0001450072331496,0.0226100461526906,
square_2d,2,250,11,RR-tiny,15625000.0,11.0,11.0,0.05,1.2801655957517257e-08,1.0,0.0645031239998843,91.0,0.0007556351206179,0.000241421945171,5.418999080575304e-07,5.418999080575304e-07,9.081939677481216e-07,6.027251339534869e-05,1.0308293014921584e-09,0.0219155896290039,
square_2d,2,250,12,BB,1.0,6.0,6.0,0.05,2.6853137713445108e-08,1.0,0.3535551720001422,165.0,4.145250526399163,0.9837922109685472,6.593387490040527,6.593387490040527,12.395814410992353,0.222672983641863,0.0125421558698426,0.0287524997912255,
square_2d,2,250,12,Ordinary,inf,6.0,6.0,0.05,2.7451684925239306e-08,1.0,0.5241602490000332,154.0,0.0,0.0,0.0,0.0,0.0,0.0,0.0,0.0129380997799165,
square_2d,2,250,12,RR-balanced,88.14453496797798,7.0,7.0,0.05,2.83759074015677e-08,1.0,0.1090575580001314,17.0,0.3024810136141693,0.1036725335444803,0.054292488494525,0.054292488494525,0.1002399420424191,0.0200239798284376,0.0001031799280628,0.0122141192793566,
square_2d,2,250,12,RR-tiny,15625000.0,6.0,6.0,0.05,8.619988722813332e-09,1.0,0.0494571389999691,31.0,0.0009559955817932,0.0002354032621011,3.7323445667425403e-07,3.7323445667425403e-07,6.161005783698065e-07,4.964274683656442e-05,7.277997835215932e-10,0.0129364849791062,
square_2d,2,250,13,BB,1.0,8.0,8.0,0.05,1.9094840153499604e-08,1.0,0.5345672160001413,444.0,5.870458800615633,1.0012228175819626,11.584852148411072,11.584852148411072,23.45034750718208,0.3062701259162054,0.0219875671201047,0.0713359445055749,
square_2d,2,250,13,Ordinary,inf,12.0,12.0,0.05,9.749245855061872e-11,1.0,0.3837388590000046,503.0,0.0,0.0,0.0,0.0,0.0,0.0,0.0,0.0282539578453457,
square_2d,2,250,13,RR-balanced,88.14453496797798,12.0,12.0,0.05,3.025934591782686e-08,1.0,0.421511281000221,784.0,0.2907484833137737,0.0967729917685478,0.0809963912106468,0.0809963912106468,0.1397346200386185,0.0236418797931652,0.0001603349826044,0.0275838407849903,
square_2d,2,250,13,RR-tiny,15625000.0,12.0,12.0,0.05,1.6216037401761692e-09,1.0,0.13123964600004,311.0,0.0010071488656235,0.0002733770401945,8.090070195976296e-07,8.090070195976296e-07,1.5054347215474726e-06,7.759986395728984e-05,1.5374072559501686e-09,0.0282581213418218,
square_2d,2,250,14,BB,1.0,7.0,7.0,0.05,4.214741577968084e-08,1.0,0.4605450950000431,216.0,4.813269651936131,0.9643070516278234,12.156844434609638,12.156844434609638,24.55097386236297,0.3133750076975697,0.0218711922894471,0.0286706718473121,
square_2d,2,250,14,Ordinary,inf,7.0,7.0,0.05,8.009586327517582e-09,1.0,0.6730307889999949,337.0,0.0,0.0,0.0,0.0,0.0,0.0,0.0,0.0192426751650739,
square_2d,2,250,14,RR-balanced,88.14453496797798,7.0,7.0,0.05,2.4691431788070872e-08,1.0,0.305877473999999,442.0,0.4035617372897353,0.1071442983292304,0.1288997596702756,0.1288997596702756,0.2368737819024742,0.0307814087983298,0.0002355571027324,0.0206065963565291,
square_2d,2,250,14,RR-tiny,15625000.0,7.0,7.0,0.05,3.1176428993973104e-08,1.0,0.0609653639999123,87.0,0.000853522889005,0.0002508691162552,6.036018476152094e-07,6.036018476152094e-07,1.10250352802956e-06,6.64079371168706e-05,1.158366265971221e-09,0.0192410057266246,
square_2d,2,250,15,BB,1.0,8.0,8.0,0.05,4.1535053396657424e-08,1.0,0.3466153470001245,125.0,7.877636532575256,1.0782285570196708,9.375341312697287,9.375341312697287,17.34844396540721,0.2634269839284291,0.0175696299274308,0.0260946304743857,
square_2d,2,250,15,Ordinary,inf,7.0,7.0,0.05,3.7038677014322736e-08,1.0,0.4877262970001084,123.0,0.0,0.0,0.0,0.0,0.0,0.0,0.0,0.0133565084302474,
square_2d,2,250,15,RR-balanced,88.14453496797798,7.0,7.0,0.05,1.6053470575094766e-07,1.0,0.1677337829999032,80.0,0.3484303738746901,0.1164269722944349,0.1075767186001712,0.1075767186001712,0.1739287979561121,0.0263764135512098,0.0001656521785466,0.013964183120103,
square_2d,2,250,15,RR-tiny,15625000.0,7.0,7.0,0.05,3.150777994065379e-08,1.0,0.0488366340000538,42.0,0.0008484771662659,0.0002543236156765,5.070398856332758e-07,5.070398856332758e-07,9.003597008896257e-07,6.001198883188677e-05,9.446339555628135e-10,0.013355188116097,
square_2d,2,250,16,BB,1.0,5.0,5.0,0.05,5.949165826635294e-09,1.0,0.3563707019998219,99.0,3.944472529803318,0.9162203090740496,3.998933296738528,3.998933296738528,6.358333433416105,0.1594783174405361,0.0073497922749031,0.0120617783020241,
square_2d,2,250,16,Ordinary,inf,8.0,8.0,0.05,7.81827935725232e-10,1.0,0.7172640080002566,307.0,0.0,0.0,0.0,0.0,0.0,0.0,0.0,0.0131500727918594,
square_2d,2,250,16,RR-balanced,88.14453496797798,9.0,9.0,0.05,9.386406318867556e-09,1.0,0.2836083889999372,816.0,0.3090865194348358,0.1075601233276524,0.0807729195850015,0.0807729195850015,0.1254344951254015,0.0223995084879469,0.0001368530536991,0.0132178143874109,
square_2d,2,250,16,RR-tiny,15625000.0,8.0,8.0,0.05,3.642970880513019e-08,1.0,0.0679474709997975,140.0,0.000698333640144,0.00026071300787,3.59157979801239e-07,3.59157979801239e-07,5.993918413975569e-07,4.8964960590101854e-05,6.24773798955067e-10,0.0131512087970209,
square_2d,2,250,17,BB,1.0,12.0,12.0,0.05,1.0654183602021305e-07,1.0,0.6049386989998311,274.0,4.584824438208566,0.9017446751551744,4.457273598803454,4.457273598803454,7.051667807980129,0.1679484183668322,0.0077177921362747,0.0168467349778189,
square_2d,2,250,17,Ordinary,inf,9.0,9.0,0.05,1.9211978674604783e-08,1.0,0.6808187649999127,183.0,0.0,0.0,0.0,0.0,0.0,0.0,0.0,0.0121666023834491,
square_2d,2,250,17,RR-balanced,88.14453496797798,9.0,9.0,0.05,5.1751544827283176e-08,1.0,0.1912069019999762,201.0,0.4668594909627122,0.106935121971332,0.0528374877118267,0.0528374877118267,0.0878145421203697,0.0187418827357733,9.512596630448686e-05,0.0120441397627991,
square_2d,2,250,17,RR-tiny,15625000.0,9.0,9.0,0.05,4.5025308570423306e-07,1.0,0.0652025570002479,81.0,0.0006613621885531,0.0002697401728063,8.004293476915336e-07,8.004293476915336e-07,1.410505050417883e-06,7.511338230749253e-05,1.4415972544755302e-09,0.0121671868189325,
square_2d,2,250,18,BB,1.0,7.0,7.0,0.05,7.72251613767594e-08,1.0,0.3433461240001634,92.0,4.200175176922849,1.0212443915055671,6.365390891304628,6.365390891304628,11.521635616594034,0.2146777642569815,0.0126408205016898,0.0559696709806214,
square_2d,2,250,18,Ordinary,inf,7.0,7.0,0.05,1.2374226310285508e-08,1.0,0.6153938889999608,248.0,0.0,0.0,0.0,0.0,0.0,0.0,0.0,0.0262625803026061,
square_2d,2,250,18,RR-balanced,88.14453496797798,7.0,7.0,0.05,3.171300555493417e-08,1.0,0.1907133979998434,204.0,0.4401418567199378,0.1154272291800001,0.0568199296083093,0.0568199296083093,0.0927433235191553,0.019260667020553,0.0001034343286843,0.0279753037336837,
square_2d,2,250,18,RR-tiny,15625000.0,7.0,7.0,0.05,1.1036804803410405e-08,1.0,0.053374889999759,48.0,0.0008459359713506,0.0002422314171808,4.368696409073891e-07,4.368696409073891e-07,7.871931627053362e-07,5.611392564080101e-05,8.082893822522751e-10,0.0262628985233904,
square_2d,2,250,19,BB,1.0,9.0,9.0,0.05,8.614070035051213e-08,1.0,0.4759088660000543,211.0,3.9243863886601744,1.014341002674177,5.059126010191221,5.059126010191221,7.320590147334075,0.1711208946602848,0.0080228700889907,0.0187059947025409,
square_2d,2,250,19,Ordinary,inf,7.0,7.0,0.05,1.4290019612062112e-08,1.0,0.6855390359999092,165.0,0.0,0.0,0.0,0.0,0.0,0.0,0.0,0.0113538905255158,
square_2d,2,250,19,RR-balanced,88.14453496797798,7.0,7.0,0.05,2.8061565737758087e-08,1.0,0.1730705120000948,121.0,0.2579650766794872,0.1062842954188552,0.0884211893391011,0.0884211893391011,0.1457675523303026,0.0241468467780207,0.0001691484333229,0.0111795322772129,
square_2d,2,250,19,RR-tiny,15625000.0,7.0,7.0,0.05,2.1226342461488912e-08,1.0,0.0557751169999392,49.0,0.0008334616433087,0.0002528786579417,2.993996304212488e-07,2.993996304212488e-07,5.473921046948192e-07,4.679282443686507e-05,5.727027322898612e-10,0.0113521699203049,
square_2d,2,250,20,BB,1.0,10.0,10.0,0.05,5.044402673348714e-10,1.0,0.6903943540003183,493.0,6.196310004348371,1.1721817656194948,7.202960537752915,7.202960537752915,11.291748623610722,0.2125252796597216,0.0114561815313191,0.0298915493919209,
square_2d,2,250,20,Ordinary,inf,12.0,12.0,0.05,2.243360852638432e-08,1.0,1.002306112000042,823.0,0.0,0.0,0.0,0.0,0.0,0.0,0.0,0.0135596480483832,
square_2d,2,250,20,RR-balanced,88.14453496797798,12.0,12.0,0.05,1.8119997657883857e-07,1.0,0.3062070650000805,405.0,0.4322070530947814,0.1047660229518038,0.1767147783381233,0.1767147783381233,0.3284397191581067,0.0362458118495423,0.0003638445367959,0.0137280448112479,
square_2d,2,250,20,RR-tiny,15625000.0,12.0,12.0,0.05,2.929684117525256e-08,1.0,0.1128346950001741,289.0,0.000855766848158,0.0002509032395669,4.918144895782461e-07,4.918144895782461e-07,8.357603392781534e-07,5.7819039745680776e-05,9.084271423527471e-10,0.0135604814072919,
square_2d,2,250,21,BB,1.0,8.0,8.0,0.05,2.3605028154349842e-08,1.0,0.5048962289997689,273.0,5.6760439213351255,0.9849155013383026,7.083597931652662,7.083597931652662,12.171120541952217,0.2206456031010109,0.0137492181954143,0.0265480877348439,
square_2d,2,250,21,Ordinary,inf,9.0,9.0,0.05,3.087228384046625e-08,1.0,0.6019454419997601,153.0,0.0,0.0,0.0,0.0,0.0,0.0,0.0,0.0197201031169312,
square_2d,2,250,21,RR-balanced,88.14453496797798,9.0,9.0,0.05,2.5480252796583613e-08,1.0,0.134306929000104,96.0,0.2955699264608171,0.1027092856795038,0.087369833194657,0.087369833194657,0.1663549127257713,0.0257957293152003,0.0001637770373802,0.0186950699426731,
square_2d,2,250,21,RR-tiny,15625000.0,9.0,9.0,0.05,5.4605044930156055e-09,1.0,0.0538133899999593,37.0,0.0007987983227658,0.0002375573074652,4.959405259796767e-07,4.959405259796767e-07,9.040907491010584e-07,6.013620370795145e-05,8.583325641650758e-10,0.019720004431387,
square_2d,2,250,22,BB,1.0,9.0,9.0,0.05,5.041068718014685e-08,1.0,0.4222775939999792,139.0,6.320339274847818,1.0163214163212075,5.931696711219274,5.931696711219274,9.96894993688896,0.1996892579673624,0.0106895824497646,0.0181598098231409,
square_2d,2,250,22,Ordinary,inf,9.0,10.0,0.05,3.108216417579968e-08,1.0,0.868975194000086,551.0,0.0,0.0,0.0,0.0,0.0,0.0,0.0,0.0123536896685318,
square_2d,2,250,22,RR-balanced,88.14453496797798,10.0,10.0,0.05,6.2757541385849436e-09,1.0,0.3291521930000272,750.0,0.2603810724225146,0.1045238560372503,0.1088651591560392,0.1088651591560392,0.1914239629448632,0.0276712097997079,0.0002078154829635,0.0121979503633882,
square_2d,2,250,22,RR-tiny,15625000.0,9.0,9.0,0.05,9.3951519009039e-08,1.0,0.062284899999895,52.0,0.0007441800308405,0.0002510735877181,3.601292064558948e-07,3.601292064558948e-07,6.017931734617484e-07,4.9062946240997326e-05,6.279617179741781e-10,0.0123530978649737,
square_2d,2,250,23,BB,1.0,9.0,9.0,0.05,3.347977473033836e-08,1.0,0.4277067819998592,185.0,4.189104438022297,0.9843599169506368,9.517181560236736,9.517181560236736,17.744636742413853,0.2664179929540334,0.0176600239920705,0.0353609299892128,
square_2d,2,250,23,Ordinary,inf,12.0,12.0,0.05,5.3402101629629335e-08,1.0,0.911731959000008,602.0,0.0,0.0,0.0,0.0,0.0,0.0,0.0,0.0123610091350326,
square_2d,2,250,23,RR-balanced,88.14453496797798,11.0,11.0,0.05,9.637423348252129e-08,1.0,0.4313571870000032,976.0,0.2945046803229829,0.1059230767129971,0.1265689816166286,0.1265689816166286,0.2162312458664337,0.0294096069927113,0.0002305712098863,0.0109775521636752,
square_2d,2,250,23,RR-tiny,15625000.0,12.0,12.0,0.05,1.3916303220895544e-08,1.0,0.1128375079997567,275.0,0.0008282258048151,0.0002757330175321,9.004196499518002e-07,9.004196499518002e-07,1.664807796770379e-06,8.160411256230605e-05,1.652199349434969e-09,0.0123621748092012,
square_2d,2,250,24,BB,1.0,9.0,9.0,0.05,1.4204614862123321e-07,1.0,0.4366641020001225,113.0,4.508906419391883,0.9375487161148888,9.19283381990408,9.19283381990408,15.110327741610195,0.2458481461521334,0.0173576923677658,0.0408893994481588,
square_2d,2,250,24,Ordinary,inf,9.0,9.0,0.05,5.568921901399904e-08,1.0,0.3148040859998673,942.0,0.0,0.0,0.0,0.0,0.0,0.0,0.0,0.0239672052303078,
square_2d,2,250,24,RR-balanced,88.14453496797798,9.0,9.0,0.05,5.914875034207512e-09,1.0,0.3073366870000882,360.0,0.3930936857626137,0.1050529010529836,0.0803177014504399,0.0803177014504399,0.1414353247610802,0.0237853168792076,0.0001514444969307,0.0225874694523319,
square_2d,2,250,24,RR-tiny,15625000.0,9.0,9.0,0.05,2.4564495992862596e-08,1.0,0.1244153089999144,468.0,0.0008940008693028,0.0002484564352041,3.965405994676985e-07,3.965405994676985e-07,6.562743532300984e-07,5.123570447373973e-05,7.020296740121464e-10,0.0239670434744286,
square_2d,2,250,25,BB,1.0,8.0,8.0,0.05,3.738511544781886e-08,1.0,0.4645921129997532,205.0,5.703549577114281,1.0871516484723158,14.013034303999577,14.013034303999577,22.64720257950714,0.3009797506777301,0.0286836136241074,0.0563234955873502,
square_2d,2,250,25,Ordinary,inf,7.0,7.0,0.05,1.9526301020533765e-08,1.0,0.6665638770000442,329.0,0.0,0.0,0.0,0.0,0.0,0.0,0.0,0.0202684499132297,
square_2d,2,250,25,RR-balanced,88.14453496797798,7.0,7.0,0.05,3.258902392389018e-08,1.0,0.2354140389998065,219.0,0.3529262106253348,0.106664419752146,0.1108066746729719,0.1108066746729719,0.1933414474166,0.0278094550408022,0.0001951616195142,0.0202002346211018,
square_2d,2,250,25,RR-tiny,15625000.0,7.0,7.0,0.05,4.025574207311422e-08,1.0,0.0577660850001393,75.0,0.0007459616061464,0.0002454470889362,4.967413360645878e-07,4.967413360645878e-07,8.403097432867054e-07,5.797619315845791e-05,9.436347248138623e-10,0.0202657201120958,
square_2d,2,250,26,BB,1.0,9.0,9.0,0.05,2.31794698990484e-08,1.0,0.4229304830000728,246.0,5.934508437320191,1.0622257582930936,7.035959030561912,7.035959030561912,12.689948021367698,0.2252993388482771,0.0132453475873655,0.0279008239120862,
square_2d,2,250,26,Ordinary,inf,9.0,9.0,0.05,5.0919996885667735e-08,1.0,0.6566478809997989,192.0,0.0,0.0,0.0,0.0,0.0,0.0,0.0,0.0231796393164787,
square_2d,2,250,26,RR-balanced,88.14453496797798,9.0,9.0,0.05,5.4322623510572043e-08,1.0,0.228352932000007,214.0,0.3159634858927718,0.1069053529091411,0.0953849745322941,0.0953849745322941,0.1629288225548987,0.0255287150130905,0.0001653714439183,0.0221456252707655,
square_2d,2,250,26,RR-tiny,15625000.0,9.0,9.0,0.05,6.514238002353068e-07,1.0,0.0627059749999716,64.0,0.0007367696976012,0.0002539503075068,3.071219225603272e-07,3.071219225603272e-07,5.086756540969569e-07,4.5107678020352896e-05,5.533058022900164e-10,0.0231818133064493,
square_2d,2,250,27,BB,1.0,10.0,10.0,0.05,3.5555453692381895e-08,1.0,0.5122702520000075,241.0,5.442740803648809,0.9935124943092534,6.911796215921299,6.911796215921299,13.287212583112128,0.2305403442620152,0.0121848780183627,0.0541802299920103,
square_2d,2,250,27,Ordinary,inf,12.0,12.0,0.05,2.761637185599853e-08,1.0,0.6964825149996159,260.0,0.0,0.0,0.0,0.0,0.0,0.0,0.0,0.0396903234984913,
square_2d,2,250,27,RR-balanced,88.14453496797798,12.0,12.0,0.05,1.6811500391789025e-07,1.0,0.2216394499998841,248.0,0.3453038041666467,0.1061870979740256,0.1409171150935435,0.1409171150935435,0.2439193498328898,0.0312358351790305,0.000254124448764,0.0384899324823002,
square_2d,2,250,27,RR-tiny,15625000.0,12.0,12.0,0.05,3.4074876698042544e-08,1.0,0.0666575180000563,88.0,0.0005418359701258,0.0002240516325985,4.321645974414423e-07,4.321645974414423e-07,7.160264561631762e-07,5.351734134514443e-05,7.513184916611926e-10,0.0396913643123002,
square_2d,2,250,28,BB,1.0,7.0,7.0,0.05,2.124749043375118e-08,1.0,0.4192112339997038,170.0,6.260538244104593,1.0065488195786714,8.177262237108266,8.177262237108266,11.812175758029,0.2173676678628079,0.0143017198087347,0.0236367605953981,
square_2d,2,250,28,Ordinary,inf,6.0,6.0,0.05,1.791457204802782e-09,1.0,0.5679795879998437,539.0,0.0,0.0,0.0,0.0,0.0,0.0,0.0,0.0074257329150912,
square_2d,2,250,28,RR-balanced,88.14453496797798,6.0,6.0,0.05,7.546338443020773e-09,1.0,0.2688462379999237,539.0,0.3064583515382109,0.1070094417063936,0.0654619371174476,0.0654619371174476,0.1212011255359595,0.0220182765479916,0.0001128417584129,0.0074024560335395,
square_2d,2,250,28,RR-tiny,15625000.0,6.0,6.0,0.05,2.0946431478208183e-08,1.0,0.0558781400000043,93.0,0.0008069057923258,0.0002832606834524,3.8403300095524173e-07,3.8403300095524173e-07,6.789332665725114e-07,5.211269582635354e-05,7.173383700227367e-10,0.0074258614078123,
square_2d,2,250,29,BB,1.0,9.0,9.0,0.05,3.512897084334554e-09,1.0,0.4935480699996333,595.0,5.700099637080397,0.9805512923922426,5.608679649115629,5.608679649115629,9.997659406717911,0.1999765926974245,0.0090982651908805,0.0231074877961377,
square_2d,2,250,29,Ordinary,inf,9.0,9.0,0.05,5.970232552776622e-08,1.0,0.6342934779997904,280.0,0.0,0.0,0.0,0.0,0.0,0.0,0.0,0.0146341890585486,
square_2d,2,250,29,RR-balanced,88.14453496797798,9.0,9.0,0.05,6.127568097369362e-08,1.0,0.194638507000036,194.0,0.3191540210026986,0.1022173179937051,0.1188016151081683,0.1188016151081683,0.211888039258196,0.029112749046299,0.0002201689920785,0.0132579292786144,
square_2d,2,250,29,RR-tiny,15625000.0,9.0,9.0,0.05,3.666605663532607e-08,1.0,0.0667469620000247,101.0,0.0008832012171491,0.0002664100816857,7.894805094110779e-07,7.894805094110779e-07,1.2718519312989635e-06,7.132606623946013e-05,1.354332108697427e-09,0.0146310680265205,
square_2d,2,250,30,BB,1.0,9.0,9.0,0.05,8.806755324997082e-10,1.0,0.4269591259999288,444.0,5.862452912686319,1.0064420091279926,4.569885069881707,4.569885069881707,8.214014551117039,0.1812624015190909,0.0091942117416942,0.0272214770621948,
square_2d,2,250,30,Ordinary,inf,9.0,9.0,0.05,6.675359331964614e-08,1.0,0.7082473059999757,262.0,0.0,0.0,0.0,0.0,0.0,0.0,0.0,0.0166097692900214,
square_2d,2,250,30,RR-balanced,88.14453496797798,10.0,10.0,0.05,9.91656772031391e-07,1.0,0.3537091989996952,763.0,0.3694979479271638,0.1070023462576919,0.1209069972293264,0.1209069972293264,0.2231975868589993,0.0298795975112784,0.0002213568766663,0.0163553804723049,
square_2d,2,250,30,RR-tiny,15625000.0,9.0,9.0,0.05,1.6222567955637146e-08,1.0,0.0815440510000371,211.0,0.0006835828089297,0.0002275733492712,6.619526402573683e-07,6.619526402573683e-07,1.215359912632845e-06,6.972402491631833e-05,1.388114231590049e-09,0.0166082180317416,
square_2d,2,250,31,BB,1.0,8.0,8.0,0.05,3.018233041274243e-08,1.0,0.5524221140001373,226.0,4.880863809913877,0.9808656091812876,9.134597119409364,9.134597119409364,15.693783021027262,0.2505496599161712,0.0179943165083125,0.0352065270948381,
square_2d,2,250,31,Ordinary,inf,8.0,8.0,0.05,1.614760591905906e-08,1.0,0.8913753150000048,599.0,0.0,0.0,0.0,0.0,0.0,0.0,0.0,0.0100947091855104,
square_2d,2,250,31,RR-balanced,88.14453496797798,8.0,8.0,0.05,1.7290049192375537e-07,1.0,0.321311247000267,382.0,0.2852155905295893,0.1132656991828907,0.126985508090911,0.126985508090911,0.2175234250950257,0.0294973507349406,0.0002331506077187,0.0097461809284938,
square_2d,2,250,31,RR-tiny,15625000.0,8.0,8.0,0.05,8.64700488989456e-09,1.0,0.0592130530001213,65.0,0.0007288099475242,0.0002485932974747,4.968524081050418e-07,4.968524081050418e-07,8.99760028649592e-07,5.9992000421709296e-05,1.0088662748818192e-09,0.0100918096531923,
square_2d,2,250,32,BB,1.0,7.0,7.0,0.05,1.9558421326948405e-08,1.0,0.4375236559999393,107.0,3.4207994008578693,1.045714906870546,5.035575570835249,5.035575570835249,7.184782116890207,0.1695261881467309,0.008422417519474,0.0178587777343984,
square_2d,2,250,32,Ordinary,inf,8.0,8.0,0.05,1.8828520076397133e-08,1.0,0.7388770840000234,385.0,0.0,0.0,0.0,0.0,0.0,0.0,0.0,0.0135629906687267,
square_2d,2,250,32,RR-balanced,88.14453496797798,8.0,9.0,0.05,2.8831477205670808e-08,1.0,0.3446147100000871,831.0,0.3696541375564928,0.1133554319104137,0.082333810966702,0.082333810966702,0.1396764989030745,0.0236369624870095,0.0001515662713566,0.0146307116764329,
square_2d,2,250,32,RR-tiny,15625000.0,8.0,8.0,0.05,3.5046716861941725e-08,1.0,0.0762858099999448,180.0,0.0009168320692179,0.0002583583123669,7.960359198477818e-07,7.960359198477818e-07,1.4084568527979282e-06,7.505882633769137e-05,1.5523616220804883e-09,0.0135637813859086,
square_2d,2,250,33,BB,1.0,6.0,6.0,0.05,3.10149617099853e-08,1.0,0.3018970420002915,87.0,8.439375021909095,1.0840351076937496,10.987968240669488,10.987968240669488,21.103071787814137,0.2905379272164936,0.0204339373335274,0.0295246766960743,
square_2d,2,250,33,Ordinary,inf,9.0,11.0,0.05,5.928701973800797e-11,1.0,0.8176416100000097,981.0,0.0,0.0,0.0,0.0,0.0,0.0,0.0,0.0139362258007888,
square_2d,2,250,33,RR-balanced,88.14453496797798,9.0,9.0,0.05,3.715971659268291e-07,1.0,0.2629188799999156,532.0,0.2629364155033449,0.1000352396523579,0.0822363635920737,0.0822363635920737,0.1381649487003788,0.0235087174214484,0.0001472718764809,0.0146980639065874,
square_2d,2,250,33,RR-tiny,15625000.0,9.0,9.0,0.05,5.138469649779154e-09,1.0,0.0618932510001286,85.0,0.0007169371902983,0.0002521227034565,8.526671990694012e-07,8.526671990694012e-07,1.467410245648953e-06,7.661358223315114e-05,1.4801572711161407e-09,0.0139358642640994,
square_2d,2,250,34,BB,1.0,8.0,8.0,0.05,2.6645536221892037e-08,1.0,0.4058109509999212,355.0,2.7334825579429376,0.8884922586695977,3.365720715605903,3.365720715605903,5.217750333068857,0.144467994144985,0.0058414955845439,0.0226666051427812,
square_2d,2,250,34,Ordinary,inf,6.0,6.0,0.05,7.051397932222869e-08,1.0,0.5491985190001287,157.0,0.0,0.0,0.0,0.0,0.0,0.0,0.0,0.0129967498377987,
square_2d,2,250,34,RR-balanced,88.14453496797798,6.0,6.0,0.05,1.506820757057881e-08,1.0,0.1334801949999473,131.0,0.2871157710046726,0.1048787175138182,0.0659441093533814,0.0659441093533814,0.1096320716148121,0.0209410669847371,0.0001139171685318,0.0143624618029596,
square_2d,2,250,34,RR-tiny,15625000.0,6.0,6.0,0.05,5.3512541065003916e-09,1.0,0.045832639000082,28.0,0.0007660571561175,0.0002523366364146,2.509672185624368e-07,2.509672185624368e-07,4.454057090625869e-07,4.220927429191774e-05,4.695091682322685e-10,0.012997571314572,
square_2d,2,250,35,BB,1.0,9.0,9.0,0.05,1.0323741861384406e-10,1.0,0.654935757000203,953.0,5.766974031854391,0.9440326339045366,4.464311611069434,4.464311611069434,7.988232169336291,0.1787538214342428,0.0081576731611295,0.0168989172249882,
square_2d,2,250,35,Ordinary,inf,8.0,8.0,0.05,6.014055942138441e-08,1.0,0.7679125210001985,361.0,0.0,0.0,0.0,0.0,0.0,0.0,0.0,0.0109049391255599,
square_2d,2,250,35,RR-balanced,88.14453496797798,8.0,8.0,0.05,5.4394625914611083e-08,1.0,0.2193723339998996,216.0,0.3103437156239839,0.1079205808590411,0.1132887168134857,0.1132887168134857,0.2049100768912498,0.028629360935323,0.0002048552524153,0.011052308200947,
square_2d,2,250,35,RR-tiny,15625000.0,8.0,8.0,0.05,3.5938196418783264e-08,1.0,0.070060581000007,140.0,0.0007692570498845,0.0002574777942876,4.5599449549627046e-07,4.5599449549627046e-07,8.101490154950983e-07,5.692623351303328e-05,8.094099789073064e-10,0.0109019036750209,
square_2d,2,250,36,BB,1.0,8.0,8.0,0.05,1.190741816259333e-08,1.0,0.4029960750001464,500.0,5.636482861866903,0.974837391488728,7.718861231935534,7.718861231935534,14.770404058062072,0.2430671023241283,0.0147941701412903,0.0279008834505509,
square_2d,2,250,36,Ordinary,inf,11.0,11.0,0.05,5.834927163661519e-08,1.0,0.773871531000168,306.0,0.0,0.0,0.0,0.0,0.0,0.0,0.0,0.0132389908900068,
square_2d,2,250,36,RR-balanced,88.14453496797798,12.0,12.0,0.05,2.426897243168469e-07,1.0,0.3248669399999926,381.0,0.4265267246461901,0.1085856041612457,0.1540169952965016,0.1540169952965016,0.2791924479489038,0.0334181057481661,0.0002809389035539,0.0156907510402767,
square_2d,2,250,36,RR-tiny,15625000.0,11.0,11.0,0.05,4.5303491624792975e-08,1.0,0.0574256190000141,69.0,0.0007297470768241,0.0002314287956496,4.016764023617725e-07,4.016764023617725e-07,6.979046670172831e-07,5.283577072466278e-05,7.363524653443506e-10,0.0132395390858555,
square_2d,2,250,37,BB,1.0,9.0,9.0,0.05,4.584032642362956e-08,1.0,0.5952324469999439,783.0,7.435820101774572,1.0600241570628663,6.018156863877039,6.018156863877039,10.113054962613962,0.2011273722059129,0.0103536712258225,0.0234420216747799,
square_2d,2,250,37,Ordinary,inf,9.0,9.0,0.05,5.814372983081739e-09,1.0,0.7949321709998003,786.0,0.0,0.0,0.0,0.0,0.0,0.0,0.0,0.008014718972561,
square_2d,2,250,37,RR-balanced,88.14453496797798,9.0,9.0,0.05,8.499782433446512e-09,1.0,0.1807014370001525,107.0,0.4540195226664052,0.1138120176342457,0.0774233658303273,0.0774233658303273,0.1307112278489129,0.022865802225062,0.0001367125362629,0.008701971794074,
square_2d,2,250,37,RR-tiny,15625000.0,9.0,9.0,0.05,1.4936195613657333e-08,1.0,0.0570856969998203,74.0,0.0008917162054266,0.0002625397396431,3.672753337014001e-07,3.672753337014001e-07,5.884787718015212e-07,4.8517162810763e-05,6.553882618267018e-10,0.008015372431035,
square_2d,2,250,38,BB,1.0,8.0,8.0,0.05,3.295799921865239e-08,1.0,0.413688030000003,149.0,4.271748688361411,0.9449652558589992,7.289132742349466,7.289132742349466,11.502096403158951,0.2144956540646821,0.0137721022860928,0.0271378183349903,
square_2d,2,250,38,Ordinary,inf,9.0,9.0,0.05,7.694040848882366e-07,1.0,0.1227801919999365,53.0,0.0,0.0,0.0,0.0,0.0,0.0,0.0,0.020580087367432,
square_2d,2,250,38,RR-balanced,88.14453496797798,9.0,9.0,0.05,1.6999088803260063e-09,1.0,0.3360529000001406,878.0,0.3660709319524931,0.1078439103584427,0.0393263938650534,0.0393263938650534,0.0674220574080266,0.0164221871147574,7.68826299412282e-05,0.0206691829159824,
square_2d,2,250,38,RR-tiny,15625000.0,9.0,9.0,0.05,7.368998191648046e-07,1.0,0.0566460549998737,69.0,0.0008781174736014,0.0002441150320165,0.0,-6.318146006378811e-09,6.559132501886525e-07,5.1221606776385e-05,7.251800412348979e-10,0.0205810414037779,
square_2d,2,250,39,BB,1.0,9.0,9.0,0.05,2.8391362594248903e-08,1.0,0.4639313810000658,261.0,5.067184911632872,0.9384046456429074,6.496891627146283,6.496891627146283,11.735240111713306,0.2166586265230471,0.012097122062761,0.0249402787250757,
square_2d,2,250,39,Ordinary,inf,11.0,12.0,0.05,1.1163471613784286e-07,1.0,0.7556456140000591,465.0,0.0,0.0,0.0,0.0,0.0,0.0,0.0,0.0189814957663611,
square_2d,2,250,39,RR-balanced,88.14453496797798,11.0,11.0,0.05,6.3548768469701145e-09,1.0,0.2642499850001059,482.0,0.3177945150629495,0.1102566347386691,0.0982779655773811,0.0982779655773811,0.1716711470441509,0.0262046672975751,0.000182753559715,0.0189862073715795,
square_2d,2,250,39,RR-tiny,15625000.0,11.0,11.0,0.05,6.797905105493386e-08,1.0,0.0698733790002279,125.0,0.0007020752239303,0.0002518983003818,6.672934205198544e-07,6.672934205198544e-07,1.2158930548085445e-06,6.97393161655187e-05,1.071127902121852e-09,0.0189824132719924,
square_2d,2,500,0,BB,1.0,7.0,7.0,0.05,2.1439308994786188e-08,1.0,0.6750617729999249,134.0,4.532365485982671,0.9066742192428934,5.2137302930063925,5.2137302930063925,10.169418272104974,0.1426142929169792,0.0047465078551227,0.0217403361354084,
square_2d,2,500,0,Ordinary,inf,9.0,9.0,0.05,4.180312940249564e-08,1.0,1.3904061440000532,783.0,0.0,0.0,0.0,0.0,0.0,0.0,0.0,0.0127827424805745,
square_2d,2,500,0,RR-balanced,110.534852956483,9.0,9.0,0.05,4.594833269422338e-08,1.0,0.3995841909998034,428.0,0.3829149406247139,0.0928852128057365,0.0585169907722047,0.0585169907722047,0.0902776546933618,0.0134370870871154,5.023381172834936e-05,0.0121960306192906,
square_2d,2,500,0,RR-tiny,125000000.0,9.0,9.0,0.05,3.6983738294082964e-09,1.0,0.221168759999955,61.0,0.0002553873355493,8.787065209303827e-05,7.506559995817953e-08,7.506559995817953e-08,1.382622022425813e-07,1.6629022956420577e-05,6.991134344318666e-11,0.0127821171515433,
square_2d,2,500,1,BB,1.0,9.0,9.0,0.05,2.379203567492993e-08,1.0,1.0209052130001055,251.0,13.304596737151408,1.0983566606329047,8.164753680820013,8.164753680820013,14.928915718031414,0.1727941880853138,0.0080688650724673,0.0129135251911547,
square_2d,2,500,1,Ordinary,inf,10.0,10.0,0.05,1.098985269454289e-07,1.0,1.3064036450000458,264.0,0.0,0.0,0.0,0.0,0.0,0.0,0.0,0.0058057341175749,
square_2d,2,500,1,RR-balanced,110.534852956483,10.0,10.0,0.05,2.333807724852477e-08,1.0,0.7891916089997721,405.0,0.323990921208773,0.0953978754515302,0.0905254523986514,0.0905254523986514,0.1703643251638819,0.0184588366461097,8.298882092291305e-05,0.0058451166472268,
square_2d,2,500,1,RR-tiny,125000000.0,10.0,10.0,0.05,1.3047586810976952e-07,1.0,0.156269562000034,88.0,0.0002836596896204,9.12417898573448e-05,5.6876388043747284e-08,5.6876388043747284e-08,9.639106108885913e-08,1.3884600180693657e-05,5.021983019594915e-11,0.0058059972836326,
square_2d,2,500,2,BB,1.0,11.0,11.0,0.05,2.5648100310249333e-08,1.0,1.1236791090002498,304.0,7.060711998745207,1.033812106698891,9.40051980885778,9.40051980885778,12.116777029528876,0.1556713013341179,0.0076024759465341,0.0206287626730197,
square_2d,2,500,2,Ordinary,inf,7.0,7.0,0.05,2.37757626919688e-08,1.0,0.8998600650002118,325.0,0.0,0.0,0.0,0.0,0.0,0.0,0.0,0.0094264069241608,
square_2d,2,500,2,RR-balanced,110.534852956483,8.0,8.0,0.05,1.9635084669289427e-09,1.0,0.8777814579998449,863.0,0.2927764974740843,0.0896983760982678,0.0806101126888734,0.0806101126888734,0.134286679298935,0.0163882079129436,7.183103759831216e-05,0.0092972910653019,
square_2d,2,500,2,RR-tiny,125000000.0,7.0,7.0,0.05,2.2519474951465668e-08,1.0,0.1335077559999717,58.0,0.0002905301742788,9.063839993710672e-05,4.074763637618162e-08,4.074763637618162e-08,6.750597502766883e-08,1.1619464275746009e-05,3.6363565611370393e-11,0.0094259177094382,
square_2d,2,500,3,BB,1.0,8.0,8.0,0.05,1.619923306606097e-09,1.0,0.8848214630002076,687.0,5.607960470911122,1.015795165769838,4.368265112784684,4.368265112784684,9.220506718055535,0.1357976930441422,0.0035404028413165,0.0107553376935856,
square_2d,2,500,3,Ordinary,inf,10.0,10.0,0.05,5.729245589058962e-08,1.0,0.805043570999942,288.0,0.0,0.0,0.0,0.0,0.0,0.0,0.0,0.0067465390481573,
square_2d,2,500,3,RR-balanced,110.534852956483,10.0,10.0,0.05,9.784618182351325e-08,1.0,0.2833751329999359,255.0,0.301338159618026,0.0957184885558679,0.050924608015066,0.050924608015066,0.0783990058774146,0.0125219012835443,4.395827124275108e-05,0.0067800494519747,
square_2d,2,500,3,RR-tiny,125000000.0,10.0,10.0,0.05,7.35152418940288e-07,1.0,0.1831880790000468,50.0,0.0002934266790877,8.598223694718409e-05,6.426921572710853e-08,6.426921572710853e-08,1.104861787270903e-07,1.4865138998818026e-05,5.90559981548126e-11,0.0067462969028105,
square_2d,2,500,4,BB,1.0,8.0,8.0,0.05,1.3155276423759688e-08,1.0,0.8899601040000107,181.0,5.227066078157294,0.9988334853147632,8.526353795143905,8.526353795143905,15.756555752404308,0.1775193271303398,0.0073339590376011,0.017191354070488,
square_2d,2,500,4,Ordinary,inf,9.0,10.0,0.05,2.8316712308296133e-08,1.0,1.1841496069998811,766.0,0.0,0.0,0.0,0.0,0.0,0.0,0.0,0.0085965405919276,
square_2d,2,500,4,RR-balanced,110.534852956483,9.0,10.0,0.05,6.698112819947255e-08,1.0,0.956679595000196,993.0,0.2769743735943752,0.0892697518207189,0.0488957401221341,0.0488957401221341,0.0832592252048899,0.0129042028196157,4.491571506068365e-05,0.0082405274478916,
square_2d,2,500,4,RR-tiny,125000000.0,9.0,9.0,0.05,8.111467053595334e-11,1.0,0.3525228120001884,173.0,0.0003158304097299,9.052149521987568e-05,9.888617569231428e-08,9.888617569231428e-08,1.7363589219926517e-07,1.863522965778877e-05,1.1122829100976735e-10,0.0085961994973319,
square_2d,2,500,5,BB,1.0,9.0,9.0,0.05,2.2703866120465932e-08,1.0,0.8551325729999917,156.0,5.590342191370835,1.0288143586418437,8.942980630166403,8.942980630166403,16.300431488091327,0.1805570906283734,0.0081829312725384,0.0156023462679826,
square_2d,2,500,5,Ordinary,inf,10.0,11.0,0.05,6.20097528880592e-10,1.0,1.914857956999868,886.0,0.0,0.0,0.0,0.0,0.0,0.0,0.0,0.0097759860079347,
square_2d,2,500,5,RR-balanced,110.534852956483,10.0,10.0,0.05,1.8332492190964444e-08,1.0,0.9571275040000272,654.0,0.2885894091459346,0.0964522814817675,0.0579186155705429,0.0579186155705429,0.0982157088153659,0.0140153993032925,5.474850716200198e-05,0.0090015802232525,
square_2d,2,500,5,RR-tiny,125000000.0,10.0,10.0,0.05,1.0824385832108874e-10,1.0,0.1049432869997417,76.0,0.0002577210579071,8.912333946257862e-05,6.453387868532445e-08,6.453387868532445e-08,1.1138987784304429e-07,1.4925808376302051e-05,5.900976313748045e-11,0.0097757692350055,
square_2d,2,500,6,BB,1.0,9.0,9.0,0.05,9.246733601031565e-09,1.0,0.8237585829999716,362.0,5.293402028582193,1.010475351253986,6.17487411702632,6.17487411702632,10.851260368818773,0.1473177543191503,0.0055455872067963,0.0064548592505184,
square_2d,2,500,6,Ordinary,inf,8.0,8.0,0.05,1.3197067172399104e-07,1.0,1.8633327929999268,442.0,0.0,0.0,0.0,0.0,0.0,0.0,0.0,0.0042893245578981,
square_2d,2,500,6,RR-balanced,110.534852956483,9.0,10.0,0.05,4.255311703005305e-08,1.0,1.1527947419999691,2243.0,0.3533997206550721,0.0986033693945687,0.0682068347498443,0.0682068347498443,0.1261030834590126,0.015881000186324,6.54519372824097e-05,0.0047000841115209,
square_2d,2,500,6,RR-tiny,125000000.0,8.0,8.0,0.05,1.2895742251828324e-09,1.0,0.0960511929997665,120.0,0.0002962612381395,8.598636259982938e-05,6.326899892883375e-08,6.326899892883375e-08,1.159522102703655e-07,1.5228408339046172e-05,6.217037235521119e-11,0.0042886639691291,
square_2d,2,500,7,BB,1.0,7.0,7.0,0.05,3.4344527222174286e-11,1.0,0.8669837950001238,305.0,4.084550592975272,0.9372110077199618,5.949781193750596,5.949781193750596,10.230885641872751,0.1430446478682285,0.0055124296851921,0.012635681355498,
square_2d,2,500,7,Ordinary,inf,10.0,10.0,0.05,5.7721010193745315e-09,1.0,1.0575222640002266,1621.0,0.0,0.0,0.0,0.0,0.0,0.0,0.0,0.0104626055395176,
square_2d,2,500,7,RR-balanced,110.534852956483,9.0,9.0,0.05,1.9054180455668757e-09,1.0,1.1725911020000694,2088.0,0.29710622911214,0.093492469832252,0.0522774139653847,0.0522774139653847,0.0905111933198904,0.0134544560142646,4.939624052870198e-05,0.0105633081395184,
square_2d,2,500,7,RR-tiny,125000000.0,10.0,10.0,0.05,1.1008257416733612e-08,1.0,0.1792200029999548,210.0,0.0003556264249293,8.757997646729009e-05,4.9735945140128024e-08,4.9735945140128024e-08,1.3629619108397524e-07,1.651037195728644e-05,7.646323640371879e-11,0.0104635436676935,
square_2d,2,500,8,BB,1.0,8.0,8.0,0.05,4.2849920944831865e-08,1.0,0.8343472040000961,419.0,6.4937230071668095,0.9552347137773944,6.159615173025941,6.159615173025941,10.534192761655788,0.1451495281539405,0.0050045656211011,0.0209106374192086,
square_2d,2,500,8,Ordinary,inf,7.0,7.0,0.05,2.247125761023483e-07,1.0,0.6427215030000752,129.0,0.0,0.0,0.0,0.0,0.0,0.0,0.0,0.0092323393281991,
square_2d,2,500,8,RR-balanced,110.534852956483,7.0,7.0,0.05,1.8882104946271738e-07,1.0,0.1865670500001215,110.0,0.3956971530200299,0.0931827709992231,0.0722655386102815,0.0722655386102815,0.1282964732809257,0.0160185188629239,6.661721240210388e-05,0.0090754441474349,
square_2d,2,500,8,RR-tiny,125000000.0,7.0,7.0,0.05,1.1354257090090414e-08,1.0,0.1617667319999327,12.0,0.0002756467478746,9.016061948469068e-05,3.2798652682686225e-08,3.2798652682686225e-08,6.107637653700638e-08,1.105227366083616e-05,3.063985538333805e-11,0.0092320435174449,
square_2d,2,500,9,BB,1.0,9.0,10.0,0.05,3.745208521088728e-08,1.0,0.928807130000223,604.0,5.982428222908229,0.9727652278490228,12.218099249652369,12.218099249652369,23.012638031727253,0.2145350229297177,0.0107835907294111,0.0127004808035022,
square_2d,2,500,9,Ordinary,inf,11.0,11.0,0.05,1.506732225653451e-07,1.0,1.4823471289998906,710.0,0.0,0.0,0.0,0.0,0.0,0.0,0.0,0.0094508952984531,
square_2d,2,500,9,RR-balanced,110.534852956483,11.0,12.0,0.05,3.188679889021273e-07,1.0,0.5027597169998899,614.0,0.3218963969119148,0.0943935753350886,0.0926385722266331,0.0926385722266331,0.1670117573074034,0.0182763102024124,7.639604461204292e-05,0.0100805898606069,
square_2d,2,500,9,RR-tiny,125000000.0,11.0,11.0,0.05,4.125501185114899e-08,1.0,0.099697505999984,86.0,0.0002537287405748,8.660813495004809e-05,5.33095771970693e-08,5.33095771970693e-08,8.844149052068422e-08,1.3299736126757118e-05,4.6902191214182056e-11,0.0094506116640501,
square_2d,2,500,10,BB,1.0,12.0,12.0,0.05,4.666528607977227e-07,1.0,1.3398172330000762,875.0,6.375306228722223,1.1210989841893924,12.424479475763064,12.424479475763064,20.770400095965982,0.2038156034064417,0.0109881304678638,0.0191685778380841,
square_2d,2,500,10,Ordinary,inf,12.0,12.0,0.05,1.990433373677547e-08,1.0,1.7820143129999906,894.0,0.0,0.0,0.0,0.0,0.0,0.0,0.0,0.0072107503684222,
square_2d,2,500,10,RR-balanced,110.534852956483,11.0,12.0,0.05,2.9221980391014313e-10,1.0,1.2748927999998614,2163.0,0.3142279443424649,0.0919119540446765,0.0953475032476944,0.0953475032476944,0.1632212515386718,0.0180677199191636,7.715813341466069e-05,0.0079147592601968,
square_2d,2,500,10,RR-tiny,125000000.0,12.0,12.0,0.05,4.604783221395792e-09,1.0,0.1438904510000611,47.0,0.0002488375907934,9.040916416589572e-05,8.339293344761246e-08,8.339293344761246e-08,1.453334669240664e-07,1.7048956972440653e-05,6.96641493798678e-11,0.007210498327009,
square_2d,2,500,11,BB,1.0,9.0,9.0,0.05,1.423371971398524e-07,1.0,0.7104590379999536,195.0,4.165857958033455,0.9740038522041184,8.52960520369902,8.52960520369902,15.33620448778404,0.1751354018340326,0.0063874382507002,0.0086809242390531,
square_2d,2,500,11,Ordinary,inf,10.0,10.0,0.05,5.211869003041159e-08,1.0,1.2226155690000269,180.0,0.0,0.0,0.0,0.0,0.0,0.0,0.0,0.0107832216848437,
square_2d,2,500,11,RR-balanced,110.534852956483,10.0,10.0,0.05,3.203891356662325e-07,1.0,0.1823722820001876,183.0,0.3167961182219259,0.0900539003151174,0.0716760054572205,0.0716760054572205,0.128508202202953,0.01603173117308,6.350840255005217e-05,0.0107253113311919,
square_2d,2,500,11,RR-tiny,125000000.0,10.0,10.0,0.05,2.1845599107450653e-08,1.0,0.0648325390000081,43.0,0.0002804918141374,8.718152691681176e-05,5.140873327036388e-08,5.140873327036388e-08,8.622777551592418e-08,1.3132233284245614e-05,4.6855996939909706e-11,0.0107835325405623,
square_2d,2,500,12,BB,1.0,9.0,9.0,0.05,3.0994676825102374e-08,1.0,1.2842730909999318,252.0,6.961119071347604,1.000464988001692,6.653062768318932,6.653062768318932,13.26576330829855,0.1628850104110169,0.0059687139077181,0.0109385989058285,
square_2d,2,500,12,Ordinary,inf,11.0,11.0,0.05,3.4306113505522256e-11,1.0,1.6592616979999093,743.0,0.0,0.0,0.0,0.0,0.0,0.0,0.0,0.0058461105967955,
square_2d,2,500,12,RR-balanced,110.534852956483,11.0,11.0,0.05,2.020768219423985e-08,1.0,0.7240978319998703,904.0,0.2868606370200885,0.0964045151386433,0.0851789223816013,0.0851789223816013,0.1357418440145642,0.0164767620614345,7.316075258585306e-05,0.0058728137896136,
square_2d,2,500,12,RR-tiny,125000000.0,11.0,11.0,0.05,3.393616498925667e-10,1.0,0.1411740440000812,87.0,0.0003369623577818,9.255374729260117e-05,6.637787919316906e-08,6.637787919316906e-08,1.1585652439250018e-07,1.522212366212416e-05,6.259419544227463e-11,0.0058461451038271,
square_2d,2,500,13,BB,1.0,9.0,9.0,0.05,2.066496476160751e-07,1.0,0.6327149299997927,243.0,5.929280193115988,0.9597270875522468,6.169998245527495,6.169998245527495,10.388388157330215,0.144141514889571,0.0056392414855469,0.0170809894983771,
square_2d,2,500,13,Ordinary,inf,8.0,8.0,0.05,7.103371668648606e-09,1.0,1.4724806960000478,1062.0,0.0,0.0,0.0,0.0,0.0,0.0,0.0,0.0086962132829623,
square_2d,2,500,13,RR-balanced,110.534852956483,7.0,7.0,0.05,5.156992388677396e-08,1.0,0.2493233410000357,209.0,0.2778980298176807,0.0908018123777717,0.0861091936544653,0.0861091936544653,0.1586338944348196,0.0178120124879149,8.185973131456255e-05,0.0088517871245396,
square_2d,2,500,13,RR-tiny,125000000.0,8.0,8.0,0.05,9.994010952141252e-09,1.0,0.0952883749998818,56.0,0.0002499553175548,8.486184897126297e-05,1.1248630471527576e-08,1.1248630471527576e-08,9.648451912306257e-08,1.38913296068492e-05,5.0889633300490146e-11,0.0086966739472455,
square_2d,2,500,14,BB,1.0,8.0,8.0,0.05,1.7262605123136154e-08,1.0,0.8028935039999396,157.0,4.49613700570496,0.9909796452993196,8.197347004216226,8.197347004216226,15.028941173977287,0.1733720921831266,0.007832385788533,0.0087930794421653,
square_2d,2,500,14,Ordinary,inf,8.0,8.0,0.05,7.187096096039626e-08,1.0,1.0596066060002158,196.0,0.0,0.0,0.0,0.0,0.0,0.0,0.0,0.0032312300760165,
square_2d,2,500,14,RR-balanced,110.534852956483,8.0,8.0,0.05,4.737011360944621e-08,1.0,0.3347126340001978,198.0,0.32021975161617,0.0982108320780117,0.0710446846139802,0.0710446846139802,0.1219097093067574,0.015614718012616,5.532135175392951e-05,0.0034627606764108,
square_2d,2,500,14,RR-tiny,125000000.0,8.0,8.0,0.05,1.092117893897182e-07,1.0,0.0847616790001666,76.0,0.0003365916383233,9.292052985506232e-05,5.955757842457388e-08,5.955757842457388e-08,9.949183978046345e-08,1.410615750517932e-05,5.3770314148201516e-11,0.0032311681694052,
square_2d,2,500,15,BB,1.0,8.0,9.0,0.05,2.79518250767552e-08,1.0,1.256454334000182,944.0,5.977459750182741,0.9952192496031516,6.545035026912956,6.545035026912956,12.020469905313767,0.1550514102181193,0.0059836778788643,0.0116641088445818,
square_2d,2,500,15,Ordinary,inf,8.0,8.0,0.05,7.570463145256667e-09,1.0,1.0686376899998322,238.0,0.0,0.0,0.0,0.0,0.0,0.0,0.0,0.0095188094152625,
square_2d,2,500,15,RR-balanced,110.534852956483,8.0,8.0,0.05,1.835869178901106e-07,1.0,0.2356702149998,231.0,0.3191528099799852,0.0979696560711502,0.0505655236456732,0.0505655236456732,0.0937290625106433,0.0136915347942181,4.65450028469382e-05,0.009521895296054,
square_2d,2,500,15,RR-tiny,125000000.0,8.0,8.0,0.05,2.367423328486496e-07,1.0,0.1648992400000679,36.0,0.000291086785819,9.213229238669514e-05,5.069591679784936e-08,5.069591679784936e-08,9.003872295497558e-08,1.341929379326465e-05,4.724044273596057e-11,0.0095191029259955,
square_2d,2,500,16,BB,1.0,8.0,9.0,0.05,5.1561597436133866e-08,1.0,1.1627082640000026,799.0,4.839248725556969,0.9746367654609774,9.468830908392649,9.468830908392649,18.267560677405484,0.1911416264313218,0.0084873642247206,0.0200587312732339,
square_2d,2,500,16,Ordinary,inf,12.0,12.0,0.05,1.1483950723700789e-07,1.0,2.204929122000067,1550.0,0.0,0.0,0.0,0.0,0.0,0.0,0.0,0.0098237452145031,
square_2d,2,500,16,RR-balanced,110.534852956483,11.0,12.0,0.05,2.5931994329653207e-09,1.0,1.1862405489998764,1248.0,0.3369222607888558,0.0985498734037989,0.0604692994056677,0.0604692994056677,0.1060060887887961,0.0145606379522874,5.533929885145437e-05,0.009955843710285,
square_2d,2,500,16,RR-tiny,125000000.0,12.0,12.0,0.05,3.5342395676707383e-11,1.0,0.0990217350001785,105.0,0.0003380974812874,9.56179554687604e-05,1.0432336239318829e-07,1.0432336239318829e-07,1.853941795018712e-07,1.925586557399439e-05,9.312663562311559e-11,0.0098239703838045,
square_2d,2,500,17,BB,1.0,8.0,8.0,0.05,2.1498443025791403e-09,1.0,1.2454924500000288,1253.0,4.523876646463776,0.966712769793276,8.542626339060007,8.542626339060007,15.493354074211789,0.176030418247596,0.0072671580290893,0.0140815074416176,
square_2d,2,500,17,Ordinary,inf,8.0,8.0,0.05,1.401304871251341e-06,1.0,0.4448512369999662,61.0,0.0,0.0,0.0,0.0,0.0,0.0,0.0,0.0083772268908217,
square_2d,2,500,17,RR-balanced,110.534852956483,8.0,8.0,0.05,3.241546364662895e-09,1.0,0.5913547310001377,757.0,0.2955493803839408,0.0978632029693299,0.0986699526038137,0.0986699526038137,0.1693508251734867,0.0184038487916787,9.293525423109768e-05,0.0087227804642884,
square_2d,2,500,17,RR-tiny,125000000.0,8.0,8.0,0.05,2.1563995034057368e-10,1.0,0.2613398940000024,636.0,0.000266328477947,8.987853813129797e-05,0.0,-3.275238987043849e-05,2.761475208890797e-05,0.0002350095831616,1.6036473115154467e-08,0.0083781827080622,
square_2d,2,500,18,BB,1.0,10.0,10.0,0.05,2.6191289581589672e-08,1.0,0.9683097479999104,288.0,4.140648464403209,0.9392435029521774,7.751505464020283,7.751505464020283,13.515405357369753,0.1644104945395503,0.0068513172051361,0.0120207400610283,
square_2d,2,500,18,Ordinary,inf,12.0,12.0,0.05,3.270474158156844e-08,1.0,1.353452080999887,273.0,0.0,0.0,0.0,0.0,0.0,0.0,0.0,0.005634400865948,
square_2d,2,500,18,RR-balanced,110.534852956483,12.0,12.0,0.05,1.715320552264643e-08,1.0,0.344327764999889,339.0,0.339108421485623,0.0936835619405255,0.1086642407001363,0.1086642407001363,0.1941135273825946,0.01970347824028,0.0001015502555634,0.0058819664132626,
square_2d,2,500,18,RR-tiny,125000000.0,12.0,12.0,0.05,1.7246348686938973e-06,1.0,0.0833630189999894,36.0,0.0003136087565369,8.498367623207974e-05,7.834455573174638e-08,7.834455573174638e-08,1.450669020548015e-07,1.7033314536801194e-05,7.228045178972961e-11,0.0056343500444226,
square_2d,2,500,19,BB,1.0,11.0,11.0,0.05,7.321274630989194e-08,1.0,0.8318188879998161,637.0,5.061994887928302,0.9776575242244716,9.818074820357197,9.818074820357197,15.754183001063067,0.1775059604692928,0.0088270918191843,0.0223521511302116,
square_2d,2,500,19,Ordinary,inf,11.0,11.0,0.05,6.760565463004299e-08,1.0,1.603396110000176,255.0,0.0,0.0,0.0,0.0,0.0,0.0,0.0,0.0106653425964801,
square_2d,2,500,19,RR-balanced,110.534852956483,11.0,11.0,0.05,5.8821040260781394e-08,1.0,0.2541201869998986,244.0,0.2860185790745203,0.0936137342883474,0.0594415809141537,0.0594415809141537,0.0905002106840936,0.0134536397070899,4.776740334952414e-05,0.0109175743992608,
square_2d,2,500,19,RR-tiny,125000000.0,11.0,11.0,0.05,6.74223172847377e-08,1.0,0.0734052400000564,49.0,0.0002749791085698,9.141160598749451e-05,6.67125732434215e-08,6.67125732434215e-08,1.158480085122078e-07,1.5221564210829833e-05,6.138484165913703e-11,0.0106654295532809,
square_2d,2,500,20,BB,1.0,10.0,10.0,0.05,1.8874912299793323e-08,1.0,1.2761003539999365,359.0,5.3163595576430565,0.9802104753551724,7.6174629244274,7.6174629244274,12.351580980076864,0.1571723956684307,0.0066778411669542,0.0130517000409997,
square_2d,2,500,20,Ordinary,inf,8.0,8.0,0.05,5.17378269115909e-08,1.0,0.94151081300015,134.0,0.0,0.0,0.0,0.0,0.0,0.0,0.0,0.0073924614320787,
square_2d,2,500,20,RR-balanced,110.534852956483,8.0,8.0,0.05,1.2061165621801706e-08,1.0,0.3990511039996818,196.0,0.3134025783949665,0.098985385940558,0.0712373582337022,0.0712373582337022,0.1310391800586258,0.0161888344273839,5.838586612183252e-05,0.0071662983629069,
square_2d,2,500,20,RR-tiny,125000000.0,8.0,8.0,0.05,1.3817884902955768e-07,1.0,0.1415472329995282,37.0,0.0003046375516611,8.934805550587157e-05,7.847802407923157e-08,7.847802407923157e-08,1.341295768732328e-07,1.6378618798496582e-05,6.635734793802715e-11,0.0073921496587789,
square_2d,2,500,21,BB,1.0,7.0,7.0,0.05,1.4220775224060844e-08,1.0,0.7351383490004082,226.0,5.13725997750678,1.0180109774926025,8.865776301440292,8.865776301440292,13.465254900909912,0.1641051790828669,0.0071584143047665,0.0230616831274302,
square_2d,2,500,21,Ordinary,inf,8.0,8.0,0.05,1.9480111745906476e-08,1.0,1.006915989999925,249.0,0.0,0.0,0.0,0.0,0.0,0.0,0.0,0.0140796419208521,
square_2d,2,500,21,RR-balanced,110.534852956483,8.0,8.0,0.05,8.976136500749021e-09,1.0,0.4344036600000436,264.0,0.329876297529861,0.0940234334996451,0.0596140461270806,0.0596140461270806,0.1102027149513974,0.0148460577226008,5.539070926963137e-05,0.0147114951243288,
square_2d,2,500,21,RR-tiny,125000000.0,8.0,8.0,0.05,5.1845596038546666e-08,1.0,0.1492893800000274,55.0,0.0003265679377764,9.28894533416378e-05,9.960126590158325e-08,9.960126590158325e-08,1.655973686741233e-07,1.819875647807417e-05,8.513051450963595e-11,0.0140792899543953,
square_2d,2,500,22,BB,1.0,8.0,8.0,0.05,1.088631629286851e-09,1.0,0.7698170010003196,269.0,5.317392325352237,0.9906355257144852,8.197556288653004,8.197556288653004,15.324314445272224,0.1750674980987174,0.0077114393065155,0.0111718606398384,
square_2d,2,500,22,Ordinary,inf,9.0,9.0,0.05,8.770592134776933e-07,1.0,1.2093362860005072,475.0,0.0,0.0,0.0,0.0,0.0,0.0,0.0,0.0051745222626097,
square_2d,2,500,22,RR-balanced,110.534852956483,9.0,9.0,0.05,1.4183724128535857e-07,1.0,0.4471093500001188,406.0,0.257947070877244,0.0908531355304519,0.0365015065167426,0.0365015065167426,0.0603607066722397,0.0109873296730588,3.081364231115496e-05,0.0051926782717364,
square_2d,2,500,22,RR-tiny,125000000.0,9.0,9.0,0.05,5.266650537905093e-08,1.0,0.1368690059998698,35.0,0.000308088422385,8.809844245330773e-05,4.863477442995645e-08,4.863477442995645e-08,8.484988636559316e-08,1.3026886532521356e-05,4.2969585627128566e-11,0.005174385332254,
square_2d,2,500,23,BB,1.0,9.0,9.0,0.05,2.700516255060848e-08,1.0,0.9113621169999532,414.0,4.100888004379442,0.9687189236461986,5.3155073468954015,5.3155073468954015,7.492444845191338,0.1224127840153252,0.0039912906407232,0.0097098811941225,
square_2d,2,500,23,Ordinary,inf,9.0,9.0,0.05,1.355623699961228e-07,1.0,1.171308769999996,281.0,0.0,0.0,0.0,0.0,0.0,0.0,0.0,0.0086732014286894,
square_2d,2,500,23,RR-balanced,110.534852956483,9.0,10.0,0.05,1.1469022864751821e-07,1.0,0.7728484670005855,518.0,0.3454437852665757,0.0986448014201006,0.0855107433847024,0.0855107433847024,0.1486296321279888,0.0172412083177478,7.410039647519584e-05,0.0090331928154411,
square_2d,2,500,23,RR-tiny,125000000.0,9.0,9.0,0.05,4.1491620805800267e-08,1.0,0.145262790000288,44.0,0.0003049223615008,9.422446122862006e-05,7.52527284930693e-08,7.52527284930693e-08,1.401817252082107e-07,1.6744057167139076e-05,7.129331787139789e-11,0.0086736954321087,
square_2d,2,500,24,BB,1.0,11.0,11.0,0.05,2.3157518791450122e-08,1.0,1.5168247310002698,1871.0,6.501058739064831,0.955398495862839,7.842475116095557,7.842475116095557,13.74551397047783,0.1658041855350933,0.0072218014916713,0.0117827036383114,
square_2d,2,500,24,Ordinary,inf,11.0,12.0,0.05,2.280569733059678e-09,1.0,1.6503411859998778,2112.0,0.0,0.0,0.0,0.0,0.0,0.0,0.0,0.0055092788314369,
square_2d,2,500,24,RR-balanced,110.534852956483,10.0,10.0,0.05,7.45253014855507e-09,1.0,0.5009798460000638,334.0,0.321351790403662,0.0984306984756387,0.0924982272078978,0.0924982272078978,0.1585707833628626,0.0178084689607423,8.586947892783622e-05,0.00605946541123,
square_2d,2,500,24,RR-tiny,125000000.0,11.0,11.0,0.05,2.1106252301450468e-09,1.0,0.1590570840003238,107.0,0.0002823778267393,8.78709193119249e-05,1.1311794878565706e-07,1.1311794878565706e-07,2.103027794462249e-07,2.050867033457922e-05,1.1491297876841704e-10,0.0055090435332864,
square_2d,2,500,25,BB,1.0,7.0,7.0,0.05,1.3358377515260145e-08,1.0,0.914691266000318,400.0,5.516729800755284,1.011340931525592,7.494425501470914,7.494425501470914,10.82750254729399,0.1471563967165137,0.0058388044933409,0.0095318047351186,
square_2d,2,500,25,Ordinary,inf,7.0,7.0,0.05,1.7615082503752433e-08,1.0,1.523601786999734,216.0,0.0,0.0,0.0,0.0,0.0,0.0,0.0,0.0037721501656588,
square_2d,2,500,25,RR-balanced,110.534852956483,7.0,7.0,0.05,9.193118666317448e-08,1.0,0.2630839950006702,105.0,0.3610341899054714,0.096803250674647,0.0607449702147278,0.0607449702147278,0.0943176501462488,0.0137344566799163,5.2049693571284216e-05,0.0041374188768522,
square_2d,2,500,25,RR-tiny,125000000.0,7.0,7.0,0.05,5.196287844455583e-12,1.0,0.1422390299999278,36.0,0.0002925525138604,9.01617226362497e-05,4.019148036604747e-08,4.019148036604747e-08,6.399874837123858e-08,1.1313597869045778e-05,3.296967014901596e-11,0.0037720176581578,
square_2d,2,500,26,BB,1.0,12.0,12.0,0.05,1.7580017082075017e-06,1.0,1.3945368820000112,317.0,5.707917269928479,0.9885112749394728,7.579399657061913,7.579399657061913,11.691807015128424,0.1529170168106115,0.0061609630161634,0.0216507825009489,
square_2d,2,500,26,Ordinary,inf,10.0,10.0,0.05,8.308757348807205e-08,1.0,1.429342108000128,553.0,0.0,0.0,0.0,0.0,0.0,0.0,0.0,0.0103485765192615,
square_2d,2,500,26,RR-balanced,110.534852956483,10.0,10.0,0.05,1.1100453889412164e-11,1.0,0.7744368859998758,429.0,0.2900910824469342,0.1003733799559873,0.0840680961118778,0.0840680961118778,0.1306817060684713,0.0161667378322573,6.783638145353872e-05,0.0101005441585298,
square_2d,2,500,26,RR-tiny,125000000.0,10.0,10.0,0.05,2.0078347873209168e-08,1.0,0.239711079999779,58.0,0.0003272500200495,8.728514727955533e-05,6.63953869661782e-08,6.63953869661782e-08,1.2625812859648497e-07,1.589076012004995e-05,6.113211323699747e-11,0.0103490237914579,
square_2d,2,500,27,BB,1.0,9.0,9.0,0.05,2.7881474906621406e-11,1.0,0.9030819050003628,311.0,7.200299780754378,1.0199043976871118,11.139214512864328,11.139214512864328,21.53084278021777,0.2075130973226402,0.0107680424367167,0.0137484963716124,
square_2d,2,500,27,Ordinary,inf,9.0,9.0,0.05,9.320680138813486e-08,1.0,1.7985164770002484,772.0,0.0,0.0,0.0,0.0,0.0,0.0,0.0,0.0041905936504573,
square_2d,2,500,27,RR-balanced,110.534852956483,8.0,8.0,0.05,3.716222329863683e-08,1.0,0.3840019139997821,372.0,0.2726107704251284,0.0934670271774586,0.0713096716131076,0.0713096716131076,0.1284968042425341,0.0160310201947682,7.218029756066528e-05,0.0044553402507218,
square_2d,2,500,27,RR-tiny,125000000.0,9.0,9.0,0.05,3.2917984338354245e-08,1.0,0.1888981179999973,97.0,0.0002682307951544,8.65820169769144e-05,1.052862899086904e-07,1.052862899086904e-07,2.034991871600293e-07,2.017420071081029e-05,1.0002833496057311e-10,0.0041903132706469,
square_2d,2,500,28,BB,1.0,10.0,10.0,0.05,1.1343345862613321e-07,1.0,0.917343141999936,982.0,6.783920800000251,1.0125091868000562,4.743768379442145,4.743768379442145,7.870289503249513,0.1254614642290573,0.0037686677138393,0.0154921157652062,
square_2d,2,500,28,Ordinary,inf,12.0,12.0,0.05,4.4483818850693524e-08,1.0,1.6035944850000303,351.0,0.0,0.0,0.0,0.0,0.0,0.0,0.0,0.0096997040161101,
square_2d,2,500,28,RR-balanced,110.534852956483,12.0,12.0,0.05,2.504784823997852e-09,1.0,1.0876493259997917,1097.0,0.3248798609375221,0.0971115390961591,0.1028171393843422,0.1028171393843422,0.1870278332406549,0.0193405187748754,8.731332882095058e-05,0.0100972917206688,
square_2d,2,500,28,RR-tiny,125000000.0,12.0,12.0,0.05,1.5657764551590958e-07,1.0,0.1300412320001669,80.0,0.0002583050417842,9.023657687692384e-05,9.497512110101525e-08,9.497512110101525e-08,1.682144432255207e-07,1.834199788602761e-05,8.094865703318033e-11,0.0097000286310809,
square_2d,2,500,29,BB,1.0,9.0,9.0,0.05,3.502088585793928e-07,1.0,0.5217930160001742,137.0,6.167364769268493,0.9811749863424865,5.185712137353221,5.185712137353221,8.790427407375715,0.1325928158489419,0.0047145707290428,0.0140370589027769,
square_2d,2,500,29,Ordinary,inf,9.0,9.0,0.05,5.229778388127215e-09,1.0,1.1399382290001083,206.0,0.0,0.0,0.0,0.0,0.0,0.0,0.0,0.0056087128552286,
square_2d,2,500,29,RR-balanced,110.534852956483,9.0,9.0,0.05,8.481579039099074e-08,1.0,0.542024876999676,174.0,0.3445883013592217,0.0994966689790029,0.1115483850030614,0.1115483850030614,0.1973358026361274,0.0198663435305104,0.0001042786478291,0.0059008073491279,
square_2d,2,500,29,RR-tiny,125000000.0,9.0,9.0,0.05,5.0996050715568244e-08,1.0,0.0846279550000872,30.0,0.0002801597678795,8.844558645253531e-05,4.742037162941416e-08,4.742037162941416e-08,8.967607642757552e-08,1.3392242263906036e-05,3.981807844131277e-11,0.0056088929353408,
square_2d,2,500,30,BB,1.0,10.0,10.0,0.05,5.460926955080937e-08,1.0,1.0194653849998758,472.0,4.836200504091757,0.994461949004038,9.116078419502628,9.116078419502628,15.516703705895049,0.1761630137451959,0.0083822036992791,0.0154468347664333,
square_2d,2,500,30,Ordinary,inf,9.0,9.0,0.05,4.8654298145933694e-08,1.0,1.4435263830000622,443.0,0.0,0.0,0.0,0.0,0.0,0.0,0.0,0.0077633528685863,
square_2d,2,500,30,RR-balanced,110.534852956483,9.0,9.0,0.05,2.0503591269260824e-08,1.0,0.592580456000178,324.0,0.371176865547095,0.0959094912646881,0.1262091256553503,0.1262091256553503,0.2170058344474964,0.0208329467165591,0.0001155816004364,0.0072585285256323,
square_2d,2,500,30,RR-tiny,125000000.0,9.0,9.0,0.05,1.810310901184664e-08,1.0,0.1691858889998911,89.0,0.0002805082391674,9.226058883526508e-05,6.363461579894647e-08,6.363461579894647e-08,1.1088389344014009e-07,1.4891869824850077e-05,5.971385729096435e-11,0.0077634595208033,
square_2d,2,500,31,BB,1.0,5.0,5.0,0.05,8.186151956302012e-08,1.0,0.4382195079997473,84.0,4.567790672360855,0.99580501921306,3.163921214165839,3.163921214165839,6.427556778159074,0.1133803931741204,0.0029853628014152,0.0073218070542636,
square_2d,2,500,31,Ordinary,inf,7.0,7.0,0.05,1.0337622602385468e-07,1.0,0.870843448999949,218.0,0.0,0.0,0.0,0.0,0.0,0.0,0.0,0.0086314925791368,
square_2d,2,500,31,RR-balanced,110.534852956483,8.0,8.0,0.05,2.3975261997932762e-08,1.0,0.5673391450000054,369.0,0.3181691273753975,0.1006682623730019,0.1351140305582703,0.1351140305582703,0.2130291268851112,0.0206411785945043,0.000114599602305,0.0091363481165888,
square_2d,2,500,31,RR-tiny,125000000.0,7.0,7.0,0.05,1.3849537072729843e-09,1.0,0.2759081140002308,46.0,0.000360057287289,9.288337024802955e-05,5.354741006158292e-08,5.354741006158292e-08,9.198076666261556e-08,1.3563241991693252e-05,5.0164987771008426e-11,0.0086320263882272,
square_2d,2,500,32,BB,1.0,10.0,10.0,0.05,3.342782384230247e-08,1.0,1.0361573029999818,339.0,4.874022726993439,1.000443964969785,7.719547171952854,7.719547171952854,12.980427871908596,0.161123728059579,0.0067318528571375,0.0166957190065109,
square_2d,2,500,32,Ordinary,inf,10.0,10.0,0.05,2.5164994310600264e-08,1.0,1.3146860459996788,451.0,0.0,0.0,0.0,0.0,0.0,0.0,0.0,0.008576678784406,
square_2d,2,500,32,RR-balanced,110.534852956483,10.0,10.0,0.05,3.2112856596100414e-08,1.0,0.4386105260000477,234.0,0.3531077687579909,0.1007941338610565,0.1267165654694508,0.1267165654694508,0.2066186171363315,0.0203282373626604,0.0001075156633744,0.0086232462784002,
square_2d,2,500,32,RR-tiny,125000000.0,10.0,10.0,0.05,2.2755412887320852e-08,1.0,0.1579330890003802,70.0,0.0002801162790714,8.774494373152799e-05,8.205688573070803e-08,8.205688573070803e-08,1.4456429013024856e-07,1.7003781351819867e-05,7.517476256946843e-11,0.0085767336232017,
square_2d,2,500,33,BB,1.0,11.0,11.0,0.05,4.2306189662610905e-09,1.0,1.4279529619998357,1021.0,5.645607770982562,0.981825294522468,5.821480796371361,5.821480796371361,9.720277601177049,0.1394293914580211,0.0050473325517786,0.0095495901646552,
square_2d,2,500,33,Ordinary,inf,9.0,9.0,0.05,6.555656817397448e-07,1.0,1.1485969210002622,304.0,0.0,0.0,0.0,0.0,0.0,0.0,0.0,0.0066151683168389,
square_2d,2,500,33,RR-balanced,110.534852956483,9.0,9.0,0.05,1.3117645192295413e-07,1.0,0.4011242069996115,262.0,0.3377586513390638,0.0957720108854416,0.0580618772507932,0.0580618772507932,0.1057626759989179,0.0145439111657709,4.952803825965893e-05,0.0070807274253104,
square_2d,2,500,33,RR-tiny,125000000.0,9.0,9.0,0.05,7.427534471915465e-07,1.0,0.1124702340002841,69.0,0.0002496685299551,8.704047707781555e-05,4.738467396236956e-08,4.738467396236956e-08,8.582648075985426e-08,1.3101639650047946e-05,4.9182298676864e-11,0.0066152754677397,
square_2d,2,500,34,BB,1.0,10.0,10.0,0.05,3.97061605816873e-08,1.0,1.1448040609998316,474.0,5.036995338919327,1.0172868804770547,6.676663769214429,6.676663769214429,11.024401326448428,0.1484883923170321,0.0058082694886199,0.0121801423020129,
square_2d,2,500,34,Ordinary,inf,12.0,12.0,0.05,2.759864881074492e-07,1.0,1.5793862900000022,704.0,0.0,0.0,0.0,0.0,0.0,0.0,0.0,0.0090345253144533,
square_2d,2,500,34,RR-balanced,110.534852956483,11.0,11.0,0.05,5.6800963710301744e-08,1.0,0.6658918590001122,711.0,0.2900687654821237,0.0919538473738994,0.0819888546120637,0.0819888546120637,0.1408547404132261,0.0167842033122353,7.918231764557662e-05,0.0093702426172047,
square_2d,2,500,34,RR-tiny,125000000.0,12.0,12.0,0.05,3.83896043842924e-08,1.0,0.1891188090003197,90.0,0.0002969082168245,9.080827267001996e-05,9.65574145084247e-08,9.65574145084247e-08,1.738787908717483e-07,1.864825948295166e-05,8.559263921891744e-11,0.0090348392079949,
square_2d,2,500,35,BB,1.0,8.0,8.0,0.05,2.2275787880943203e-09,1.0,0.744899689000249,469.0,8.16602488955093,1.0362516351622255,4.99929380946196,4.99929380946196,8.118872991782686,0.1274274145683156,0.0044788372820131,0.007687418290692,
square_2d,2,500,35,Ordinary,inf,7.0,7.0,0.05,5.0257155104205253e-08,1.0,1.1291629669999566,248.0,0.0,0.0,0.0,0.0,0.0,0.0,0.0,0.0042494877294558,
square_2d,2,500,35,RR-balanced,110.534852956483,7.0,8.0,0.05,3.759223341504026e-07,1.0,0.4145661680004195,276.0,0.3045770305386495,0.0940826031947328,0.0907965376186439,0.0907965376186439,0.1617546187870417,0.0179863625442745,8.684740228047158e-05,0.0043528627616004,
square_2d,2,500,35,RR-tiny,125000000.0,7.0,7.0,0.05,2.3065623855345052e-08,1.0,0.1729547200002343,59.0,0.0003015347271547,8.986117531105929e-05,9.481436791247688e-08,9.481436791247688e-08,1.7944942667788956e-07,1.894462597561058e-05,9.27403149774252e-11,0.0042491169220702,
square_2d,2,500,36,BB,1.0,9.0,9.0,0.05,1.963867735099712e-08,1.0,1.0619586720004008,338.0,5.759132624751552,1.0582807724371377,10.768588183488871,10.768588183488871,15.374565423237602,0.1753543009066935,0.0099988746144349,0.0214174899473507,
square_2d,2,500,36,Ordinary,inf,9.0,9.0,0.05,5.962068616582883e-10,1.0,1.2962627239999165,483.0,0.0,0.0,0.0,0.0,0.0,0.0,0.0,0.0080889120429713,
square_2d,2,500,36,RR-balanced,110.534852956483,9.0,9.0,0.05,4.143359533248514e-07,1.0,0.5383666789998642,444.0,0.2843219106840311,0.0972207938149942,0.0470578188915169,0.0470578188915169,0.0724350114111079,0.0120361963602383,4.1067553310206495e-05,0.0078700014946948,
square_2d,2,500,36,RR-tiny,125000000.0,9.0,9.0,0.05,2.0183341464807825e-07,1.0,0.1540004699995734,42.0,0.0002505933901402,8.947594146319423e-05,4.394860297907145e-08,4.394860297907145e-08,7.66592220830365e-08,1.2382182528378143e-05,4.095676629537868e-11,0.0080886506914832,
square_2d,2,500,37,BB,1.0,10.0,10.0,0.05,1.543796528391539e-07,1.0,0.8827195210001264,255.0,5.3383342490286685,0.9943041297629344,8.611123883100845,8.611123883100845,13.454088437078148,0.1640371204153386,0.0072828172137045,0.021314860843949,
square_2d,2,500,37,Ordinary,inf,8.0,8.0,0.05,3.577514440245011e-08,1.0,1.1305215530001078,335.0,0.0,0.0,0.0,0.0,0.0,0.0,0.0,0.00947413985358,
square_2d,2,500,37,RR-balanced,110.534852956483,8.0,8.0,0.05,2.1952902606869884e-08,1.0,0.5290207210005065,324.0,0.2670144113105537,0.0871623820420873,0.0960826448545049,0.0960826448545049,0.1504180428426826,0.0173446269975853,9.692822387425692e-05,0.0096116414950744,
square_2d,2,500,37,RR-tiny,125000000.0,8.0,8.0,0.05,1.406550798055406e-07,1.0,0.1336772069998915,31.0,0.0002810153426087,9.020036716721308e-05,4.095727490494029e-08,4.095727490494029e-08,7.52012872763271e-08,1.2263872738766258e-05,3.750354677350496e-11,0.0094739984331142,
square_2d,2,500,38,BB,1.0,8.0,8.0,0.05,9.27442500575637e-09,1.0,0.5182910630001061,137.0,5.798340313944027,1.0116205209090796,7.920693988279254,7.920693988279254,12.618261928548083,0.1588600763473824,0.0060841143884608,0.0112736444182868,
square_2d,2,500,38,Ordinary,inf,6.0,6.0,0.05,1.6935786106841984e-09,1.0,1.1807086000003435,155.0,0.0,0.0,0.0,0.0,0.0,0.0,0.0,0.0029289189860573,
square_2d,2,500,38,RR-balanced,110.534852956483,7.0,7.0,0.05,4.452289870116033e-09,1.0,0.462713924000127,586.0,0.3145855161942195,0.0921319560833662,0.0707801229270899,0.0707801229270899,0.1106745251316667,0.0148778039462594,5.659412288253573e-05,0.0029800692561275,
square_2d,2,500,38,RR-tiny,125000000.0,6.0,6.0,0.05,1.9328851630362465e-08,1.0,0.1417058710003402,31.0,0.0002842474021955,8.8486592954026e-05,7.85335032560397e-08,7.85335032560397e-08,1.447065987476818e-07,1.7012148526725352e-05,7.044691394210134e-11,0.0029289045379096,
square_2d,2,500,39,BB,1.0,9.0,9.0,0.05,1.2512220592952872e-08,1.0,0.5190153349999491,190.0,5.88417064752106,0.9167560476064088,4.957548003171723,4.957548003171723,8.612855086005315,0.131246752996067,0.0042923196267873,0.0206048816700056,
square_2d,2,500,39,Ordinary,inf,11.0,11.0,0.05,3.5242342377728164e-10,1.0,0.9848687910002808,1230.0,0.0,0.0,0.0,0.0,0.0,0.0,0.0,0.0103727818542142,
square_2d,2,500,39,RR-balanced,110.534852956483,9.0,9.0,0.05,2.407074983779012e-08,1.0,0.2541232349999518,324.0,0.2843865179066784,0.0938980783022624,0.0961310398965906,0.0961310398965906,0.1649506545559274,0.0181631855441674,8.362285256032173e-05,0.0108019454122227,
square_2d,2,500,39,RR-tiny,125000000.0,11.0,11.0,0.05,2.0387380672559627e-10,1.0,0.067619153999658,36.0,0.0003187496150678,8.558557321412825e-05,4.5276692617335363e-08,4.5276692617335363e-08,8.54434942922898e-08,1.307237501698064e-05,4.704761326773162e-11,0.0103729119103991,
square_2d,2,1000,0,BB,1.0,11.0,11.0,0.05,8.020607822345482e-08,1.0,1.7720831940000608,1207.0,5.991473711743584,1.0095641663417103,12.709930065650951,12.709930065650951,19.244970151298983,0.1387262417543955,0.006142180578085,0.011904348319455,
square_2d,2,1000,0,Ordinary,inf,10.0,10.0,0.05,1.5048905899206492e-08,1.0,1.379797881000286,423.0,0.0,0.0,0.0,0.0,0.0,0.0,0.0,0.0053989159106756,
square_2d,2,1000,0,RR-balanced,135.9654697354872,10.0,11.0,0.05,4.4547303623687646e-08,1.0,1.973708224999882,2511.0,0.3300811636963147,0.0898504806204721,0.0618417756377311,0.0618417756377311,0.1095593544478477,0.0104670604492306,2.9222141415740804e-05,0.0053442056072125,
square_2d,2,1000,0,RR-tiny,1000000000.0,10.0,10.0,0.05,2.0714975912383693e-07,1.0,0.1351579199999832,34.0,0.0001098176610476,3.232165500731432e-05,8.745701052248478e-09,8.745701052248478e-09,1.4968499118720924e-08,3.868914462574861e-06,3.892368988814389e-12,0.0053988430511402,
square_2d,2,1000,1,BB,1.0,9.0,9.0,0.05,4.513925262461528e-07,1.0,0.9950878859999648,342.0,4.953021422109649,0.9603441529152542,3.629675735935052,3.629675735935052,5.377073208040458,0.0733285292914051,0.0013886767471215,0.0082686353280815,
square_2d,2,1000,1,Ordinary,inf,10.0,10.0,0.05,1.0950894524519585e-07,1.0,1.5886943550003707,370.0,0.0,0.0,0.0,0.0,0.0,0.0,0.0,0.0065908735923605,
square_2d,2,1000,1,RR-balanced,135.9654697354872,11.0,11.0,0.05,8.979574417367076e-09,1.0,1.4025845659998597,1336.0,0.3688511810045993,0.0890428656865204,0.0898053439868817,0.0898053439868817,0.156443511944992,0.0125077380826827,3.895603012213445e-05,0.0069188561953066,
square_2d,2,1000,1,RR-tiny,1000000000.0,10.0,10.0,0.05,2.7467037533313032e-08,1.0,0.1993151199999374,58.0,0.0001155698135129,3.185212229654007e-05,7.210473995655775e-09,7.210473995655775e-09,1.3324484750887756e-08,3.65027187355788e-06,3.432487822657522e-12,0.0065909830641874,
square_2d,2,1000,2,BB,1.0,7.0,7.0,0.05,2.6375209793982893e-08,1.0,1.0258197210000617,148.0,6.180817610165579,0.9838381465478836,5.987575413685136,5.987575413685136,10.3845236662312,0.1019044830526665,0.0028138880883475,0.0091397508539239,
square_2d,2,1000,2,Ordinary,inf,9.0,9.0,0.05,3.2610814937328314e-08,1.0,1.711195539000073,904.0,0.0,0.0,0.0,0.0,0.0,0.0,0.0,0.0025780070601294,
square_2d,2,1000,2,RR-balanced,135.9654697354872,9.0,10.0,0.05,4.00199651195976e-09,1.0,0.9773982750002688,1203.0,0.2707697813369045,0.086989197121072,0.0643194159983977,0.0643194159983977,0.1189466168466517,0.0109062650273433,3.1335698463496686e-05,0.0026193962832838,
square_2d,2,1000,2,RR-tiny,1000000000.0,9.0,9.0,0.05,1.511261782383144e-09,1.0,0.1701735539995752,48.0,8.892077336786208e-05,3.157362311732197e-05,7.582912076031791e-09,7.582912076031791e-09,1.143593826911768e-08,3.381706413797283e-06,3.31796914999219e-12,0.0025779961312961,
square_2d,2,1000,3,BB,1.0,7.0,8.0,0.05,1.7856614054068134e-07,1.0,1.1897036109999135,535.0,6.003090630092326,1.0180575606354954,7.667728252213237,7.667728252213237,14.17101313389662,0.1190420645565953,0.003431485770384,0.0095965778265039,
square_2d,2,1000,3,Ordinary,inf,11.0,11.0,0.05,2.706918336148334e-07,1.0,1.858993693000229,423.0,0.0,0.0,0.0,0.0,0.0,0.0,0.0,0.0052730100902292,
square_2d,2,1000,3,RR-balanced,135.9654697354872,11.0,11.0,0.05,2.080500931533891e-07,1.0,0.5174939460002861,535.0,0.3044401070413257,0.0839935842830977,0.0827416904476194,0.0827416904476194,0.1550634097191831,0.0124524459331965,3.984590807827385e-05,0.0051342409835698,
square_2d,2,1000,3,RR-tiny,1000000000.0,11.0,11.0,0.05,5.2568647213036e-09,1.0,0.1655639509999673,18.0,0.0001338335790739,3.1041116418106265e-05,6.703885446768254e-09,6.703885446768254e-09,1.1751221349550721e-08,3.428005447713104e-06,3.0826322791002497e-12,0.0052730482231718,
square_2d,2,1000,4,BB,1.0,11.0,11.0,0.05,4.9862719508908526e-08,1.0,1.453145915999812,454.0,6.904201298438264,1.013013333855482,11.514869247068418,11.514869247068418,19.610476755522647,0.1400374119852357,0.0055546124103712,0.0095728136029609,
square_2d,2,1000,4,Ordinary,inf,10.0,11.0,0.05,4.35441620538768e-08,1.0,1.4669913929997165,618.0,0.0,0.0,0.0,0.0,0.0,0.0,0.0,0.0026947580321249,
square_2d,2,1000,4,RR-balanced,135.9654697354872,10.0,11.0,0.05,7.137702784376644e-08,1.0,0.605050060999929,455.0,0.32888027053917,0.0858798170005962,0.104647042418037,0.104647042418037,0.1879402169397989,0.0137091289635701,5.086971681381458e-05,0.0027930059915715,
square_2d,2,1000,4,RR-tiny,1000000000.0,10.0,10.0,0.05,8.154144026661925e-12,1.0,0.1529844359997696,27.0,0.000108452034579,3.053793635037115e-05,5.5892996897455305e-09,5.5892996897455305e-09,1.0425630625522125e-08,3.2288745137465663e-06,2.6598661753486985e-12,0.0026947816161873,
square_2d,2,1000,5,BB,1.0,10.0,10.0,0.05,1.0691673990592677e-07,1.0,1.5140884419997749,535.0,9.757508958590488,1.033065388568548,7.534174199801328,7.534174199801328,13.120754394256114,0.114545861532646,0.0029391104435877,0.0043659069484191,
square_2d,2,1000,5,Ordinary,inf,12.0,12.0,0.05,2.833571093319165e-07,1.0,1.674464498999896,579.0,0.0,0.0,0.0,0.0,0.0,0.0,0.0,0.0047312578931137,
square_2d,2,1000,5,RR-balanced,135.9654697354872,12.0,12.0,0.05,4.049126145488913e-09,1.0,0.5916162759999679,484.0,0.2695295545633913,0.0851614923702843,0.0977374626236269,0.0977374626236269,0.1752757597116441,0.013239175190005,4.445407704901385e-05,0.0049038520726478,
square_2d,2,1000,5,RR-tiny,1000000000.0,12.0,12.0,0.05,8.817072227884638e-08,1.0,0.178347919999851,26.0,0.0001083770584442,3.123693997678268e-05,8.782990335021168e-09,8.782990335021168e-09,1.4681753710363673e-08,3.831677662638609e-06,3.71378842448103e-12,0.0047312643965823,
square_2d,2,1000,6,BB,1.0,9.0,9.0,0.05,1.8360544862261463e-08,1.0,1.1055237759997,429.0,6.0830790956464975,1.00226724568874,8.564024332791632,8.564024332791632,13.609542170076336,0.1166599424398809,0.0032709531297579,0.0069073009514255,
square_2d,2,1000,6,Ordinary,inf,10.0,10.0,0.05,1.24571686299646e-10,1.0,2.3462346219998835,1434.0,0.0,0.0,0.0,0.0,0.0,0.0,0.0,0.0033002403954794,
square_2d,2,1000,6,RR-balanced,135.9654697354872,10.0,11.0,0.05,7.193090212354036e-08,1.0,0.6860485809997954,844.0,0.3323515263452528,0.0864539571463476,0.0633914677755456,0.0633914677755456,0.1135395859011014,0.0106554955727596,2.9374924254241684e-05,0.0035085371918591,
square_2d,2,1000,6,RR-tiny,1000000000.0,10.0,10.0,0.05,9.019598401494022e-09,1.0,0.1425585520000822,23.0,9.778171746588348e-05,3.118486032602129e-05,7.084963726811111e-09,7.084963726811111e-09,1.3672687944742202e-08,3.697659792996403e-06,3.2703588091276448e-12,0.0033001967460212,
square_2d,2,1000,7,BB,1.0,10.0,10.0,0.05,5.773282385490575e-08,1.0,1.008117482000216,265.0,7.104180461756059,0.9986849139521972,10.606485085449547,10.606485085449547,18.83271578489483,0.1372323423428122,0.0044610283689702,0.0080969262079942,
square_2d,2,1000,7,Ordinary,inf,12.0,12.0,0.05,5.352085907794901e-08,1.0,1.769826674000342,491.0,0.0,0.0,0.0,0.0,0.0,0.0,0.0,0.0047439988357951,
square_2d,2,1000,7,RR-balanced,135.9654697354872,12.0,12.0,0.05,8.687004140472965e-07,1.0,0.4600353030000406,378.0,0.3346982400927691,0.0868096207609192,0.0416418543841246,0.0416418543841246,0.0731041781671439,0.0085500981378662,1.6616881151171537e-05,0.004947322837927,
square_2d,2,1000,7,RR-tiny,1000000000.0,12.0,12.0,0.05,7.15050003652351e-08,1.0,0.1412755390001621,28.0,0.0001073667947302,3.138440347311718e-05,1.49802872329019e-08,1.49802872329019e-08,2.7142157097596562e-08,5.2098135376994594e-06,6.20482316609726e-12,0.0047439862844712,
square_2d,2,1000,8,BB,1.0,7.0,7.0,0.05,4.116107699125848e-08,1.0,1.1038239860004069,339.0,5.460169997429942,0.9914073093663603,4.055566781389189,4.055566781389189,7.2279132829723824,0.0850171352315072,0.0017682052559182,0.0083254196326117,
square_2d,2,1000,8,Ordinary,inf,9.0,9.0,0.05,3.8172852656614964e-08,1.0,1.56087614199987,512.0,0.0,0.0,0.0,0.0,0.0,0.0,0.0,0.0054841518973932,
square_2d,2,1000,8,RR-balanced,135.9654697354872,9.0,10.0,0.05,3.6267270964174265e-08,1.0,0.6056100419996255,665.0,0.3455427291724284,0.0894794001857597,0.029432901410928,0.029432901410928,0.0455708386948716,0.0067506176528427,1.2328404936487444e-05,0.0053309626868587,
square_2d,2,1000,8,RR-tiny,1000000000.0,9.0,9.0,0.05,5.941566350031735e-09,1.0,0.0953595320002023,20.0,0.0001078437819452,3.0969140589664653e-05,8.732968126423657e-09,8.732968126423657e-09,1.6090091526139726e-08,4.011245632735513e-06,3.789408194716528e-12,0.0054841892071257,
square_2d,2,1000,9,BB,1.0,8.0,8.0,0.05,3.4722567487932565e-08,1.0,0.6626355540001896,194.0,5.326430384468212,1.027220768454154,8.997556567093397,8.997556567093397,16.18753532308424,0.1272302453156648,0.0043561034309033,0.0082486331722179,
square_2d,2,1000,9,Ordinary,inf,9.0,9.0,0.05,2.378903740662963e-09,1.0,1.0477964830001838,826.0,0.0,0.0,0.0,0.0,0.0,0.0,0.0,0.0032430563816235,
square_2d,2,1000,9,RR-balanced,135.9654697354872,9.0,9.0,0.05,1.1410139499901104e-10,1.0,1.057079258999693,450.0,0.3557937743579769,0.0880285810123893,0.0574195977765157,0.0574195977765157,0.0937202958954684,0.0096809243306343,2.4216907354722268e-05,0.0033154986978858,
square_2d,2,1000,9,RR-tiny,1000000000.0,9.0,9.0,0.05,3.6497939226443066e-07,1.0,0.1040560299998105,32.0,9.844692092220164e-05,3.173925304804099e-05,8.455572242382914e-09,8.455572242382914e-09,2.1104984436598683e-08,4.594016155456866e-06,5.189141797808807e-12,0.0032430804389157,
square_2d,2,1000,10,BB,1.0,10.0,11.0,0.05,3.5926933872332256e-08,1.0,1.4363844650001738,888.0,4.902383064521344,0.9732154072494924,7.74722086437032,7.74722086437032,13.412678776282416,0.1158131200524466,0.0033007734926721,0.0059854842153289,
square_2d,2,1000,10,Ordinary,inf,10.0,11.0,0.05,2.7726212215029026e-08,1.0,1.7004207950003547,649.0,0.0,0.0,0.0,0.0,0.0,0.0,0.0,0.0045290730673376,
square_2d,2,1000,10,RR-balanced,135.9654697354872,10.0,10.0,0.05,3.0741259537947485e-08,1.0,0.5378633669997726,469.0,0.2890501721162417,0.0810981685242552,0.0505382205005844,0.0505382205005844,0.0845926774476154,0.0091974277625657,2.2170058567655187e-05,0.0046702389828351,
square_2d,2,1000,10,RR-tiny,1000000000.0,10.0,10.0,0.05,1.7992762835206122e-10,1.0,0.1645689819997642,27.0,0.000106250622611,3.232700311344934e-05,4.0058694139588624e-09,4.0058694139588624e-09,7.593537478615566e-09,2.75563739969822e-06,2.1761661788405368e-12,0.0045290381441302,
square_2d,2,1000,11,BB,1.0,7.0,7.0,0.05,8.30325168621471e-08,1.0,0.752641408999807,117.0,6.567570423847147,1.0588886902306438,6.238788868656684,6.238788868656684,11.045265186696136,0.1050964565848732,0.0029375356596985,0.0085659183315058,
square_2d,2,1000,11,Ordinary,inf,8.0,8.0,0.05,1.0879034029187555e-07,1.0,1.2165497660002984,317.0,0.0,0.0,0.0,0.0,0.0,0.0,0.0,0.0039180449748867,
square_2d,2,1000,11,RR-balanced,135.9654697354872,9.0,9.0,0.05,3.783679369817605e-09,1.0,0.4649483650005095,423.0,0.3131926344190137,0.087715467610077,0.070486660588358,0.070486660588358,0.1285281711598724,0.0113370265572535,3.114855675419735e-05,0.0044559497789914,
square_2d,2,1000,11,RR-tiny,1000000000.0,8.0,8.0,0.05,9.548307744466913e-08,1.0,0.1401597730000503,11.0,0.0001284839769901,3.1513735904096905e-05,3.574314177967608e-09,3.574314177967608e-09,6.771485735620935e-09,2.602207857881636e-06,1.740801112844092e-12,0.0039180945553135,
square_2d,2,1000,12,BB,1.0,8.0,8.0,0.05,3.591349972964508e-08,1.0,0.7621820489994207,203.0,5.237776701380138,0.9879800072341128,7.064471001530819,7.064471001530819,11.674252183553977,0.1080474533876387,0.003067243723127,0.0065044328396393,
square_2d,2,1000,12,Ordinary,inf,9.0,9.0,0.05,1.0879675382824416e-07,1.0,1.7547609369999009,431.0,0.0,0.0,0.0,0.0,0.0,0.0,0.0,0.0027340975543902,
square_2d,2,1000,12,RR-balanced,135.9654697354872,9.0,9.0,0.05,5.1702862879920986e-08,1.0,0.4158774280003854,262.0,0.2942832265197571,0.0851931594197698,0.0846405257098013,0.0846405257098013,0.1547218615058725,0.0124387242716394,3.391126357810052e-05,0.0027628415294107,
square_2d,2,1000,12,RR-tiny,1000000000.0,9.0,9.0,0.05,1.646518392739438e-07,1.0,0.142202549999638,19.0,0.000100854180597,3.1862597936853426e-05,9.01673047337681e-09,9.01673047337681e-09,1.6072651502068313e-08,4.009071152033636e-06,4.007981861446702e-12,0.0027341305328645,
square_2d,2,1000,13,BB,1.0,8.0,8.0,0.05,4.193215641379312e-08,1.0,0.9490887799997836,219.0,6.091609881596928,1.0145193292067185,7.824920244004261,7.824920244004261,14.874699928070871,0.1219618789953273,0.0037858870089732,0.0111545395814217,
square_2d,2,1000,13,Ordinary,inf,11.0,11.0,0.05,8.017632897594495e-07,1.0,2.130656941000325,808.0,0.0,0.0,0.0,0.0,0.0,0.0,0.0,0.0052911840356562,
square_2d,2,1000,13,RR-balanced,135.9654697354872,11.0,11.0,0.05,2.872932114428295e-09,1.0,3.144945419999658,4008.0,0.337941999839924,0.0843674980481883,0.0786990939577663,0.0786990939577663,0.1428028063752441,0.0119500128190409,3.431654151866818e-05,0.005344417196922,
square_2d,2,1000,13,RR-tiny,1000000000.0,11.0,11.0,0.05,9.27197958411341e-08,1.0,0.2108168539998587,94.0,0.0001080696406755,3.1190765618371684e-05,1.2571035767905414e-08,1.2571035767905414e-08,2.3272818416822906e-08,4.824190959821439e-06,6.546586271275187e-12,0.0052911677863591,
square_2d,2,1000,14,BB,1.0,8.0,8.0,0.05,3.186584329739617e-11,1.0,0.8968411670002752,521.0,7.36339185656313,0.9737203621504804,6.166978566550824,6.166978566550824,9.86413836694622,0.0993183687287815,0.0025801552501535,0.0040047587583445,
square_2d,2,1000,14,Ordinary,inf,8.0,8.0,0.05,1.2147301386988827e-08,1.0,1.4106894600004125,336.0,0.0,0.0,0.0,0.0,0.0,0.0,0.0,0.0015397595308266,
square_2d,2,1000,14,RR-balanced,135.9654697354872,8.0,9.0,0.05,1.9583750621166018e-07,1.0,0.4910255840004538,410.0,0.2652256715548817,0.0839567458068384,0.1075611418614244,0.1075611418614244,0.198721220348755,0.0140968514338754,4.707949653145247e-05,0.0014478596949383,
square_2d,2,1000,14,RR-tiny,1000000000.0,8.0,8.0,0.05,3.063492526322875e-08,1.0,0.195622538000407,44.0,0.0001196663707475,3.126222838997579e-05,8.644292393000796e-09,8.644292393000796e-09,1.5913395490534063e-08,3.989159747432291e-06,3.937567595605865e-12,0.0015397622348453,
square_2d,2,1000,15,BB,1.0,9.0,9.0,0.05,2.8151771580553493e-08,1.0,1.3361358729998756,684.0,6.041490179812237,0.987181811660032,8.581217925252076,8.581217925252076,16.789044270428324,0.1295725444314046,0.0038599904638194,0.0130208089179897,
square_2d,2,1000,15,Ordinary,inf,11.0,11.0,0.05,2.490651960229684e-07,1.0,2.3036609079999835,1122.0,0.0,0.0,0.0,0.0,0.0,0.0,0.0,0.0055821514432056,
square_2d,2,1000,15,RR-balanced,135.9654697354872,11.0,11.0,0.05,1.3741663340560708e-07,1.0,0.866355797000324,659.0,0.3514646222423565,0.085788200977207,0.0563046828174265,0.0563046828174265,0.094034638676132,0.0096971459036219,2.6014800098898195e-05,0.0053733356671816,
square_2d,2,1000,15,RR-tiny,1000000000.0,11.0,11.0,0.05,2.1398773863978704e-09,1.0,0.1792145220001657,20.0,0.0001000254427483,3.130484548393097e-05,6.366917659761384e-09,6.366917659761384e-09,1.2321176071955268e-08,3.5101532832563405e-06,3.098629073205753e-12,0.0055822154250024,
square_2d,2,1000,16,BB,1.0,10.0,10.0,0.05,8.585741828603943e-08,1.0,1.2013310100001036,272.0,6.283450306769529,0.9743930564871086,7.276713180171555,7.276713180171555,12.035456623212244,0.1097062287347999,0.003021128963115,0.0059302988830969,
square_2d,2,1000,16,Ordinary,inf,11.0,11.0,0.05,2.1364842117677085e-08,1.0,2.1580600789998243,1039.0,0.0,0.0,0.0,0.0,0.0,0.0,0.0,0.0058788361960047,
square_2d,2,1000,16,RR-balanced,135.9654697354872,11.0,11.0,0.05,9.885115637153777e-08,1.0,0.6467894140000681,593.0,0.3238736880799071,0.0844755898121282,0.078125518111392,0.078125518111392,0.1247667847066229,0.0111699053132344,3.321501559070376e-05,0.0058502594107304,
square_2d,2,1000,16,RR-tiny,1000000000.0,11.0,11.0,0.05,1.8135503543348364e-08,1.0,0.1308747979996951,26.0,0.0001035328640965,3.1558402711653465e-05,1.0796156857395545e-08,1.0796156857395545e-08,1.933970579563763e-08,4.397693235735939e-06,4.720131006024141e-12,0.0058788661716447,
square_2d,2,1000,17,BB,1.0,10.0,10.0,0.05,4.9364483167835273e-08,1.0,1.3142268519995923,504.0,6.192144624447085,0.9947689589366252,9.07241932298075,9.07241932298075,16.410149717063295,0.1281021066066569,0.0043370717931843,0.0101459399966699,
square_2d,2,1000,17,Ordinary,inf,10.0,10.0,0.05,3.835804629481744e-08,1.0,0.6666608780001297,85.0,0.0,0.0,0.0,0.0,0.0,0.0,0.0,0.0031578389809882,
square_2d,2,1000,17,RR-balanced,135.9654697354872,10.0,10.0,0.05,1.0052483512268397e-08,1.0,0.770758700999977,610.0,0.3163469465928794,0.0834168914115258,0.0627866237146008,0.0627866237146008,0.1118208654673094,0.0105745385463059,3.2027372848176646e-05,0.0029739769867376,
square_2d,2,1000,17,RR-tiny,1000000000.0,10.0,10.0,0.05,2.7943853897482995e-08,1.0,0.1675318139996306,56.0,0.000118938670918,3.12687327240487e-05,0.0,-1.8741638996289117e-07,1.743414982624302e-07,1.320384407142216e-05,7.726242444645655e-11,0.0031579699334769,
square_2d,2,1000,18,BB,1.0,9.0,9.0,0.05,1.6477640807366356e-08,1.0,0.7432820419999189,166.0,6.885701970394989,0.9668753308182372,4.425812159150155,4.425812159150155,6.492620066976127,0.0805767960828433,0.0016810394135039,0.0060161779482888,
square_2d,2,1000,18,Ordinary,inf,11.0,11.0,0.05,3.0880631385343804e-11,1.0,2.246369317999779,734.0,0.0,0.0,0.0,0.0,0.0,0.0,0.0,0.0037859637006688,
square_2d,2,1000,18,RR-balanced,135.9654697354872,11.0,11.0,0.05,4.7073983822087946e-08,1.0,0.4072887620000074,418.0,0.302918504291467,0.0844837259247661,0.0304075960457339,0.0304075960457339,0.0560074526950254,0.0074838127111135,1.361200710091312e-05,0.0036798580195136,
square_2d,2,1000,18,RR-tiny,1000000000.0,11.0,11.0,0.05,2.0427658897759216e-08,1.0,0.1270699669998976,68.0,0.0001322194381188,3.242694893407198e-05,8.974893717095256e-09,8.974893717095256e-09,1.8010889882293588e-08,4.243923878004127e-06,4.762166373514751e-12,0.0037859085011609,
square_2d,2,1000,19,BB,1.0,12.0,13.0,0.05,3.9124513184773946e-08,1.0,1.312140559999989,640.0,9.0563677261096,1.013256048010345,12.864914986992062,12.864914986992062,22.527035448320017,0.1500900911063752,0.0055082631154765,0.0113224738191026,
square_2d,2,1000,19,Ordinary,inf,11.0,11.0,0.05,6.007873087909843e-08,1.0,2.014829137000106,907.0,0.0,0.0,0.0,0.0,0.0,0.0,0.0,0.0038436647863609,
square_2d,2,1000,19,RR-balanced,135.9654697354872,10.0,10.0,0.05,1.742660693526688e-07,1.0,0.6823555590003707,696.0,0.31151486926173,0.086315737370361,0.0785989020578199,0.0785989020578199,0.1394355353481209,0.0118082824893428,3.609190070217105e-05,0.0042139184395162,
square_2d,2,1000,19,RR-tiny,1000000000.0,11.0,11.0,0.05,5.6857368369023233e-08,1.0,0.0980298240001502,24.0,0.0001139659763358,3.111955387361017e-05,1.0343683243263513e-08,1.0343683243263513e-08,1.901473910992404e-08,4.360589307642263e-06,4.77301189083676e-12,0.0038436458074846,
square_2d,2,1000,20,BB,1.0,10.0,10.0,0.05,1.6768811272882544e-07,1.0,1.1310470009998426,279.0,5.826472790952444,1.004859462567411,7.955865763345173,7.955865763345173,13.767827605489863,0.1173363865366999,0.0037502619739644,0.0105509158451211,
square_2d,2,1000,20,Ordinary,inf,10.0,11.0,0.05,2.7507908395563163e-08,1.0,1.7600931140004832,583.0,0.0,0.0,0.0,0.0,0.0,0.0,0.0,0.005271159757133,
square_2d,2,1000,20,RR-balanced,135.9654697354872,10.0,11.0,0.05,2.648072519040312e-07,1.0,0.7153742750001584,548.0,0.3021585611420185,0.0869753077585502,0.0494278053056405,0.0494278053056405,0.0832586301894296,0.0091246167146587,1.9667949049958938e-05,0.0052777640870038,
square_2d,2,1000,20,RR-tiny,1000000000.0,10.0,10.0,0.05,3.78376119325452e-08,1.0,0.1176483740000549,23.0,0.0001031552931713,3.1812680999156005e-05,6.808477337472141e-09,6.808477337472141e-09,1.3083847268955216e-08,3.617160111047784e-06,3.317310135440502e-12,0.0052711223742272,
square_2d,2,1000,21,BB,1.0,12.0,13.0,0.05,1.903245732126635e-07,1.0,1.5890337330001785,574.0,5.268346866857697,1.0230197658688642,7.618363172181034,7.618363172181034,11.90845132098923,0.1091258508374126,0.0032760894568516,0.012467640977635,
square_2d,2,1000,21,Ordinary,inf,10.0,10.0,0.05,1.035284347139509e-07,1.0,1.906021091000184,316.0,0.0,0.0,0.0,0.0,0.0,0.0,0.0,0.0057597912335123,
square_2d,2,1000,21,RR-balanced,135.9654697354872,10.0,10.0,0.05,2.781108676686017e-12,1.0,0.8033373150001353,548.0,0.3019730786258967,0.0865569732126055,0.0660108836227664,0.0660108836227664,0.1143713174304257,0.0106944526475376,3.056904548996832e-05,0.005766169733206,
square_2d,2,1000,21,RR-tiny,1000000000.0,10.0,10.0,0.05,5.389618062956458e-08,1.0,0.1446710400005031,18.0,0.00011574610006,3.1536783109464114e-05,8.423285180469975e-09,8.423285180469975e-09,1.5449985387167313e-08,3.930646942574124e-06,3.915610702765596e-12,0.0057597428409663,
square_2d,2,1000,22,BB,1.0,9.0,9.0,0.05,6.294263688033652e-08,1.0,1.1653066019998732,360.0,5.776400049657438,0.9407878835122564,7.577820351870741,7.577820351870741,11.916391533263372,0.1091622257617687,0.0034084771737452,0.0038361933442886,
square_2d,2,1000,22,Ordinary,inf,7.0,7.0,0.05,2.908377161325859e-08,1.0,1.4685953879998124,439.0,0.0,0.0,0.0,0.0,0.0,0.0,0.0,0.0014358381765979,
square_2d,2,1000,22,RR-balanced,135.9654697354872,6.0,6.0,0.05,1.8064247875315687e-09,1.0,0.4841025420000733,516.0,0.3229795327171849,0.0867220371170209,0.0501827850880545,0.0501827850880545,0.0917159799879806,0.0095768460355161,2.427347217455816e-05,0.0015957710864549,
square_2d,2,1000,22,RR-tiny,1000000000.0,7.0,7.0,0.05,1.1577683416419404e-06,1.0,0.1500315649996082,12.0,9.667980063898796e-05,3.149285308321852e-05,3.426976036280393e-09,3.426976036280393e-09,6.388879986916325e-09,2.5276233870805054e-06,1.633493758902936e-12,0.0014358840432693,
square_2d,2,1000,23,BB,1.0,10.0,10.0,0.05,1.1628440432787102e-09,1.0,1.8876386529996123,1003.0,5.9325397833624365,0.9770168161498152,8.074830691768511,8.074830691768511,13.431293651275794,0.1158934581901661,0.0036807673650424,0.0073831658212523,
square_2d,2,1000,23,Ordinary,inf,8.0,8.0,0.05,9.598347612271851e-07,1.0,1.600748380999903,293.0,0.0,0.0,0.0,0.0,0.0,0.0,0.0,0.0029892835214913,
square_2d,2,1000,23,RR-balanced,135.9654697354872,8.0,8.0,0.05,9.182771520954702e-07,1.0,0.448223162999966,186.0,0.3478861566916862,0.0882258246738054,0.0523336025707976,0.0523336025707976,0.0924053193314572,0.0096127685570525,2.469237970012069e-05,0.0028092592129903,
square_2d,2,1000,23,RR-tiny,1000000000.0,8.0,8.0,0.05,2.093681830128702e-07,1.0,0.1165938770000138,12.0,9.999737363175498e-05,3.2522603287098715e-05,5.554284143727273e-09,5.554284143727273e-09,9.236173239708812e-09,3.039107309673157e-06,2.2224259817780552e-12,0.0029893056686833,
square_2d,2,1000,24,BB,1.0,9.0,9.0,0.05,4.760493994560022e-07,1.0,1.0163589550002143,480.0,7.373886690122843,1.0328783167691051,7.556847159536119,7.556847159536119,14.666792034154955,0.1211065317567758,0.0036110952213261,0.0060527818344846,
square_2d,2,1000,24,Ordinary,inf,12.0,12.0,0.05,6.056843249169219e-09,1.0,1.2745560240000486,814.0,0.0,0.0,0.0,0.0,0.0,0.0,0.0,0.0047415460433503,
square_2d,2,1000,24,RR-balanced,135.9654697354872,11.0,12.0,0.05,3.978466311949092e-08,1.0,1.1103662180003084,1511.0,0.2476107079749379,0.081897508291303,0.030940314865802,0.030940314865802,0.0462563854205928,0.0068012047036236,1.1476689616685529e-05,0.0048981993594686,
square_2d,2,1000,24,RR-tiny,1000000000.0,12.0,12.0,0.05,1.4892509447861355e-10,1.0,0.1511154779996104,47.0,0.0001342263483334,3.1305004688268294e-05,4.908542905468494e-09,4.908542905468494e-09,1.1017678025769683e-08,3.31928878312353e-06,2.757602177617751e-12,0.0047415691118209,
square_2d,2,1000,25,BB,1.0,11.0,11.0,0.05,2.1463095745133387e-09,1.0,1.321533602999807,747.0,7.621589438601477,1.0416338287460007,5.844522298525135,5.844522298525135,8.702575540558183,0.0932875958558166,0.0025428772249475,0.0074386573954706,
square_2d,2,1000,25,Ordinary,inf,10.0,10.0,0.05,6.3958212059844755e-09,1.0,1.922612315999686,1018.0,0.0,0.0,0.0,0.0,0.0,0.0,0.0,0.0036412273682652,
square_2d,2,1000,25,RR-balanced,135.9654697354872,9.0,9.0,0.05,1.875307109600044e-07,1.0,0.666077290999965,417.0,0.2945976196902835,0.0894126860293987,0.0820460245863614,0.0820460245863614,0.1495897545313969,0.0122306890456505,3.4376756497986024e-05,0.0035640392676785,
square_2d,2,1000,25,RR-tiny,1000000000.0,10.0,10.0,0.05,1.0094456603937374e-08,1.0,0.1132874769996306,56.0,9.824635775879108e-05,3.1329267228396825e-05,6.856680556666106e-09,6.856680556666106e-09,2.0080751538688526e-08,4.481155156730072e-06,5.352191912271528e-12,0.0036412577628028,
square_2d,2,1000,26,BB,1.0,9.0,9.0,0.05,2.6245762896337517e-08,1.0,1.261506253999869,351.0,8.775801979818345,0.9696625642456106,9.397457205670436,9.397457205670436,14.907509195857546,0.1220963111476245,0.0041634117145702,0.0064589570888596,
square_2d,2,1000,26,Ordinary,inf,10.0,10.0,0.05,2.7348567854801328e-11,1.0,2.2778396630001225,799.0,0.0,0.0,0.0,0.0,0.0,0.0,0.0,0.0027128578626055,
square_2d,2,1000,26,RR-balanced,135.9654697354872,10.0,11.0,0.05,1.460353837856587e-09,1.0,1.6230757180001092,1550.0,0.2850849645904867,0.0888938323495198,0.0619103130306939,0.0619103130306939,0.1034179163553895,0.0101694599834696,2.891872591024966e-05,0.0028947510293746,
square_2d,2,1000,26,RR-tiny,1000000000.0,10.0,10.0,0.05,1.3660053088671022e-08,1.0,0.2114682480000738,19.0,0.0001092972749772,3.1620897423389655e-05,9.062205208465457e-09,9.062205208465457e-09,1.7448107967447058e-08,4.17709324380568e-06,4.686304821922356e-12,0.0027127916748402,
square_2d,2,1000,27,BB,1.0,9.0,9.0,0.05,2.179132818636021e-07,1.0,0.9719591040002342,300.0,5.049028189733176,1.0101652874407938,10.610655646211852,10.610655646211852,19.394735499099287,0.1392649830327038,0.0054101729221699,0.0088715630619435,
square_2d,2,1000,27,Ordinary,inf,10.0,10.0,0.05,1.7128450879866364e-08,1.0,1.66712110600065,737.0,0.0,0.0,0.0,0.0,0.0,0.0,0.0,0.0023109536568092,
square_2d,2,1000,27,RR-balanced,135.9654697354872,10.0,11.0,0.05,1.6497514465640959e-10,1.0,0.6346779830000742,557.0,0.2945513918044766,0.0865357601695655,0.0373978331899707,0.0373978331899707,0.065396411861054,0.0080868047992426,1.7516278531068787e-05,0.0022329298936417,
square_2d,2,1000,27,RR-tiny,1000000000.0,10.0,10.0,0.05,4.4943120336427e-09,1.0,0.1714918800003033,21.0,0.0001269260775785,3.1639197579581656e-05,1.2723830877803266e-08,1.2723830877803266e-08,2.2961278756525123e-08,4.791792854091788e-06,5.950315292117989e-12,0.0023109367178492,
square_2d,2,1000,28,BB,1.0,7.0,7.0,0.05,2.006883859095865e-08,1.0,0.881557335999787,333.0,7.266379252709692,1.0072200870938377,5.322373383669856,5.322373383669856,9.23441903771394,0.0960958846034206,0.0026279446094015,0.0092656065414007,
square_2d,2,1000,28,Ordinary,inf,5.0,6.0,0.05,2.3338953436535803e-08,1.0,1.2378808359999312,520.0,0.0,0.0,0.0,0.0,0.0,0.0,0.0,0.004443912031388,
square_2d,2,1000,28,RR-balanced,135.9654697354872,6.0,6.0,0.05,4.6469044168162554e-09,1.0,0.6184346360005293,1027.0,0.2832139932520188,0.0887627634231671,0.0240837830656346,0.0240837830656346,0.042840519928027,0.0065452669867643,1.0927953163255644e-05,0.004444824238464,
square_2d,2,1000,28,RR-tiny,1000000000.0,5.0,5.0,0.05,2.6641358674694974e-08,1.0,0.1525054309995539,12.0,0.0001143685028535,3.090799257143835e-05,6.949449016246945e-09,6.949449016246945e-09,1.3505679170733209e-08,3.675007370160393e-06,3.5550267981227744e-12,0.0044438093400128,
square_2d,2,1000,29,BB,1.0,10.0,10.0,0.05,3.3369238261471423e-08,1.0,0.885284705000231,262.0,7.593351246991746,1.0239771916096574,6.303675558882787,6.303675558882787,10.793329784840791,0.1038909514098354,0.0028827079183779,0.0101340696827757,
square_2d,2,1000,29,Ordinary,inf,11.0,12.0,0.05,5.726106921954965e-09,1.0,1.809867012000268,581.0,0.0,0.0,0.0,0.0,0.0,0.0,0.0,0.0078349064187778,
square_2d,2,1000,29,RR-balanced,135.9654697354872,11.0,12.0,0.05,1.6721548745657344e-07,1.0,0.5744277379999403,492.0,0.3304327709913794,0.0860768840929878,0.0679548239018004,0.0679548239018004,0.118310472432289,0.0108770617554691,3.1785084864527204e-05,0.0078170888919598,
square_2d,2,1000,29,RR-tiny,1000000000.0,11.0,11.0,0.05,1.3329400694317428e-08,1.0,0.1082063119997656,37.0,0.0001033661644005,3.163908434383368e-05,6.907612259965391e-09,6.907612259965391e-09,1.1669015909043736e-08,3.4159941318807525e-06,3.0597709184466678e-12,0.0078349566110425,
square_2d,2,1000,30,BB,1.0,7.0,7.0,0.05,1.3866050307953516e-08,1.0,0.6994630839999445,224.0,5.889118702036887,0.991778441315962,8.72640867397513,8.72640867397513,15.743649030656744,0.1254736985613189,0.003762606806284,0.0079525441183736,
square_2d,2,1000,30,Ordinary,inf,9.0,9.0,0.05,5.8516143042197655e-09,1.0,2.251632565000364,1391.0,0.0,0.0,0.0,0.0,0.0,0.0,0.0,0.0030055280541502,
square_2d,2,1000,30,RR-balanced,135.9654697354872,9.0,9.0,0.05,2.1199735300569955e-09,1.0,0.4169997309995779,299.0,0.2903450794117952,0.0871456109356469,0.0776646431968401,0.0776646431968401,0.1332106763651935,0.0115416929592323,3.606051445983769e-05,0.0028132325516301,
square_2d,2,1000,30,RR-tiny,1000000000.0,9.0,9.0,0.05,1.15336629136209e-11,1.0,0.1182995099998152,21.0,0.0001177682290983,3.238123535965866e-05,8.239567250711843e-09,8.239567250711843e-09,1.5512124883582968e-08,3.938543497739103e-06,4.0479630024831325e-12,0.0030055040534703,
square_2d,2,1000,31,BB,1.0,7.0,7.0,0.05,9.31240593526894e-08,1.0,0.5922191260001455,163.0,7.7849716039961,1.032262296622476,3.8069821167991904,3.8069821167991904,4.713231314546573,0.0686529774630829,0.0017547102085815,0.0067803387199089,
square_2d,2,1000,31,Ordinary,inf,7.0,7.0,0.05,2.7318369788531527e-11,1.0,1.5571293319999313,569.0,0.0,0.0,0.0,0.0,0.0,0.0,0.0,0.0056820501713468,
square_2d,2,1000,31,RR-balanced,135.9654697354872,7.0,7.0,0.05,2.7226304988303696e-08,1.0,0.298761167000066,338.0,0.4269343224904744,0.086111416434627,0.054223716067554,0.054223716067554,0.1032907226447533,0.0101632043492568,2.7888952503272742e-05,0.0056935743054354,
square_2d,2,1000,31,RR-tiny,1000000000.0,7.0,7.0,0.05,2.42964215413366e-08,1.0,0.1440153610001289,12.0,0.0001070982545989,3.24571967676686e-05,3.888999344781041e-09,3.888999344781041e-09,6.837730875686081e-09,2.614905519456885e-06,1.855409121068804e-12,0.0056820730687053,
square_2d,2,1000,32,BB,1.0,8.0,8.0,0.05,4.177544377093057e-08,1.0,0.8982274200002394,128.0,5.466518818076728,1.0238080404682874,7.1718801627180255,7.1718801627180255,10.431846566518889,0.1021364115608086,0.0028566019650777,0.0107261453681116,
square_2d,2,1000,32,Ordinary,inf,11.0,11.0,0.05,3.025418582325301e-09,1.0,3.367543418000423,2598.0,0.0,0.0,0.0,0.0,0.0,0.0,0.0,0.0058480169536242,
square_2d,2,1000,32,RR-balanced,135.9654697354872,10.0,10.0,0.05,1.756848666545352e-07,1.0,0.5793593560001682,539.0,0.2987184397638176,0.0882598635018487,0.0640036235040497,0.0640036235040497,0.1075183382917417,0.0103691049899083,2.847869038887829e-05,0.0059819816370085,
square_2d,2,1000,32,RR-tiny,1000000000.0,11.0,11.0,0.05,1.877958610840836e-08,1.0,0.1970417659999839,53.0,0.0001153037837015,3.121644742231274e-05,1.052922016242519e-08,1.052922016242519e-08,1.7331328221349294e-08,4.163091185807644e-06,4.887301214019086e-12,0.005848170547733,
square_2d,2,1000,33,BB,1.0,10.0,10.0,0.05,1.0853318244130604e-08,1.0,1.01582233299996,375.0,5.83089406522155,0.9401620438351184,12.65835448452708,12.65835448452708,22.815872025701147,0.1510492370907617,0.006006045689304,0.0110555051140063,
square_2d,2,1000,33,Ordinary,inf,12.0,12.0,0.05,9.697551650589276e-09,1.0,4.379046776999985,3719.0,0.0,0.0,0.0,0.0,0.0,0.0,0.0,0.003523179665315,
square_2d,2,1000,33,RR-balanced,135.9654697354872,10.0,10.0,0.05,1.8526120864059688e-06,1.0,0.6002992749999976,395.0,0.2694058106590828,0.0838119052906857,0.061701957582045,0.061701957582045,0.1082791216205765,0.010405725425004,2.9780720268739823e-05,0.0037974245755453,
square_2d,2,1000,33,RR-tiny,1000000000.0,12.0,12.0,0.05,1.222572709735914e-09,1.0,0.3731296249998195,506.0,0.0001014414754555,3.2671375111051385e-05,0.0,-1.2492455425672233e-07,5.274978317366895e-08,7.262904596211418e-06,1.3421920035831555e-11,0.0035231893371502,
square_2d,2,1000,34,BB,1.0,11.0,11.0,0.05,2.182408476159025e-09,1.0,1.3891785609998806,341.0,8.26427123004119,1.036978137980775,6.975244424662833,6.975244424662833,10.871341459032465,0.1042657252362082,0.003264506293931,0.0114801541834338,
square_2d,2,1000,34,Ordinary,inf,11.0,12.0,0.05,3.209925436564731e-09,1.0,4.383913778000078,3325.0,0.0,0.0,0.0,0.0,0.0,0.0,0.0,0.0047019891968158,
square_2d,2,1000,34,RR-balanced,135.9654697354872,12.0,13.0,0.05,4.5308801155385936e-10,1.0,1.8913929559998903,1466.0,0.2957515630415617,0.0875326087701144,0.0407110850678691,0.0407110850678691,0.0713809821679334,0.0084487266595584,1.721084783802812e-05,0.0047413551406442,
square_2d,2,1000,34,RR-tiny,1000000000.0,11.0,11.0,0.05,2.772612319734691e-07,1.0,0.1836751999999251,66.0,9.959708075046868e-05,3.124858329367945e-05,1.0213170753559098e-08,1.0213170753559098e-08,2.54431317905357e-08,5.044118534544534e-06,6.4506225021744576e-12,0.0047020431539779,
square_2d,2,1000,35,BB,1.0,10.0,10.0,0.05,6.28108978162345e-08,1.0,1.288854573000208,624.0,5.060354376356381,0.954394934934042,8.524807735544073,8.524807735544073,14.876520878839036,0.1219693440124978,0.0037045485233783,0.0091018176018005,
square_2d,2,1000,35,Ordinary,inf,12.0,12.0,0.05,1.23167391397061e-07,1.0,1.839545938000356,970.0,0.0,0.0,0.0,0.0,0.0,0.0,0.0,0.0039099835345927,
square_2d,2,1000,35,RR-balanced,135.9654697354872,11.0,12.0,0.05,1.3404605425648697e-08,1.0,2.3264309010000943,3601.0,0.279883123245386,0.0815027812024187,0.0380499801967744,0.0380499801967744,0.0695694609513311,0.0083408309508903,1.772722562849526e-05,0.0040596347940682,
square_2d,2,1000,35,RR-tiny,1000000000.0,12.0,12.0,0.05,2.05352894688815e-08,1.0,0.1160847480000484,15.0,0.000122582289376,3.250383956823022e-05,1.0233179636998102e-08,1.0233179636998102e-08,1.8302983011169744e-08,4.278198570797029e-06,5.0648407413745266e-12,0.0039099838480802,
square_2d,2,1000,36,BB,1.0,11.0,11.0,0.05,7.076929253724273e-07,1.0,2.190665996000007,1127.0,5.445296198577191,0.9964165656565904,10.61222718621866,10.61222718621866,19.65391077571948,0.14019240626981,0.0048862272425918,0.0048108375284319,
square_2d,2,1000,36,Ordinary,inf,11.0,11.0,0.05,1.9395973716029852e-10,1.0,1.8978284390004767,951.0,0.0,0.0,0.0,0.0,0.0,0.0,0.0,0.003494434736476,
square_2d,2,1000,36,RR-balanced,135.9654697354872,11.0,12.0,0.05,2.7903172439280866e-08,1.0,1.0378183709999576,994.0,0.2899007428349685,0.0853281022932069,0.0676444490368339,0.0676444490368339,0.1178941401107823,0.0108579068015332,3.1732301913420656e-05,0.0036999786017446,
square_2d,2,1000,36,RR-tiny,1000000000.0,11.0,11.0,0.05,1.8595382345054645e-08,1.0,0.3116792770001666,40.0,0.000110169781908,3.161288214166825e-05,9.108589438255876e-09,9.108589438255876e-09,1.6870057216574443e-08,4.107317520788287e-06,4.334205187755e-12,0.0034944090855009,
square_2d,2,1000,37,BB,1.0,7.0,7.0,0.05,9.98652716077686e-10,1.0,1.0149744370000915,436.0,7.88118473693617,1.0345142653972148,8.46829170830597,8.46829170830597,13.26233155996441,0.115162196748605,0.0037529152511151,0.004632289349525,
square_2d,2,1000,37,Ordinary,inf,7.0,7.0,0.05,6.541961616868265e-08,1.0,1.3968683880002573,242.0,0.0,0.0,0.0,0.0,0.0,0.0,0.0,0.0031708194152479,
square_2d,2,1000,37,RR-balanced,135.9654697354872,7.0,7.0,0.05,2.2382831366130066e-08,1.0,0.2570143809998626,202.0,0.3088227584418879,0.088484401373656,0.0434415599893327,0.0434415599893327,0.0743607395790571,0.0086232673377935,2.027925880243732e-05,0.0032291326777815,
square_2d,2,1000,37,RR-tiny,1000000000.0,7.0,7.0,0.05,5.2831961028232386e-11,1.0,0.1213405850003255,11.0,0.0001192534504175,3.2774184064805134e-05,9.849372872849926e-09,9.849372872849926e-09,1.826697751534166e-08,4.273988478615924e-06,4.688380921988346e-12,0.0031707657557489,
square_2d,2,1000,38,BB,1.0,10.0,10.0,0.05,4.141709588623144e-07,1.0,1.3663246860000982,579.0,8.679490158109521,1.0087920510264288,4.154158917418499,4.154158917418499,5.992489647320101,0.0774111726259207,0.0016093776874652,0.0086584179009299,
square_2d,2,1000,38,Ordinary,inf,11.0,11.0,0.05,7.444528105082782e-09,1.0,1.6669145529999696,846.0,0.0,0.0,0.0,0.0,0.0,0.0,0.0,0.0063293098657163,
square_2d,2,1000,38,RR-balanced,135.9654697354872,11.0,12.0,0.05,2.8598759804765453e-08,1.0,0.9800776490001226,1047.0,0.3050308463597306,0.0880059558725975,0.0729745253306646,0.0729745253306646,0.1279331767362895,0.0113107549145178,3.3837603970142346e-05,0.0062169921154556,
square_2d,2,1000,38,RR-tiny,1000000000.0,11.0,11.0,0.05,3.724818942174579e-08,1.0,0.1415457930002048,48.0,0.0001315495234323,3.172450986678719e-05,1.1158590496052057e-08,1.1158590496052057e-08,2.069972744193032e-08,4.549695313087494e-06,5.112857502447651e-12,0.0063291891726133,
square_2d,2,1000,39,BB,1.0,11.0,11.0,0.05,8.802006945529683e-08,1.0,2.248374127999796,4004.0,7.468020155974687,1.0181370622160166,8.640172570168033,8.640172570168033,15.698685535886725,0.1252943954687787,0.0039821813026896,0.0095148057268691,
square_2d,2,1000,39,Ordinary,inf,8.0,8.0,0.05,5.919304824075766e-08,1.0,1.892703417999656,293.0,0.0,0.0,0.0,0.0,0.0,0.0,0.0,0.0030917660762928,
square_2d,2,1000,39,RR-balanced,135.9654697354872,7.0,7.0,0.05,6.427674170694786e-09,1.0,0.3191797000004044,333.0,0.31054825393463,0.0862913383927533,0.0482866662691776,0.0482866662691776,0.086406211769635,0.009295494164897,2.4259324297429577e-05,0.0033001495693574,
square_2d,2,1000,39,RR-tiny,1000000000.0,8.0,8.0,0.05,1.2804888038786544e-08,1.0,0.0792620629995326,17.0,0.0001245649238146,3.199030472976522e-05,6.791651685489342e-09,6.791651685489342e-09,1.3188284616807412e-08,3.63156779047389e-06,3.282273102369884e-12,0.0030917905392085,
