draw,alpha,support,raw_support,support_resolution,kkt_gap,converged,runtime_seconds,iterations,weight_max_deviation,weight_rms_deviation,ordinary_loglik_gap,ordinary_loglik_gap_raw,logfit_sq_sum,logfit_rmse,hellinger_to_ordinary,hellinger_to_truth,wasserstein_to_ordinary,n,balanced_alpha,ordinary_support,ordinary_raw_support,ordinary_hellinger_to_truth
0,1.0,3.0,3.0,0.01,1.779032476889597e-10,1.0,0.14006871499987028,29.0,6.0453497332101325,0.9651811456472204,2.1283107584611116,2.1283107584611116,3.539404508370798,0.08413565841390674,0.0019452845963295008,0.006502125012169131,0.2910655715760725,500,59.761699465479715,3,3,0.002662130490948578
1,1.0,4.0,4.0,0.01,3.843584672758027e-08,1.0,0.15688046699983715,45.0,4.375950408422924,1.0364692497667738,1.7829589237646815,1.7829589237646815,3.253199606471735,0.08066225395402406,0.0018111652595686225,0.00845395209563175,0.13084412476193263,500,59.761699465479715,3,3,0.002662130490948578
2,1.0,3.0,3.0,0.01,1.521391901349034e-10,1.0,0.1445181760000196,29.0,3.6886852623861426,0.9298818964288699,0.5732994805523504,0.5732994805523504,1.118618761196679,0.04729944526517576,0.0005473314659845993,0.0015541461296815753,0.09883817397315303,500,59.761699465479715,3,3,0.002662130490948578
3,1.0,3.0,3.0,0.01,7.46929540440533e-09,1.0,0.17841307100025006,33.0,6.242134010145382,1.038589698285105,1.5132374736565453,1.5132374736565453,2.5046388992090733,0.07077625165560936,0.0013777185000623166,0.002129165000246881,0.1901950287367692,500,59.761699465479715,3,3,0.002662130490948578
4,1.0,4.0,4.0,0.01,2.925081066251778e-09,1.0,0.18618770400007634,60.0,5.851180841116466,0.9894462068839075,4.437370450832759,4.437370450832759,7.5496126266646115,0.12287890483451268,0.004296456575415072,0.010041802811941464,0.26598399749988244,500,59.761699465479715,3,3,0.002662130490948578
5,1.0,3.0,3.0,0.01,4.50844028776487e-09,1.0,0.11642680299996755,26.0,5.605778609041144,1.0798170171234873,1.101145314537689,1.101145314537689,1.8973398381396374,0.06160097139071165,0.0010878541016965742,0.005656552134262587,0.08667093018074634,500,59.761699465479715,3,3,0.002662130490948578
6,1.0,4.0,4.0,0.01,2.6241415707062288e-09,1.0,0.19228052199991907,41.0,4.228095546228549,0.9354854434854195,1.38034179283909,1.38034179283909,2.122813833701527,0.06515848116249376,0.001337354626575064,0.002574074474731492,0.1879596749612065,500,59.761699465479715,3,3,0.002662130490948578
7,1.0,3.0,3.0,0.01,1.0020209106897937e-09,1.0,0.1648600000000897,34.0,7.4701655233263455,0.9995378312004702,5.283780499822569,5.283780499822569,9.978967262005698,0.14127255403655517,0.004911060095140965,0.011275756722890608,0.375207160608349,500,59.761699465479715,3,3,0.002662130490948578
8,1.0,3.0,3.0,0.01,1.4314682772464948e-10,1.0,0.15304213800027355,32.0,5.652549871719709,1.005439255142874,2.9862655615654603,2.9862655615654603,5.686221522688433,0.10664165717662524,0.002928488101690662,0.005189850223887124,0.20487929498849175,500,59.761699465479715,3,3,0.002662130490948578
9,1.0,3.0,3.0,0.01,8.288549846469095e-09,1.0,0.18612836600004812,34.0,5.29707699726454,0.9927695199696325,0.5375978563195076,0.5375978563195076,0.8960912059903526,0.04233417546121225,0.00046081618340789213,0.004741081867662273,0.16250735302034147,500,59.761699465479715,3,3,0.002662130490948578
10,1.0,4.0,4.0,0.01,5.237858813345042e-09,1.0,0.16954022000004443,56.0,5.585801767591073,0.9840714408898338,2.05786346939567,2.05786346939567,3.8675986143092587,0.08794997003193644,0.001946068036165117,0.004439616574692985,0.1782163137896942,500,59.761699465479715,3,3,0.002662130490948578
11,1.0,3.0,3.0,0.01,4.1677363782355314e-09,1.0,0.16603117299973746,34.0,6.28436711681588,0.9869377625816305,5.663853018478449,5.663853018478449,10.56652750822576,0.14537212599549998,0.0055012375911756665,0.0055177347126099535,0.2674062268899546,500,59.761699465479715,3,3,0.002662130490948578
12,1.0,4.0,4.0,0.01,2.4691424682643515e-08,1.0,0.15979404900008376,52.0,4.751364861228944,0.9923212166061138,4.146106131171791,4.146106131171791,7.405150575489554,0.12169758071128245,0.0038246154226709485,0.006963273468942963,0.24196991241404123,500,59.761699465479715,3,3,0.002662130490948578
13,1.0,3.0,3.0,0.01,1.5355272608985615e-10,1.0,0.11593573500022103,25.0,4.9436618188460315,1.0094685557628493,2.9748880227905374,2.9748880227905374,5.4299571551286405,0.10421091262558486,0.003025237350655946,0.006358950197872862,0.2110607961450873,500,59.761699465479715,3,3,0.002662130490948578
14,1.0,3.0,3.0,0.01,9.342190354644231e-09,1.0,0.17344285899980605,34.0,5.980221563866416,0.9844148875911614,3.845751825684374,3.845751825684374,7.377932695246226,0.12147372304532554,0.003799610566677894,0.007844179510442056,0.3070072014680523,500,59.761699465479715,3,3,0.002662130490948578
15,1.0,4.0,4.0,0.01,2.7510771438699066e-09,1.0,0.22854048299973329,65.0,6.487812601196556,1.066051644671559,5.172765237927479,5.172765237927479,9.130866403769009,0.13513597895282373,0.00429971200675824,0.0026342228375301393,0.4668677234624149,500,59.761699465479715,3,3,0.002662130490948578
16,1.0,4.0,4.0,0.01,1.737183308314627e-08,1.0,0.1754295700000057,36.0,5.422383331525676,0.9840975685111321,2.9658122619969163,2.9658122619969163,4.581183205678975,0.09572025079030012,0.002863849876744075,0.005504382473498202,0.33138548035859783,500,59.761699465479715,3,3,0.002662130490948578
17,1.0,3.0,3.0,0.01,3.5539378107074526e-09,1.0,0.1605909600002633,32.0,5.570237616171735,1.0184387678351012,2.0495779483762817,2.0495779483762817,3.8625986901614993,0.08789310200648853,0.0020489726386951766,0.0073971082635476675,0.144582978141703,500,59.761699465479715,3,3,0.002662130490948578
18,1.0,3.0,3.0,0.01,6.075906444635848e-10,1.0,0.20334463899985167,36.0,6.49100346391372,1.0527648623524601,0.8540181354819651,0.8540181354819651,1.367124417577569,0.052290045277807305,0.0008061210151981477,0.004384574844551107,0.12226943085819658,500,59.761699465479715,3,3,0.002662130490948578
19,1.0,3.0,3.0,0.01,1.0435605490854982e-08,1.0,0.1251582709999184,26.0,5.438866857691739,1.0111946176826159,0.7300826177031468,0.7300826177031468,1.3816451078830916,0.05256700691276024,0.0007131118712965004,0.004526228914816329,0.13286992861790134,500,59.761699465479715,3,3,0.002662130490948578
20,1.0,3.0,3.0,0.01,5.140299741412946e-09,1.0,0.16792459699991014,32.0,5.01762884431407,0.9555496135038042,2.268772177931851,2.268772177931851,4.417364615100515,0.09399324034312802,0.0022425092853825554,0.0030945162765352533,0.18223013917617617,500,59.761699465479715,3,3,0.002662130490948578
21,1.0,3.0,3.0,0.01,2.4322044378521923e-09,1.0,0.11556288299993867,25.0,3.4187690752043283,0.9197793762532356,0.8279485345060493,0.8279485345060493,1.5755662375060684,0.05613494878426573,0.0007743071018001616,0.0006772990204633662,0.12053287413863328,500,59.761699465479715,3,3,0.002662130490948578
22,1.0,4.0,4.0,0.01,1.0271236750014623e-08,1.0,0.16947100599986697,38.0,6.019815478794146,1.06865284635107,1.11908325907757,1.11908325907757,1.9209652312021366,0.06198330793370319,0.0011127601858355286,0.0023280334934634166,0.11517330952755322,500,59.761699465479715,3,3,0.002662130490948578
23,1.0,4.0,4.0,0.01,7.279961522499434e-09,1.0,0.1673080170000958,45.0,4.514372243555412,0.9406423085533321,2.1839079253425098,2.1839079253425098,4.177498634533597,0.09140567416231443,0.0020469946852865305,0.003582908468767354,0.16700090587209446,500,59.761699465479715,3,3,0.002662130490948578
24,1.0,3.0,3.0,0.01,5.6838977968709514e-11,1.0,0.16829966999989665,33.0,6.260200358320038,1.0169253276599715,2.57277368194309,2.57277368194309,4.966298326545405,0.09966241344203346,0.0024267692551047343,0.002960817189319229,0.2285557370852773,500,59.761699465479715,3,3,0.002662130490948578
25,1.0,3.0,3.0,0.01,3.866356124149206e-10,1.0,0.19089391400007116,34.0,4.237482372381982,0.956557529685585,0.6870086694682414,0.6870086694682414,1.008029918385978,0.04490055497175905,0.0005954849636881865,0.002993342932772419,0.18279953691051087,500,59.761699465479715,3,3,0.002662130490948578
26,1.0,3.0,3.0,0.01,3.4451557162640256e-09,1.0,0.15398551099997349,30.0,5.8554926556104006,0.9886879939548172,1.3042249202333096,1.3042249202333096,2.414015279735448,0.06948403096734455,0.00123882133189501,0.0037966099737009344,0.18225021928174248,500,59.761699465479715,3,3,0.002662130490948578
27,1.0,3.0,3.0,0.01,2.2183410663956238e-10,1.0,0.1935923990001811,35.0,4.627218658185145,1.038982305983737,1.1220290917490274,1.1220290917490274,2.1267582929786464,0.06521898945826508,0.0011121213550232727,0.005289209482259466,0.13147622688757424,500,59.761699465479715,3,3,0.002662130490948578
28,1.0,3.0,3.0,0.01,1.115620928970884e-10,1.0,0.09272697599999447,21.0,6.218104303423282,1.010827872329718,2.0096508107692443,2.0096508107692443,3.9892610177889933,0.08932257293415806,0.001955559026337622,0.0007106810050935812,0.16899043116947712,500,59.761699465479715,3,3,0.002662130490948578
29,1.0,4.0,4.0,0.01,9.039348158879079e-09,1.0,0.1759773169997061,45.0,4.236683325694566,0.9647335250798904,1.6531690714134584,1.6531690714134584,2.311376793534947,0.06799083458136027,0.0014738005071704954,0.004115558499591603,0.20646210279660232,500,59.761699465479715,3,3,0.002662130490948578
0,4.196036253055622,3.0,3.0,0.01,3.566036355096003e-12,1.0,0.1404691500001718,25.0,2.142129508144366,0.48783311139269697,0.7824816447575813,0.7824816447575813,1.3759545370457964,0.05245864155781765,0.0007561122224454431,0.0024935648776983955,0.10946101913159345,500,59.761699465479715,3,3,0.002662130490948578
1,4.196036253055622,4.0,4.0,0.01,5.832111904524595e-09,1.0,0.14573621299996375,43.0,2.232490872506629,0.4880462216887229,0.33664987275756175,0.33664987275756175,0.5094988487730239,0.03192174333500675,0.0002777038467297168,0.0026680781014249743,0.12163924838353639,500,59.761699465479715,3,3,0.002662130490948578
2,4.196036253055622,4.0,4.0,0.01,2.523844067070513e-08,1.0,0.1580169430001206,42.0,2.2610277097400497,0.4812572424692774,0.17567426532036734,0.17567426532036734,0.30163347313682076,0.02456149316050719,0.00016309616093484542,0.003230976631735161,0.05158712759616504,500,59.761699465479715,3,3,0.002662130490948578
3,4.196036253055622,3.0,3.0,0.01,1.5270691378077572e-09,1.0,0.12316811899995628,24.0,1.924187882159996,0.488489473255516,0.14903473098638642,0.14903473098638642,0.2869029269920965,0.023954245009688638,0.0001422491353754442,0.0023129028560993415,0.05161554022822657,500,59.761699465479715,3,3,0.002662130490948578
4,4.196036253055622,4.0,4.0,0.01,2.8717124234134417e-09,1.0,0.15107580700009748,44.0,2.704149364312516,0.49208230798742214,1.235226490062587,1.235226490062587,2.218274010039038,0.06660741715513428,0.0011336165863906167,0.003861936559631589,0.14364613434219042,500,59.761699465479715,3,3,0.002662130490948578
5,4.196036253055622,3.0,3.0,0.01,5.438229866427946e-10,1.0,0.14196023599993168,28.0,1.9239943006301132,0.4575334175446507,0.7257994994820365,0.7257994994820365,1.4361147717990865,0.05359318560785665,0.0007150459536983258,0.0018874231413037912,0.07416419748518584,500,59.761699465479715,3,3,0.002662130490948578
6,4.196036253055622,3.0,3.0,0.01,1.5843126810466401e-10,1.0,0.16579701199998453,30.0,1.8206576782121426,0.4773404638524689,0.3039528371457436,0.3039528371457436,0.5723907861185132,0.03383462091167901,0.0003030105074825967,0.0029293018882993052,0.07044971625865862,500,59.761699465479715,3,3,0.002662130490948578
7,4.196036253055622,3.0,3.0,0.01,3.7249179296594548e-09,1.0,0.1417524930000127,28.0,3.4354969290304522,0.5010305649977707,0.18131906192661518,0.18131906192661518,0.344840813860408,0.026261790261153484,0.0001651123764169991,0.003361451736537159,0.079932380644405,500,59.761699465479715,3,3,0.002662130490948578
8,4.196036253055622,3.0,3.0,0.01,1.7194108581364276e-08,1.0,0.20130728999993153,31.0,1.914814297690885,0.4772914918823197,0.39431464130962013,0.39431464130962013,0.6899299805518274,0.03714646633400887,0.0003687608669815472,0.0033839171669736573,0.11006410695951914,500,59.761699465479715,3,3,0.002662130490948578
9,4.196036253055622,3.0,3.0,0.01,1.5311021339670106e-09,1.0,0.15641752299984546,31.0,2.4834589370873603,0.5113006036417058,0.32570526834570046,0.32570526834570046,0.628918881365347,0.03546600855369397,0.00032159143906058236,0.00340112950334291,0.06731608625286561,500,59.761699465479715,3,3,0.002662130490948578
10,4.196036253055622,3.0,3.0,0.01,2.0445005688429774e-09,1.0,0.19438548499988428,37.0,2.053897453598166,0.4966815497564152,1.0338617919467197,1.0338617919467197,1.773462128399499,0.05955605978235126,0.0009514115910405429,0.0029330370277755704,0.11170637067410386,500,59.761699465479715,3,3,0.002662130490948578
11,4.196036253055622,3.0,3.0,0.01,9.650906740432674e-10,1.0,0.13411999499999183,30.0,2.7493187041539153,0.47738990454822694,0.6920634864936801,0.6920634864936801,1.2191169011752594,0.0493784750913849,0.0006295365939401463,0.0014916718056539116,0.1386779114699032,500,59.761699465479715,3,3,0.002662130490948578
12,4.196036253055622,3.0,3.0,0.01,4.2190850813028646e-10,1.0,0.1947223810000196,32.0,2.0123470541608715,0.47911792426596544,1.034037725691178,1.034037725691178,1.9177233580909345,0.061930983491156257,0.0009962212243855558,0.0035927181627651915,0.1303615851637733,500,59.761699465479715,3,3,0.002662130490948578
13,4.196036253055622,3.0,3.0,0.01,8.829122544184997e-09,1.0,0.17280126299988297,33.0,2.820068146757584,0.47887708681136026,0.3203925349009751,0.3203925349009751,0.49198043155451454,0.03136815045725567,0.0002739453229568628,0.0037564519616063996,0.1073701108674889,500,59.761699465479715,3,3,0.002662130490948578
14,4.196036253055622,3.0,3.0,0.01,3.4574771934359205e-09,1.0,0.1708000709998032,32.0,1.9624258153655414,0.4657101841956745,0.4896831611736161,0.4896831611736161,0.9154576812461603,0.042789196796531724,0.00046393157313406213,0.0020450070271105067,0.1028089347223628,500,59.761699465479715,3,3,0.002662130490948578
15,4.196036253055622,3.0,3.0,0.01,9.620160223988705e-10,1.0,0.15067785800010824,29.0,2.360135663501348,0.5013990324263136,0.15504447948273992,0.15504447948273992,0.2970545838209034,0.024374354712316113,0.00014673952073662204,0.002239068939512196,0.056584486727183685,500,59.761699465479715,3,3,0.002662130490948578
16,4.196036253055622,3.0,3.0,0.01,8.737488510490721e-10,1.0,0.16925873599984698,29.0,1.6067377724892467,0.4765129266094438,0.12506735212173226,0.12506735212173226,0.21095686034052297,0.020540538471058783,0.00011745969657709691,0.00240849533369868,0.03401574054836688,500,59.761699465479715,3,3,0.002662130490948578
17,4.196036253055622,3.0,3.0,0.01,1.2730779985759e-08,1.0,0.15882884500001637,29.0,2.283974949016817,0.5086526224324313,0.3883950378585723,0.3883950378585723,0.6523890755059143,0.036121713013253245,0.0003430715094509685,0.0029979344938464996,0.09274394590241991,500,59.761699465479715,3,3,0.002662130490948578
18,4.196036253055622,3.0,3.0,0.01,1.750836364777797e-09,1.0,0.15688433699983761,31.0,2.1844491043003704,0.5220484864532813,1.1038548798610464,1.1038548798610464,1.987410104988419,0.06304617522083983,0.0010415243165161053,0.0020630226517346973,0.1602583120731378,500,59.761699465479715,3,3,0.002662130490948578
19,4.196036253055622,3.0,3.0,0.01,3.3216236428046386e-09,1.0,0.14919789800023864,29.0,1.8146040393067158,0.4816414123778843,0.3230383616105428,0.3230383616105428,0.6133752954346677,0.0350249995127671,0.00028648691946016357,0.0024512579864250103,0.10144031548872122,500,59.761699465479715,3,3,0.002662130490948578
20,4.196036253055622,3.0,3.0,0.01,5.692624149844505e-11,1.0,0.1741283819999353,33.0,2.4255452710491143,0.49820516250053615,0.8118509570488186,0.8118509570488186,1.562464415380613,0.05590106287684722,0.0007257669412184007,0.0022945580347645883,0.12855758227072164,500,59.761699465479715,3,3,0.002662130490948578
21,4.196036253055622,4.0,4.0,0.01,7.561861581351081e-09,1.0,0.17224524399989605,42.0,1.8497865254048422,0.47870608466883935,0.7877456690541749,0.7877456690541749,1.1724576960471231,0.04842432644956712,0.0007145559130765232,0.003118249612878765,0.20575596851026814,500,59.761699465479715,3,3,0.002662130490948578
22,4.196036253055622,3.0,3.0,0.01,2.0621815366439478e-10,1.0,0.15542472700008148,29.0,1.7020363820370443,0.46974938772334635,0.29214335693131943,0.29214335693131943,0.5457267180892399,0.03303715236182562,0.0002889458632782799,0.002274986552027651,0.074785179183242,500,59.761699465479715,3,3,0.002662130490948578
23,4.196036253055622,4.0,4.0,0.01,8.865538969615727e-09,1.0,0.16194234499971571,35.0,2.12118721850748,0.4873521953068373,1.1189357566056515,1.1189357566056515,1.5428211444635271,0.055548557937421326,0.0011451337178780665,0.0041900159535005164,0.14980355716256138,500,59.761699465479715,3,3,0.002662130490948578
24,4.196036253055622,4.0,4.0,0.01,2.7924783818633614e-08,1.0,0.21000542299998415,50.0,2.1039969715254467,0.4731991373772199,0.6255821062557061,0.6255821062557061,1.1065611839375267,0.04704383453626047,0.0005979230912652362,0.0033640341975466528,0.11254537397498157,500,59.761699465479715,3,3,0.002662130490948578
25,4.196036253055622,3.0,3.0,0.01,2.9224018760487525e-08,1.0,0.17226256300000387,32.0,2.4815361686385677,0.502452079051871,2.1468990169453264,2.1468990169453264,4.006921874633069,0.08952007456021324,0.0021347942134453722,0.008187205546909314,0.14036829468442905,500,59.761699465479715,3,3,0.002662130490948578
26,4.196036253055622,3.0,3.0,0.01,5.763021171389937e-10,1.0,0.1503585299999486,29.0,2.1339794248908572,0.4977973010487402,0.09433517098182165,0.09433517098182165,0.17423615112261642,0.018667412842845493,9.451700749884642e-05,0.0030487790091263886,0.03068106154629798,500,59.761699465479715,3,3,0.002662130490948578
27,4.196036253055622,3.0,3.0,0.01,4.054417690468881e-09,1.0,0.14656558699994093,27.0,2.2146866050236054,0.49248278233518133,0.0522960647333548,0.0522960647333548,0.08746645207703294,0.013226220327594193,5.031400182917279e-05,0.002779900360908507,0.03253413962877042,500,59.761699465479715,3,3,0.002662130490948578
28,4.196036253055622,3.0,3.0,0.01,2.395612597183572e-10,1.0,0.1236647000002904,26.0,1.99303272544894,0.49971256969847205,0.37983133238162736,0.37983133238162736,0.7378337883560766,0.03841441886469393,0.00037614178659175167,0.0013426399502858405,0.05732762423247037,500,59.761699465479715,3,3,0.002662130490948578
29,4.196036253055622,4.0,4.0,0.01,2.5556294858120054e-08,1.0,0.16300120400001106,39.0,2.016013735130578,0.49406051411811586,0.4873434248411286,0.4873434248411286,0.7543893978043827,0.038843001887196686,0.0004497768771922514,0.002728371835524572,0.09189230800977992,500,59.761699465479715,3,3,0.002662130490948578
0,17.606720236957063,3.0,3.0,0.01,4.0671910284117985e-11,1.0,0.16741411199996037,32.0,0.691057563071187,0.23709574038455833,0.2669020545854437,0.2669020545854437,0.47136313972551785,0.03070384795837544,0.0002677253180357606,0.004061804958281546,0.05125933490873349,500,59.761699465479715,3,3,0.002662130490948578
1,17.606720236957063,3.0,3.0,0.01,8.354117397857408e-11,1.0,0.13325144200007344,26.0,0.9800426419443182,0.2308578965101368,0.19625106904709355,0.19625106904709355,0.38841672894270496,0.027871732236899267,0.00019548718962925356,0.002553941415228285,0.05572343204664068,500,59.761699465479715,3,3,0.002662130490948578
2,17.606720236957063,3.0,3.0,0.01,6.067878866033993e-09,1.0,0.13537252499986607,28.0,0.6818043701605045,0.23427879724606337,0.12369857054113709,0.12369857054113709,0.22611626731392453,0.02126575967671621,0.00011336430646607725,0.0030064290618297875,0.060243942655387475,500,59.761699465479715,3,3,0.002662130490948578
3,17.606720236957063,3.0,3.0,0.01,2.5763480238083503e-10,1.0,0.1479310140000507,27.0,0.7777388813652313,0.2376064016303496,0.06442959359151246,0.06442959359151246,0.126591628019457,0.01591173328204423,6.36710197759858e-05,0.002309609638912641,0.028766185448097056,500,59.761699465479715,3,3,0.002662130490948578
4,17.606720236957063,4.0,4.0,0.01,3.8236482424736096e-08,1.0,0.1384733969998706,38.0,0.8020630125111867,0.2433075905413645,0.0782588239424058,0.0782588239424058,0.10439173852670955,0.014449341751561526,6.524779415953403e-05,0.0027279008736769816,0.03355708240463755,500,59.761699465479715,3,3,0.002662130490948578
5,17.606720236957063,4.0,4.0,0.01,2.4154084732330716e-08,1.0,0.13807616799999778,45.0,0.7243164420052617,0.24518143873037182,0.17698218267491939,0.17698218267491939,0.27207228372538694,0.02332690651266845,0.00016021443675206295,0.002888766222237062,0.06729468775989304,500,59.761699465479715,3,3,0.002662130490948578
6,17.606720236957063,3.0,3.0,0.01,3.478839438741943e-11,1.0,0.10753380199980711,22.0,0.7937764720787623,0.22513293888099942,0.0021984919737860764,0.0021984919737860764,0.004055236619777189,0.002847889260409256,2.1077920695931826e-06,0.0025680878302000165,0.006691326207187046,500,59.761699465479715,3,3,0.002662130490948578
7,17.606720236957063,4.0,4.0,0.01,1.5731645541805506e-08,1.0,0.1420591080000122,39.0,0.6566685816326931,0.2324529679071163,0.084162934583901,0.084162934583901,0.1387819246444191,0.016660247575856674,7.481150342905612e-05,0.0026793450716154667,0.03210353245347458,500,59.761699465479715,3,3,0.002662130490948578
8,17.606720236957063,3.0,3.0,0.01,1.2125878079416452e-10,1.0,0.12479983999992328,26.0,0.9301235543093942,0.23896885272244475,0.04578919870004938,0.04578919870004938,0.0849110275251809,0.013031579146456572,4.056317960500227e-05,0.0029658471605342857,0.03527161502737781,500,59.761699465479715,3,3,0.002662130490948578
9,17.606720236957063,3.0,3.0,0.01,3.855114005801852e-10,1.0,0.13953528699971685,28.0,0.7356131396032817,0.23719782529932246,0.17845442991711025,0.17845442991711025,0.31072916676376006,0.024929066038011136,0.0001806413728390638,0.003416547383880312,0.03462398801223258,500,59.761699465479715,3,3,0.002662130490948578
10,17.606720236957063,4.0,4.0,0.01,3.354537092548071e-09,1.0,0.14451626000027318,37.0,0.6804752277001866,0.23261668977890337,0.06428281484613763,0.06428281484613763,0.06571724833473212,0.011464488504484805,5.073637559896318e-05,0.0027446542348229896,0.02578454805813741,500,59.761699465479715,3,3,0.002662130490948578
11,17.606720236957063,3.0,3.0,0.01,5.512279521724395e-10,1.0,0.13812683499986633,29.0,0.7948090219924402,0.24379907439829934,0.031299469899067844,0.031299469899067844,0.05627675107511641,0.010609123533555108,2.8206379863358922e-05,0.00237141436235927,0.03364911613348963,500,59.761699465479715,3,3,0.002662130490948578
12,17.606720236957063,3.0,3.0,0.01,5.225702759403816e-09,1.0,0.1446516230000725,27.0,0.7817489592763842,0.24322348590909806,0.18368354351014204,0.18368354351014204,0.3256622516413048,0.025521059995278598,0.00018289678224052088,0.0036696268122516683,0.02599005066632137,500,59.761699465479715,3,3,0.002662130490948578
13,17.606720236957063,4.0,4.0,0.01,1.2909209257117027e-09,1.0,0.14275576800014278,50.0,0.8071270772396419,0.24324639820857655,0.19161695841171422,0.19161695841171422,0.3318959845360241,0.02576416055438345,0.0001691962183667627,0.0029359892320426195,0.05081378563148357,500,59.761699465479715,3,3,0.002662130490948578
14,17.606720236957063,3.0,3.0,0.01,9.45330480561779e-11,1.0,0.15323436299991045,29.0,0.8418705176982868,0.2361032776068851,0.3361774209486157,0.3361774209486157,0.6064358255664141,0.034826306883343636,0.000304512828994436,0.0018017042624457935,0.06776430258590187,500,59.761699465479715,3,3,0.002662130490948578
15,17.606720236957063,3.0,3.0,0.01,4.414952847753284e-10,1.0,0.12747739399992497,25.0,0.8652642916138429,0.2337526904943389,0.13281517077984972,0.13281517077984972,0.21696650650394433,0.02083105885469792,0.00012495460969724406,0.0022498214797917145,0.056161702608065564,500,59.761699465479715,3,3,0.002662130490948578
16,17.606720236957063,4.0,4.0,0.01,1.7592387768772255e-08,1.0,0.1428587630000493,37.0,0.9347092814777769,0.24673199301899482,0.17107877537932836,0.17107877537932836,0.2318710890655786,0.021534673857088182,0.00015463611671461545,0.0029736301614669766,0.04856107430442689,500,59.761699465479715,3,3,0.002662130490948578
17,17.606720236957063,3.0,3.0,0.01,1.2262384441186214e-09,1.0,0.16979200300011144,30.0,0.9486012455055906,0.23638596587757438,0.2689275312166046,0.2689275312166046,0.510327128677633,0.03194767999957534,0.00026397087983522826,0.0030294818587819103,0.06156613346950376,500,59.761699465479715,3,3,0.002662130490948578
18,17.606720236957063,3.0,3.0,0.01,7.701173032614861e-12,1.0,0.14189168599978075,27.0,0.7560743941959223,0.2423153737257831,0.07308032501236994,0.07308032501236994,0.13936166627486793,0.01669500921083112,7.124654031287903e-05,0.003067097689234582,0.03263157416344618,500,59.761699465479715,3,3,0.002662130490948578
19,17.606720236957063,4.0,4.0,0.01,1.997168652678738e-09,1.0,0.15463515199985522,34.0,0.94024597828897,0.24257698021074756,0.4414267842284971,0.4414267842284971,0.513023019156878,0.03203195339522327,0.00039193408128586257,0.0028850258928474386,0.13576609542865958,500,59.761699465479715,3,3,0.002662130490948578
20,17.606720236957063,3.0,3.0,0.01,1.6717693895884622e-10,1.0,0.13660297100000207,28.0,0.72727267510865,0.2324375114933758,0.10498816240692577,0.10498816240692577,0.19977100148736052,0.019988546794970388,0.00010350160248649861,0.0024399996035926633,0.041353441579752646,500,59.761699465479715,3,3,0.002662130490948578
21,17.606720236957063,3.0,3.0,0.01,7.52454654140422e-09,1.0,0.14833765600019433,30.0,0.8748746480959315,0.23316389957748873,0.2312078970892344,0.2312078970892344,0.3988961255138713,0.028245216427348237,0.00022923495388276605,0.003788618134153779,0.0582567759775324,500,59.761699465479715,3,3,0.002662130490948578
22,17.606720236957063,4.0,4.0,0.01,5.147254489301645e-08,1.0,0.11193440100009866,32.0,0.9263527603290949,0.2550001323131379,0.3087050732603984,0.3087050732603984,0.5425610295757956,0.03294119091884189,0.00028519945449582073,0.0034329202385648123,0.08575875120893649,500,59.761699465479715,3,3,0.002662130490948578
23,17.606720236957063,3.0,3.0,0.01,2.782998276273929e-09,1.0,0.1575626920000559,31.0,1.208431883810786,0.2463371733201537,0.2323771019839569,0.2323771019839569,0.4320201276482952,0.02939456166192295,0.00021130433183317527,0.002081890753562807,0.10758497007089707,500,59.761699465479715,3,3,0.002662130490948578
24,17.606720236957063,3.0,3.0,0.01,2.548733091245481e-08,1.0,0.1485177780000413,29.0,0.7999558858691971,0.24064785536432629,0.21828377330234616,0.21828377330234616,0.39910140237388925,0.0282524831607379,0.00021850830778198568,0.0039036493661821926,0.04242053775297298,500,59.761699465479715,3,3,0.002662130490948578
25,17.606720236957063,3.0,3.0,0.01,5.811600534144645e-09,1.0,0.1746176630001628,33.0,0.9238312312437891,0.2503352497437257,0.15318404882032155,0.15318404882032155,0.26489114520111223,0.023017000030460626,0.00014672916295670042,0.00285315904314401,0.05809886667944287,500,59.761699465479715,3,3,0.002662130490948578
26,17.606720236957063,3.0,3.0,0.01,1.5272940689925463e-09,1.0,0.12724661599986575,27.0,0.936856353779898,0.23877034813742457,0.06016985313885925,0.06016985313885925,0.11391819233419387,0.015094250053195347,5.922298776651728e-05,0.002389708224415444,0.02755826067694876,500,59.761699465479715,3,3,0.002662130490948578
27,17.606720236957063,3.0,3.0,0.01,8.541900520242507e-11,1.0,0.1400450250000631,28.0,0.9351908146328083,0.24531492362277435,0.07776736124947092,0.07776736124947092,0.13521415341769227,0.016444704522592814,7.405221466836724e-05,0.00289517614966028,0.041035041677024126,500,59.761699465479715,3,3,0.002662130490948578
28,17.606720236957063,3.0,3.0,0.01,5.891294119209078e-10,1.0,0.20283093500006544,28.0,1.0550731947562215,0.23409196770069104,0.0758730204713629,0.0758730204713629,0.13661014139989375,0.016529376358465176,7.323361582125618e-05,0.00274009400739975,0.03304362589435689,500,59.761699465479715,3,3,0.002662130490948578
29,17.606720236957063,3.0,3.0,0.01,1.9961476915852927e-10,1.0,0.16845678200002112,31.0,0.9313206338462947,0.2451248897856717,0.22549432478149356,0.22549432478149356,0.41552716294024505,0.028828012867356815,0.00022197818947599558,0.0016695110991753873,0.05338477426353126,500,59.761699465479715,3,3,0.002662130490948578
0,59.761699465479715,3.0,3.0,0.01,1.6508350242361303e-11,1.0,0.10441519400001198,24.0,0.44911389870944673,0.13251078360278612,0.07253955313422011,0.07253955313422011,0.14209239647606492,0.01685778137692294,7.213181331390446e-05,0.0023385856237875076,0.03055361969355914,500,59.761699465479715,3,3,0.002662130490948578
1,59.761699465479715,3.0,3.0,0.01,4.3236525471002096e-11,1.0,0.11775663200000963,23.0,0.4689763049509019,0.12647710565997308,0.05780251575129114,0.05780251575129114,0.11390384312403828,0.015093299382443739,5.718136750520271e-05,0.003316413711335288,0.025099555340821283,500,59.761699465479715,3,3,0.002662130490948578
2,59.761699465479715,3.0,3.0,0.01,4.4404440124878874e-09,1.0,0.12081540799999857,24.0,0.41819831019753817,0.12635523936354778,0.03859740320262972,0.03859740320262972,0.07580158574186857,0.012312723966845726,3.717177111358539e-05,0.0023460706615223816,0.025942683845792514,500,59.761699465479715,3,3,0.002662130490948578
3,59.761699465479715,3.0,3.0,0.01,1.1517281350847952e-08,1.0,0.11579878099996677,23.0,0.4309587473237906,0.13196773088193428,0.053011169891988175,0.053011169891988175,0.10092429407399164,0.014207342754645687,4.965683845106424e-05,0.0032786584995503827,0.031049106386739127,500,59.761699465479715,3,3,0.002662130490948578
4,59.761699465479715,3.0,3.0,0.01,7.463185625056212e-11,1.0,0.12668257600012112,23.0,0.4061107340364061,0.12307878445599689,0.022960263787581425,0.022960263787581425,0.04390336415047344,0.009370524441083694,2.107177081818682e-05,0.0024675405566979038,0.033232854781724254,500,59.761699465479715,3,3,0.002662130490948578
5,59.761699465479715,3.0,3.0,0.01,1.9271029216838542e-10,1.0,0.15946085199971094,32.0,0.5106841645176678,0.13770088630881033,0.11079903879613084,0.11079903879613084,0.18778268229522949,0.019379508884139942,9.976639042850454e-05,0.0026816380429717755,0.03841708187537549,500,59.761699465479715,3,3,0.002662130490948578
6,59.761699465479715,3.0,3.0,0.01,4.245559459548076e-11,1.0,0.16115112799980125,31.0,0.38861877731347727,0.12665416153949827,0.0668488824569522,0.0668488824569522,0.1201319326853679,0.01550044726357068,6.227940544819159e-05,0.0026462554256972224,0.040049169226167976,500,59.761699465479715,3,3,0.002662130490948578
7,59.761699465479715,3.0,3.0,0.01,6.299197607972928e-09,1.0,0.09257357699993918,19.0,0.542721626077358,0.13030199982395047,0.06304231592525866,0.06304231592525866,0.12350534945048869,0.01571657401919952,6.071461842837063e-05,0.003286143245210692,0.03219305315134197,500,59.761699465479715,3,3,0.002662130490948578
8,59.761699465479715,3.0,3.0,0.01,5.682321280175984e-11,1.0,0.12900782999986404,26.0,0.3928710580192438,0.12019552627387158,0.0451681225174525,0.0451681225174525,0.08648233409052833,0.013151603255157018,4.457956865729669e-05,0.003201952796539351,0.02144397776101937,500,59.761699465479715,3,3,0.002662130490948578
9,59.761699465479715,3.0,3.0,0.01,1.4762779887433908e-09,1.0,0.1123748140000771,22.0,0.3635359856614899,0.12569626954121696,0.020651617500334396,0.020651617500334396,0.03904116519456396,0.008836420677464825,2.0397525283231355e-05,0.002448668972696131,0.015175585313768614,500,59.761699465479715,3,3,0.002662130490948578
10,59.761699465479715,3.0,3.0,0.01,3.326494413258274e-09,1.0,0.12936947399998644,27.0,0.37179504028663213,0.13362520901114394,0.07698006828672987,0.07698006828672987,0.1498220451118404,0.01731023079637244,7.441893794454422e-05,0.0035722709153717417,0.03668825949318588,500,59.761699465479715,3,3,0.002662130490948578
11,59.761699465479715,3.0,3.0,0.01,2.0252841625989504e-09,1.0,0.1333092319998741,27.0,0.38052888402347196,0.1294308248272311,0.06629066930213412,0.06629066930213412,0.11496267721523493,0.015163289696845796,6.229653386593275e-05,0.0025745763586548956,0.050234068004494974,500,59.761699465479715,3,3,0.002662130490948578
12,59.761699465479715,3.0,3.0,0.01,4.5826209493782244e-10,1.0,0.13301658800014593,26.0,0.4130062585430967,0.12875796601420025,0.04160638129656036,0.04160638129656036,0.08020805712284973,0.012665548319978076,4.100710795159291e-05,0.0022525159534162766,0.027248389507725315,500,59.761699465479715,3,3,0.002662130490948578
13,59.761699465479715,4.0,4.0,0.01,4.433654998692305e-09,1.0,0.16573558799996135,36.0,0.45311872346805115,0.12599457066896505,0.037718348950193104,0.037718348950193104,0.0632032027001291,0.01124306032182778,3.20030819958743e-05,0.0023122532826643748,0.01975849862249947,500,59.761699465479715,3,3,0.002662130490948578
14,59.761699465479715,3.0,3.0,0.01,2.4687241140242122e-09,1.0,0.1143239689999973,23.0,0.4688727425107946,0.12383958362290416,0.013793205288720856,0.013793205288720856,0.026953946024843675,0.007342199401384257,1.332175735474125e-05,0.0029880868281151555,0.014601501050119588,500,59.761699465479715,3,3,0.002662130490948578
15,59.761699465479715,3.0,3.0,0.01,3.195685049917074e-09,1.0,0.13538887099980457,26.0,0.3431281541878817,0.12422580169169875,0.037289670528025454,0.037289670528025454,0.068657242176937,0.011718126315835395,3.725486342431258e-05,0.0024153740918318152,0.015835344340200473,500,59.761699465479715,3,3,0.002662130490948578
16,59.761699465479715,3.0,3.0,0.01,9.162892666836342e-11,1.0,0.07379402899982779,19.0,0.49733506539604,0.12915358900200374,0.014617581945458369,0.014617581945458369,0.028234631872239173,0.007514603365745816,1.4579840185952804e-05,0.0026131509519400384,0.015786315199685284,500,59.761699465479715,3,3,0.002662130490948578
17,59.761699465479715,3.0,3.0,0.01,1.692639362005366e-10,1.0,0.147151629000291,27.0,0.5171538302448262,0.13039191958566929,0.08810441136847658,0.08810441136847658,0.17125100645765312,0.01850680990649945,8.490954059069337e-05,0.0021119387658784148,0.038222262572726984,500,59.761699465479715,3,3,0.002662130490948578
18,59.761699465479715,3.0,3.0,0.01,5.472013731022685e-09,1.0,0.09894937099988965,21.0,0.48459139100422566,0.1298105645280174,0.08939822482830095,0.08939822482830095,0.15691175013492215,0.017715064218620385,8.922880594841922e-05,0.0031681679890310393,0.030349496626043568,500,59.761699465479715,3,3,0.002662130490948578
19,59.761699465479715,3.0,3.0,0.01,2.1836887853510234e-10,1.0,0.1218436969998038,24.0,0.36021857722050454,0.13143744587694414,0.025423575192007775,0.025423575192007775,0.04567644573321973,0.009557870655456657,2.380422772355133e-05,0.0024733584720807067,0.03132468470934451,500,59.761699465479715,3,3,0.002662130490948578
20,59.761699465479715,3.0,3.0,0.01,2.039451718616192e-09,1.0,0.11758575399994697,22.0,0.39179529626759124,0.13002373392983388,0.030419688812798995,0.030419688812798995,0.05762281226611428,0.010735251489007072,2.9428749493382877e-05,0.002737141108764051,0.0200445978743681,500,59.761699465479715,3,3,0.002662130490948578
21,59.761699465479715,3.0,3.0,0.01,1.8971491044794675e-11,1.0,0.11385504300005778,24.0,0.40780815128836123,0.12864528239583026,0.026240152887794466,0.026240152887794466,0.048219044564605976,0.009820289666257913,2.2961751433693717e-05,0.002694573401510382,0.036030595226610104,500,59.761699465479715,3,3,0.002662130490948578
22,59.761699465479715,3.0,3.0,0.01,1.275180627757777e-09,1.0,0.12560091799991824,26.0,0.3925476988436287,0.12614686864700161,0.04541028429434846,0.04541028429434846,0.0842810905709453,0.012983149892914684,4.340606975589447e-05,0.0028434097951458553,0.03138557049693636,500,59.761699465479715,3,3,0.002662130490948578
23,59.761699465479715,3.0,3.0,0.01,1.1258061149987952e-10,1.0,0.1147199570000339,24.0,0.4787209369892853,0.1362072567165898,0.056865857592356406,0.056865857592356406,0.10906858793613866,0.014769467690891143,5.3333231808758176e-05,0.00333100077842622,0.03321197854318444,500,59.761699465479715,3,3,0.002662130490948578
24,59.761699465479715,3.0,3.0,0.01,2.655062170120459e-09,1.0,0.09690692899994247,21.0,0.3819278779023306,0.12471714873650837,0.05039578954870194,0.05039578954870194,0.09832660905347351,0.014023309812841868,4.9892291364470334e-05,0.003306481820349945,0.02294726411014521,500,59.761699465479715,3,3,0.002662130490948578
25,59.761699465479715,3.0,3.0,0.01,1.7617688863325043e-08,1.0,0.15014020600006006,30.0,0.3924192911390296,0.12686358260834174,0.06679487678547957,0.06679487678547957,0.12343743108415951,0.015712251976350143,6.387839157046683e-05,0.002323667515382578,0.04737203269245304,500,59.761699465479715,3,3,0.002662130490948578
26,59.761699465479715,4.0,4.0,0.01,4.58355264854049e-09,1.0,0.14374590200009152,44.0,0.3812435929714968,0.12802873945987864,0.029969091037173712,0.029969091037173712,0.031075393751573657,0.007883577075360354,1.7826022117457725e-05,0.0026938617632297455,0.0383696944015121,500,59.761699465479715,3,3,0.002662130490948578
27,59.761699465479715,3.0,3.0,0.01,5.71557801087863e-09,1.0,0.11545265199993082,24.0,0.3981433931418059,0.12470383690860477,0.022903412010919055,0.022903412010919055,0.04048845791036201,0.008998717454211129,2.0544492863593235e-05,0.0026472880573751465,0.02564121776255777,500,59.761699465479715,3,3,0.002662130490948578
28,59.761699465479715,3.0,3.0,0.01,1.3997514258790034e-10,1.0,0.13617433399986112,28.0,0.45576329328223597,0.13581926520584373,0.05070274838044497,0.05070274838044497,0.09534579321277037,0.013809112441628562,4.589453519398983e-05,0.002380113136202746,0.03675456567758585,500,59.761699465479715,3,3,0.002662130490948578
29,59.761699465479715,3.0,3.0,0.01,2.06830552684778e-10,1.0,0.12929651100012052,27.0,0.41683667883144904,0.13121021892188464,0.04126913282220812,0.04126913282220812,0.07793068195919244,0.012484444878262904,4.083465458811643e-05,0.0030308342154825333,0.02426885241046745,500,59.761699465479715,3,3,0.002662130490948578
0,73.87843641167991,3.0,3.0,0.01,1.856499398655842e-09,1.0,0.12503946800006815,26.0,0.4564543028648762,0.11283489277814399,0.008368698325512014,0.008368698325512014,0.015299085336273529,0.005531561323220331,7.790069882448445e-06,0.002625177123883599,0.015208293785022893,500,59.761699465479715,3,3,0.002662130490948578
1,73.87843641167991,3.0,3.0,0.01,9.169851544754692e-10,1.0,0.1396720049999658,29.0,0.47780180742547684,0.11757264503323042,0.032493071594672074,0.032493071594672074,0.05407922566465165,0.010399925544411522,2.8943023663619354e-05,0.0027250863783721945,0.035421326606697036,500,59.761699465479715,3,3,0.002662130490948578
2,73.87843641167991,3.0,3.0,0.01,3.6482372678392494e-11,1.0,0.10977125999988857,24.0,0.4020959467699723,0.11699099880826361,0.010654731402610196,0.010654731402610196,0.02066512571095547,0.006428860818365175,1.0253288116822438e-05,0.0025124907205977777,0.01393680687322114,500,59.761699465479715,3,3,0.002662130490948578
3,73.87843641167991,3.0,3.0,0.01,6.084777126602603e-11,1.0,0.09626650800009884,21.0,0.378088531575832,0.11461878479449078,0.02434011220066168,0.02434011220066168,0.04267064193714999,0.009238034632664026,2.1961195372107315e-05,0.00246582118184986,0.01800443770147037,500,59.761699465479715,3,3,0.002662130490948578
4,73.87843641167991,3.0,3.0,0.01,1.3450729419162144e-10,1.0,0.10094197099988378,22.0,0.3770042765683774,0.11478439148052545,0.024375750198259993,0.024375750198259993,0.047591443235190434,0.009756171711813033,2.3396534073266586e-05,0.002231012971695201,0.020894293996060957,500,59.761699465479715,3,3,0.002662130490948578
5,73.87843641167991,3.0,3.0,0.01,1.6994405882542196e-11,1.0,0.10594945400021061,23.0,0.36832320141805064,0.11584216268777535,0.026193783869985054,0.026193783869985054,0.04498659261858145,0.009485419613130612,2.456406443784012e-05,0.002427166481512499,0.023729943882500545,500,59.761699465479715,3,3,0.002662130490948578
6,73.87843641167991,3.0,3.0,0.01,8.722360833601783e-09,1.0,0.10366726500001278,24.0,0.3500276533600233,0.10793212151240851,0.032682549499213565,0.032682549499213565,0.06128974501758064,0.011071562221979393,2.8888028244910925e-05,0.0029221329660965353,0.029060231075780457,500,59.761699465479715,3,3,0.002662130490948578
7,73.87843641167991,3.0,3.0,0.01,7.731493445461979e-09,1.0,0.12735055000007378,24.0,0.3310307264068273,0.11311172647337882,0.029754686783007855,0.029754686783007855,0.05706961772050073,0.010683596559258567,2.9319537635150163e-05,0.0027220231076474305,0.02260391470565399,500,59.761699465479715,3,3,0.002662130490948578
8,73.87843641167991,3.0,3.0,0.01,1.5201040426404688e-10,1.0,0.11126131500009251,25.0,0.3565429871418746,0.11399355231155069,0.01882667940981264,0.01882667940981264,0.03336389141446165,0.008168707537237656,1.6205643451095308e-05,0.00241096522649334,0.03294105396368825,500,59.761699465479715,3,3,0.002662130490948578
9,73.87843641167991,3.0,3.0,0.01,1.0456186139151669e-08,1.0,0.14713644299990847,28.0,0.40991223386477693,0.12038230085542716,0.0898140327881265,0.0898140327881265,0.15731026120637193,0.017737545557735542,8.547096114130354e-05,0.0027968305077106896,0.0505995004239256,500,59.761699465479715,3,3,0.002662130490948578
10,73.87843641167991,3.0,3.0,0.01,5.892616616876012e-09,1.0,0.09425322500010225,22.0,0.41792687173478815,0.11941249250055537,0.03821408364842682,0.03821408364842682,0.07415160940845741,0.012177980900663082,3.643852114140718e-05,0.002221428026217608,0.026328108558611875,500,59.761699465479715,3,3,0.002662130490948578
11,73.87843641167991,3.0,3.0,0.01,2.911960006457548e-09,1.0,0.10099889599996459,19.0,0.462025292361526,0.11834577874592131,0.009234267153033215,0.009234267153033215,0.014522217889057207,0.005389288986324116,8.582587521690664e-06,0.002661984666937159,0.015115963268905042,500,59.761699465479715,3,3,0.002662130490948578
12,73.87843641167991,3.0,3.0,0.01,1.230021995368702e-08,1.0,0.12332279299994298,26.0,0.41055512517645965,0.1160164289122107,0.0175632418420264,0.0175632418420264,0.034414656977019786,0.0082963434086373,1.732107159005427e-05,0.0030387468987470925,0.01574881115405337,500,59.761699465479715,3,3,0.002662130490948578
13,73.87843641167991,4.0,4.0,0.01,1.6836836369549246e-08,1.0,0.10708567500023491,36.0,0.39471130734366955,0.11236956895525403,0.02896458872578478,0.02896458872578478,0.02917840674267609,0.0076391631403807695,1.9006652521915465e-05,0.0027408338572112202,0.02821668271208788,500,59.761699465479715,3,3,0.002662130490948578
14,73.87843641167991,3.0,3.0,0.01,3.2857383480688895e-10,1.0,0.081890962999978,20.0,0.39513207547809115,0.11454479458553775,0.009336251199783874,0.009336251199783874,0.01686124153027771,0.00580710625531817,8.3772831652489e-06,0.0025161719801161686,0.017381077024247456,500,59.761699465479715,3,3,0.002662130490948578
15,73.87843641167991,4.0,4.0,0.01,1.3170953216956605e-09,1.0,0.1087630319998425,42.0,0.3746105339345924,0.11639199109346976,0.021707908827238498,0.021707908827238498,0.029874829929935724,0.007729790415002948,1.7059396499572565e-05,0.002656229656427647,0.031554734245040725,500,59.761699465479715,3,3,0.002662130490948578
16,73.87843641167991,3.0,3.0,0.01,3.944711224335151e-11,1.0,0.11369583199984845,23.0,0.3888275465629829,0.11461761443934812,0.050348254985465246,0.050348254985465246,0.10005252835565903,0.01414584945174089,4.897802992883771e-05,0.0027948549071268682,0.037463105084426455,500,59.761699465479715,3,3,0.002662130490948578
17,73.87843641167991,3.0,3.0,0.01,3.2609295264052207e-09,1.0,0.1142729309999595,24.0,0.421052890081294,0.12592514693762394,0.01566766045220902,0.01566766045220902,0.03058792084471959,0.007821498685638141,1.5008061468668018e-05,0.0024176381320996144,0.01545693724828253,500,59.761699465479715,3,3,0.002662130490948578
18,73.87843641167991,3.0,3.0,0.01,1.1578582537197235e-10,1.0,0.12982341500014627,27.0,0.3017746412349722,0.11552880539302487,0.07061898553934043,0.07061898553934043,0.1209725966126784,0.015554587529901165,6.814122698260484e-05,0.002189331392934638,0.03580333767051974,500,59.761699465479715,3,3,0.002662130490948578
19,73.87843641167991,3.0,3.0,0.01,9.799048239500507e-10,1.0,0.13058740600013152,24.0,0.4278433935139343,0.11736155388145884,0.050777462057794764,0.050777462057794764,0.0950369993840951,0.01378673270823041,4.875364013140928e-05,0.0026100993040242557,0.028163865821015835,500,59.761699465479715,3,3,0.002662130490948578
20,73.87843641167991,3.0,3.0,0.01,1.122437764955464e-08,1.0,0.15656001900015326,30.0,0.3227335004761589,0.11469350180084972,0.07356450549445981,0.07356450549445981,0.1361642497980496,0.01650237860419216,7.147948851289696e-05,0.003053585890269859,0.03168053755556279,500,59.761699465479715,3,3,0.002662130490948578
21,73.87843641167991,3.0,3.0,0.01,1.8764711784413635e-08,1.0,0.09765837400027522,20.0,0.35215265879100066,0.11163682662927625,0.015910893373984436,0.015910893373984436,0.03063084456756036,0.007826984677072053,1.5784499144067e-05,0.0030719614486703784,0.012413128014434692,500,59.761699465479715,3,3,0.002662130490948578
22,73.87843641167991,3.0,3.0,0.01,5.317657425507605e-11,1.0,0.1294784049998725,28.0,0.42974901610239025,0.1207080508141576,0.040686765846885464,0.040686765846885464,0.07714544903568238,0.012421388733606431,3.925506305489772e-05,0.0027821572247954986,0.03342895638502249,500,59.761699465479715,3,3,0.002662130490948578
23,73.87843641167991,3.0,3.0,0.01,1.547529882017784e-08,1.0,0.12372963599977993,25.0,0.36785129905888136,0.1174923261610287,0.03603541101756491,0.03603541101756491,0.06972698516827014,0.011809063059216014,3.555710766480544e-05,0.0030591207852964913,0.028478531225372947,500,59.761699465479715,3,3,0.002662130490948578
24,73.87843641167991,3.0,3.0,0.01,3.900479939034085e-11,1.0,0.14002443099980155,27.0,0.35494719351477655,0.11522637077960934,0.03496993671637938,0.03496993671637938,0.05726261181936185,0.010701645837847731,3.438989600292957e-05,0.0029137515136798036,0.015809949947032182,500,59.761699465479715,3,3,0.002662130490948578
25,73.87843641167991,3.0,3.0,0.01,2.0154541591210773e-08,1.0,0.15248234599994248,29.0,0.4028740172813625,0.1177187351095282,0.054001473098878705,0.054001473098878705,0.10174946547213246,0.01426530514725377,5.438847500989914e-05,0.0024224295264583537,0.0165151167105902,500,59.761699465479715,3,3,0.002662130490948578
26,73.87843641167991,3.0,3.0,0.01,5.104875189232416e-09,1.0,0.12715875200001392,26.0,0.39264588921995913,0.11032516483806953,0.030246880856111602,0.030246880856111602,0.05260109049518409,0.010256811443639206,2.738401901327283e-05,0.002399445188223418,0.03152440567755503,500,59.761699465479715,3,3,0.002662130490948578
27,73.87843641167991,4.0,4.0,0.01,1.2738529786560093e-08,1.0,0.09854706299984173,21.0,0.4873375483320779,0.12196995113567646,0.026581660443071087,0.026581660443071087,0.04155294998912728,0.009116243742806274,2.091053371929819e-05,0.002689624562969746,0.03424089062312333,500,59.761699465479715,3,3,0.002662130490948578
28,73.87843641167991,3.0,3.0,0.01,1.391453618992955e-10,1.0,0.11911868099991807,25.0,0.4352635555808191,0.11917745150565057,0.041076054940958784,0.041076054940958784,0.07664491852213849,0.012381027301653,3.984514259158171e-05,0.002408681854030316,0.019952777623934784,500,59.761699465479715,3,3,0.002662130490948578
29,73.87843641167991,3.0,3.0,0.01,5.4193796117374404e-09,1.0,0.14669526900001983,29.0,0.31477331538322706,0.10833579835477007,0.0509667734697814,0.0509667734697814,0.08495002219281762,0.013034571123962432,4.28865677311534e-05,0.0030461949784788434,0.04672966664336821,500,59.761699465479715,3,3,0.002662130490948578
0,309.9965975024733,3.0,3.0,0.01,1.611834443693283e-09,1.0,0.09623600200006877,21.0,0.17711753803844776,0.05558104308325126,0.003430420202903406,0.003430420202903406,0.006379746190228004,0.003572043166096402,3.0914763720787218e-06,0.0026078302670756457,0.013057230612502574,500,59.761699465479715,3,3,0.002662130490948578
1,309.9965975024733,3.0,3.0,0.01,2.827855949405489e-09,1.0,0.09538841499988848,21.0,0.1989906607347054,0.058901517747588346,0.006089525913239413,0.006089525913239413,0.011500363882679072,0.004795907397496134,5.927027798087016e-06,0.0029066900011287026,0.009072444372014293,500,59.761699465479715,3,3,0.002662130490948578
2,309.9965975024733,3.0,3.0,0.01,6.777090000298358e-11,1.0,0.12145131300007961,26.0,0.23099761240571692,0.05914155377782648,0.0063687850581573,0.0063687850581573,0.010296225869980557,0.0045378906707809865,5.483694239385048e-06,0.0026384275259847237,0.013115801770591906,500,59.761699465479715,3,3,0.002662130490948578
3,309.9965975024733,3.0,3.0,0.01,7.877304586401124e-09,1.0,0.08938955899998291,19.0,0.2152004995261665,0.05761580485972525,0.005014524286025335,0.005014524286025335,0.009576649123644638,0.0043764481314519516,4.9140469669253905e-06,0.002739123929996033,0.011148149551129272,500,59.761699465479715,3,3,0.002662130490948578
4,309.9965975024733,3.0,3.0,0.01,4.886184346020173e-09,1.0,0.11326945899963903,22.0,0.18026673706959384,0.05759162007120918,0.007043067011409221,0.007043067011409221,0.013654286925541236,0.005225760600245908,6.978804958129456e-06,0.002606578658843784,0.012371797700705544,500,59.761699465479715,3,3,0.002662130490948578
5,309.9965975024733,3.0,3.0,0.01,1.0872338584988483e-09,1.0,0.09154758899990156,19.0,0.14419974112631806,0.055325317561445736,0.013834890678936063,0.013834890678936063,0.027101572553389654,0.007362278526840676,1.3268937423775302e-05,0.0029151873751840714,0.019930710432317377,500,59.761699465479715,3,3,0.002662130490948578
6,309.9965975024733,3.0,3.0,0.01,2.542853705378434e-09,1.0,0.11029621100010445,24.0,0.24979270856137248,0.05698348093621014,0.006797587161372576,0.006797587161372576,0.01115853223229693,0.004724094036383469,6.210574827837422e-06,0.0027607437206841256,0.01469991575347046,500,59.761699465479715,3,3,0.002662130490948578
7,309.9965975024733,3.0,3.0,0.01,5.0183857069896476e-11,1.0,0.07457996199991612,17.0,0.18065722344417545,0.05783111248479332,0.004991078142893457,0.004991078142893457,0.00940578702339253,0.004337231149798804,4.70003091887988e-06,0.00263712533705453,0.008869188836151712,500,59.761699465479715,3,3,0.002662130490948578
8,309.9965975024733,3.0,3.0,0.01,1.2568879270702382e-10,1.0,0.12314211199986858,25.0,0.18685543458494336,0.05492860654643116,0.007752020226462264,0.007752020226462264,0.014350389765879858,0.005357310848901687,7.39047751276241e-06,0.0026593827365181547,0.012821373183301515,500,59.761699465479715,3,3,0.002662130490948578
9,309.9965975024733,3.0,3.0,0.01,1.1981994507692662e-08,1.0,0.1363254099999267,24.0,0.15811053861768343,0.05422140375624714,0.011019675904890391,0.011019675904890391,0.019002511264537402,0.00616482137041089,1.0731523234691075e-05,0.0028225051372989885,0.012383462827103614,500,59.761699465479715,3,3,0.002662130490948578
10,309.9965975024733,3.0,3.0,0.01,1.1402572441809866e-08,1.0,0.13354208600003403,24.0,0.19264111371620807,0.058353359967286085,0.00783806994081715,0.00783806994081715,0.013901723913855536,0.005272897479347676,7.239444826493456e-06,0.0026676618719290984,0.018033149114669324,500,59.761699465479715,3,3,0.002662130490948578
11,309.9965975024733,3.0,3.0,0.01,1.411004646456604e-09,1.0,0.10004943699982505,22.0,0.18441706864453833,0.05732957698824618,0.00794509514003039,0.00794509514003039,0.014705612138986048,0.005423211620246078,7.1506953378214105e-06,0.0027821236876718904,0.01353192485040211,500,59.761699465479715,3,3,0.002662130490948578
12,309.9965975024733,3.0,3.0,0.01,2.3915491809134437e-09,1.0,0.10258867100014868,22.0,0.19177209932606254,0.054509148978343615,0.002897080172033384,0.002897080172033384,0.005239952522432115,0.0032372681453448106,2.7086848631237717e-06,0.002702522270435948,0.006574106894202199,500,59.761699465479715,3,3,0.002662130490948578
13,309.9965975024733,3.0,3.0,0.01,2.6753197879259005e-08,1.0,0.0835754810002527,19.0,0.15618355797905936,0.05803926460289286,0.0051726944964229915,0.0051726944964229915,0.009710077751644914,0.004406830550780212,4.899010103586699e-06,0.002695656477615391,0.009306443503356153,500,59.761699465479715,3,3,0.002662130490948578
14,309.9965975024733,3.0,3.0,0.01,4.218927429633368e-10,1.0,0.128291667999747,26.0,0.18142484763459277,0.05796141527398136,0.00871002015060185,0.00871002015060185,0.015961961030611517,0.005650125844724437,8.390987635606469e-06,0.002539358093935107,0.014488409214712904,500,59.761699465479715,3,3,0.002662130490948578
15,309.9965975024733,3.0,3.0,0.01,7.56256302025804e-09,1.0,0.11991545099999712,23.0,0.17069723762239408,0.05591822770370281,0.0058524854168808815,0.0058524854168808815,0.010156110113293152,0.004506908056149615,5.447987482450489e-06,0.002584417019615452,0.01305912511143247,500,59.761699465479715,3,3,0.002662130490948578
16,309.9965975024733,3.0,3.0,0.01,2.658069320204959e-10,1.0,0.11079756599997381,25.0,0.1916119831358989,0.060549773357324845,0.015295893931124738,0.015295893931124738,0.028994394144715375,0.007615036985427631,1.5182660163929976e-05,0.0023812276231924704,0.012380615398498036,500,59.761699465479715,3,3,0.002662130490948578
17,309.9965975024733,3.0,3.0,0.01,5.320003326758638e-09,1.0,0.08477116099993509,20.0,0.17952663319251805,0.05634822914119613,0.012127713848485655,0.012127713848485655,0.02406052795013479,0.006936934185954886,1.1806672412794492e-05,0.0025579491679714244,0.01808152972212337,500,59.761699465479715,3,3,0.002662130490948578
18,309.9965975024733,3.0,3.0,0.01,1.485574330217787e-09,1.0,0.11630105699987325,24.0,0.15383676401687096,0.056238416147239075,0.022037718736328316,0.022037718736328316,0.04301762751645763,0.009275519124712927,2.1619098321358705e-05,0.0022738454341629383,0.017668409394906857,500,59.761699465479715,3,3,0.002662130490948578
19,309.9965975024733,3.0,3.0,0.01,1.658895243394909e-11,1.0,0.09250255799997831,20.0,0.214812868407933,0.05871718500805585,0.0011086578936101432,0.0011086578936101432,0.001883003401782112,0.0019406202110573373,1.0527541200267537e-06,0.0026495244786409744,0.0041366109626853245,500,59.761699465479715,3,3,0.002662130490948578
20,309.9965975024733,3.0,3.0,0.01,9.839697723279528e-09,1.0,0.1162077149997458,23.0,0.15773326419559863,0.055959593768422126,0.006639966602278946,0.006639966602278946,0.012155697236382488,0.004930658624642856,6.170903479918873e-06,0.002749075367764562,0.013543446555951596,500,59.761699465479715,3,3,0.002662130490948578
21,309.9965975024733,3.0,3.0,0.01,4.1434455866351527e-10,1.0,0.1329092930002389,22.0,0.17867524371085253,0.05909044447361643,0.01058468195083151,0.01058468195083151,0.018929864604238865,0.0061530260204616175,9.798888222351713e-06,0.0025605353953666943,0.012960156549649758,500,59.761699465479715,3,3,0.002662130490948578
22,309.9965975024733,3.0,3.0,0.01,2.5362911770798746e-10,1.0,0.08877757699997346,20.0,0.17360029832811108,0.05827359378890708,0.00861797078869131,0.00861797078869131,0.01586128971981948,0.0056322801279445394,8.348542764296878e-06,0.0028634093613919592,0.011993458799610118,500,59.761699465479715,3,3,0.002662130490948578
23,309.9965975024733,3.0,3.0,0.01,1.177964392695685e-10,1.0,0.12156124900002396,26.0,0.17628275576784946,0.057694241217701926,0.010444743663128975,0.010444743663128975,0.018026102943127162,0.006004348914433131,1.0054098471627207e-05,0.0024582011462592076,0.011979393084530582,500,59.761699465479715,3,3,0.002662130490948578
24,309.9965975024733,3.0,3.0,0.01,8.001698859061435e-09,1.0,0.08804610700008197,19.0,0.17413855251295085,0.05474521771171991,0.0012987046809485037,0.0012987046809485037,0.0025096882506603097,0.0022403965053803803,1.2951345054922227e-06,0.0026994730976794864,0.004512100445095105,500,59.761699465479715,3,3,0.002662130490948578
25,309.9965975024733,3.0,3.0,0.01,1.0138009542970394e-08,1.0,0.080137571999785,19.0,0.20558284722758002,0.05617255605342154,0.0018797826230638748,0.0018797826230638748,0.003530819960646601,0.002657374629459159,1.7017754493025849e-06,0.002608492534178295,0.007044955758279012,500,59.761699465479715,3,3,0.002662130490948578
26,309.9965975024733,3.0,3.0,0.01,2.9494666708984596e-09,1.0,0.1226297999999133,23.0,0.17809828803702277,0.055615278325824975,0.002837459643387774,0.002837459643387774,0.005280014142216861,0.003249619713817868,2.864773881407425e-06,0.0026281015886950015,0.00523173611891649,500,59.761699465479715,3,3,0.002662130490948578
27,309.9965975024733,3.0,3.0,0.01,3.6374170342412526e-10,1.0,0.11487064200014174,23.0,0.241041040893736,0.05787401987461596,0.007650716446505612,0.007650716446505612,0.013798379684091769,0.0052532617837095785,7.552151955375646e-06,0.002529123331044085,0.009564954639628873,500,59.761699465479715,3,3,0.002662130490948578
28,309.9965975024733,3.0,3.0,0.01,6.752640668850063e-10,1.0,0.10486509099973773,22.0,0.15560821625807975,0.05522358127120857,0.009609895699895787,0.009609895699895787,0.01829935394153487,0.006049686593788949,9.366909798626693e-06,0.0027067808227785005,0.01428267893543194,500,59.761699465479715,3,3,0.002662130490948578
29,309.9965975024733,3.0,3.0,0.01,4.499467909369059e-09,1.0,0.07817909100003817,19.0,0.15832798652686497,0.0560509132519522,0.015325687290214773,0.015325687290214773,0.02912103409648291,0.007631649113590444,1.4534826759599695e-05,0.0027908881746352525,0.016564751388002008,500,59.761699465479715,3,3,0.002662130490948578
0,597.6169946547972,3.0,3.0,0.01,8.473333146241657e-11,1.0,0.080738386999883,19.0,0.11476820777311003,0.03878602754319996,0.0016737692906190205,0.0016737692906190205,0.0029486628726846124,0.002428441011301124,1.429316709512827e-06,0.0026709891693568674,0.007969707242098363,500,59.761699465479715,3,3,0.002662130490948578
1,597.6169946547972,3.0,3.0,0.01,8.602385470624085e-11,1.0,0.0860264539999207,19.0,0.14075181142750037,0.039644129191062714,0.0018811862194070272,0.0018811862194070272,0.003665071963522216,0.0027074238543391077,1.8597003517117718e-06,0.002670200285260999,0.0062112392723405055,500,59.761699465479715,3,3,0.002662130490948578
2,597.6169946547972,3.0,3.0,0.01,2.350364347591949e-10,1.0,0.1061426040000697,23.0,0.151649356962265,0.042730637714175505,0.006531235308329997,0.006531235308329997,0.012245098371112692,0.0049487570906466384,6.270433118950589e-06,0.0024542510100051783,0.010254767629047161,500,59.761699465479715,3,3,0.002662130490948578
3,597.6169946547972,3.0,3.0,0.01,2.5150548310648446e-11,1.0,0.12062449800032482,21.0,0.13632071538382018,0.042509252948016635,0.004218241480657525,0.004218241480657525,0.007969737091436127,0.003992427104265305,4.200054313268732e-06,0.002701479153814265,0.008051493894518803,500,59.761699465479715,3,3,0.002662130490948578
4,597.6169946547972,3.0,3.0,0.01,6.894038229177113e-09,1.0,0.0875063329999648,18.0,0.11599668163406696,0.038942186266238514,0.004270728893288833,0.004270728893288833,0.007057303363669429,0.0037569411397224283,3.821042519993887e-06,0.002765913651547168,0.010548411450231308,500,59.761699465479715,3,3,0.002662130490948578
5,597.6169946547972,3.0,3.0,0.01,2.0568682312926967e-09,1.0,0.08469036199994662,18.0,0.11768173124089354,0.04218362420353095,0.004029193914448115,0.004029193914448115,0.007870741101399062,0.003967553679888669,4.015701360591292e-06,0.00257987202306269,0.00873061193229432,500,59.761699465479715,3,3,0.002662130490948578
6,597.6169946547972,3.0,3.0,0.01,7.570239990428718e-10,1.0,0.08763404600017566,20.0,0.12870591447333102,0.04293785464240497,0.005083680334109886,0.005083680334109886,0.009243239415167366,0.004299590542171979,4.614620109644966e-06,0.0026065829280752717,0.009564237923618947,500,59.761699465479715,3,3,0.002662130490948578
7,597.6169946547972,3.0,3.0,0.01,5.88329385209363e-11,1.0,0.11186835099988457,23.0,0.16474470224314275,0.042934337481037844,0.0029971193480378133,0.0029971193480378133,0.0053947297016853114,0.0032847312528379888,2.8221362725194903e-06,0.002715709398304249,0.006833530619174118,500,59.761699465479715,3,3,0.002662130490948578
8,597.6169946547972,3.0,3.0,0.01,2.9496627362846084e-10,1.0,0.08483221599999524,19.0,0.12400759114735838,0.040899855188368424,0.001468345377361402,0.001468345377361402,0.0025581938639371955,0.002261943352048055,1.3874473960668818e-06,0.0026785635239600265,0.005729492537583513,500,59.761699465479715,3,3,0.002662130490948578
9,597.6169946547972,3.0,3.0,0.01,1.0998018717955915e-08,1.0,0.10349700999995548,19.0,0.13408770114001656,0.043298544072136146,0.0018933901458240143,0.0018933901458240143,0.003671665466484455,0.0027098581019988684,1.82510954615478e-06,0.002731861295170358,0.005600610340100613,500,59.761699465479715,3,3,0.002662130490948578
10,597.6169946547972,3.0,3.0,0.01,8.011804997209993e-09,1.0,0.1674508670000705,23.0,0.12050363753550819,0.040981397894083095,0.003117557914038116,0.003117557914038116,0.0058187549082205385,0.003411379459462268,3.1329074199423805e-06,0.0026555489661364458,0.007057263195974845,500,59.761699465479715,3,3,0.002662130490948578
11,597.6169946547972,3.0,3.0,0.01,1.2440743990538294e-09,1.0,0.15797698699998364,22.0,0.15853477413444794,0.040859656080820726,0.006486985751280372,0.006486985751280372,0.010455248758419432,0.00457279974598045,5.547199956643976e-06,0.0026786837374985356,0.017191840965169018,500,59.761699465479715,3,3,0.002662130490948578
12,597.6169946547972,3.0,3.0,0.01,1.1552409695525512e-08,1.0,0.10372884100002011,19.0,0.13219572474722585,0.04072639865244209,0.0007829392779967748,0.0007829392779967748,0.0013466343457145253,0.001641118122326681,6.880083963304406e-07,0.002635186030857294,0.004450631463199922,500,59.761699465479715,3,3,0.002662130490948578
13,597.6169946547972,3.0,3.0,0.01,2.1723067789025663e-10,1.0,0.1214447760000894,24.0,0.10714525252882079,0.03870221589032149,0.00679049341283644,0.00679049341283644,0.011986184164648741,0.0048961585277947734,6.494920841226327e-06,0.0025449332177682185,0.014990061914145661,500,59.761699465479715,3,3,0.002662130490948578
14,597.6169946547972,3.0,3.0,0.01,2.701030288321249e-09,1.0,0.09707920300002115,22.0,0.13509141693399063,0.040552002458063584,0.0017685235616227146,0.0017685235616227146,0.0029902305197993186,0.0024454981168667124,1.6802544055238248e-06,0.0026682301575291717,0.007400915464923277,500,59.761699465479715,3,3,0.002662130490948578
15,597.6169946547972,3.0,3.0,0.01,3.724577091190895e-09,1.0,0.10631042899967724,21.0,0.140752922169465,0.04022187402497821,0.003136219083216929,0.003136219083216929,0.00533556407213205,0.0032666692737808793,3.044727351030731e-06,0.0025838967395888524,0.006867538822155314,500,59.761699465479715,3,3,0.002662130490948578
16,597.6169946547972,3.0,3.0,0.01,8.77175887481485e-10,1.0,0.09868490300004851,21.0,0.14398381973546837,0.04057880926215086,0.00644988099497823,0.00644988099497823,0.01172332478688889,0.004842174054469519,5.607083225106584e-06,0.002725268034716382,0.013556356170557808,500,59.761699465479715,3,3,0.002662130490948578
17,597.6169946547972,3.0,3.0,0.01,2.5480622056761604e-09,1.0,0.11199741499990523,22.0,0.1348591917032409,0.040272780466425365,0.002083309969293623,0.002083309969293623,0.0032918331767482394,0.002565865614855244,1.774956866409524e-06,0.0027155202130414533,0.007878445644502559,500,59.761699465479715,3,3,0.002662130490948578
18,597.6169946547972,3.0,3.0,0.01,2.156985701162739e-11,1.0,0.10443770799975027,23.0,0.1752509691253854,0.0418509460906724,0.0023486713873808185,0.0023486713873808185,0.003925929471162218,0.0028021168680703585,2.112695537211049e-06,0.002636447246989766,0.00819508721654282,500,59.761699465479715,3,3,0.002662130490948578
19,597.6169946547972,3.0,3.0,0.01,4.372326722901221e-09,1.0,0.10007368400010819,20.0,0.13799643325710353,0.03985112714949749,0.002698887747783374,0.002698887747783374,0.0052711403836899935,0.003246887858762601,2.5040854567846338e-06,0.00257585420226879,0.007266229518082355,500,59.761699465479715,3,3,0.002662130490948578
20,597.6169946547972,3.0,3.0,0.01,2.1967982988257972e-11,1.0,0.08370235400002457,18.0,0.1647997104909651,0.041340823254230254,0.0035821294575271168,0.0035821294575271168,0.007085515220058655,0.0037644429123201363,3.5269487007145054e-06,0.002726403987565848,0.009256798403607712,500,59.761699465479715,3,3,0.002662130490948578
21,597.6169946547972,3.0,3.0,0.01,3.1797757760188006e-09,1.0,0.08686165199992502,19.0,0.1329863710041439,0.04061904940872342,0.0014478720545412216,0.0014478720545412216,0.0027011302512603814,0.002324276339534687,1.4011607812231665e-06,0.00261181080838484,0.004915971700564922,500,59.761699465479715,3,3,0.002662130490948578
22,597.6169946547972,3.0,3.0,0.01,1.3983876279155538e-09,1.0,0.08637351700008367,18.0,0.14301955265139266,0.04140977214130804,0.0012843675401654764,0.0012843675401654764,0.002396562511968966,0.0021893206763601196,1.2785556730482478e-06,0.002739811592986877,0.004498659511238513,500,59.761699465479715,3,3,0.002662130490948578
23,597.6169946547972,3.0,3.0,0.01,3.4069578269679823e-09,1.0,0.08247990199993183,17.0,0.12903586213169094,0.04222544392804761,0.0029746522450295743,0.0029746522450295743,0.005860110582515691,0.0034234808550700825,2.9424062533321637e-06,0.0027972936530771602,0.005495075713200735,500,59.761699465479715,3,3,0.002662130490948578
24,597.6169946547972,3.0,3.0,0.01,2.0702806136085883e-09,1.0,0.09656211499986966,20.0,0.13963368131745146,0.041284135089074914,0.0013376239101035026,0.0013376239101035026,0.0025031290753301213,0.002237466904930717,1.2899175458741729e-06,0.002637930266425421,0.004839685172159483,500,59.761699465479715,3,3,0.002662130490948578
25,597.6169946547972,3.0,3.0,0.01,1.431799789841648e-09,1.0,0.09522927800003345,21.0,0.16994997500775955,0.042826971323196156,0.0010933901692169457,0.0010933901692169457,0.0018154130064845556,0.0019054726481818392,8.996157455156506e-07,0.002678199435613259,0.006080769185801727,500,59.761699465479715,3,3,0.002662130490948578
26,597.6169946547972,3.0,3.0,0.01,1.179285558094989e-10,1.0,0.09651889000019764,20.0,0.12696297428256342,0.042309314934499076,0.00686950502495165,0.00686950502495165,0.01338854633173927,0.005174658700192559,6.6268294856885835e-06,0.00263777662255412,0.014703123044864298,500,59.761699465479715,3,3,0.002662130490948578
27,597.6169946547972,3.0,3.0,0.01,9.119194288587096e-11,1.0,0.11444871800017609,24.0,0.1320004222594564,0.04099471994621801,0.0053545083494555,0.0053545083494555,0.010125870889390712,0.0045001935268143105,5.119770904385416e-06,0.002669752814284005,0.012546344536479313,500,59.761699465479715,3,3,0.002662130490948578
28,597.6169946547972,3.0,3.0,0.01,4.587086266383267e-11,1.0,0.06182212599992454,16.0,0.10850214030747174,0.039069128028379134,0.0013450000576540333,0.0013450000576540333,0.0025600288866850203,0.002262754465992729,1.343079854891695e-06,0.002588785436467786,0.0037450519812412724,500,59.761699465479715,3,3,0.002662130490948578
29,597.6169946547972,3.0,3.0,0.01,6.491587045687197e-09,1.0,0.10587826899973152,23.0,0.1453413953379623,0.040251254989597064,0.0034299588028261496,0.0034299588028261496,0.006593705673678415,0.0036314475553636777,3.402713853041367e-06,0.0027616107346824614,0.00702114281232704,500,59.761699465479715,3,3,0.002662130490948578
0,1300.7569614442696,3.0,3.0,0.01,1.0302467767786538e-08,1.0,0.11418476099970576,22.0,0.08022079476547117,0.02745427051770157,0.001567534745163357,0.001567534745163357,0.0028115789585695097,0.002371319868161826,1.5056738780929656e-06,0.002750006170310232,0.005829479923168756,500,59.761699465479715,3,3,0.002662130490948578
1,1300.7569614442696,3.0,3.0,0.01,2.2190994597437452e-08,1.0,0.11506967299987991,21.0,0.07454357831379332,0.02632455739985691,0.003495628382097493,0.003495628382097493,0.006195145119392488,0.0035199844088837917,3.327609668302234e-06,0.0027156302516765894,0.00769044356945921,500,59.761699465479715,3,3,0.002662130490948578
2,1300.7569614442696,3.0,3.0,0.01,7.355724918056694e-10,1.0,0.09736166000016055,21.0,0.0868384570554499,0.028419911427777837,0.0024726535045829223,0.0024726535045829223,0.00442988163659392,0.002976535447997863,2.3401618408003467e-06,0.002675231858457217,0.0074943963810347345,500,59.761699465479715,3,3,0.002662130490948578
3,1300.7569614442696,3.0,3.0,0.01,1.3888246108706426e-10,1.0,0.06888493399992512,17.0,0.09930422290606189,0.027585905348607304,0.0019278526576727018,0.0019278526576727018,0.0035531963742888332,0.0026657818268901274,1.8926708054619988e-06,0.002618824976946238,0.004113716728149489,500,59.761699465479715,3,3,0.002662130490948578
4,1300.7569614442696,3.0,3.0,0.01,3.778533042009258e-12,1.0,0.08320468500005518,19.0,0.08941173911183542,0.02692098407934464,0.0014895020533458592,0.0014895020533458592,0.0026256148088749385,0.002291556156359664,1.4569946508653353e-06,0.002598276927825418,0.0040950258132592485,500,59.761699465479715,3,3,0.002662130490948578
5,1300.7569614442696,3.0,3.0,0.01,4.069045322907527e-09,1.0,0.07625943199991525,19.0,0.0815524155811338,0.028097978617630942,0.0008534314029020607,0.0008534314029020607,0.0015967095930240253,0.0017870140419280567,7.900394223148952e-07,0.002578243886263206,0.005001410688572259,500,59.761699465479715,3,3,0.002662130490948578
6,1300.7569614442696,3.0,3.0,0.01,6.552334230747192e-10,1.0,0.05413299199994981,14.0,0.08784323294876462,0.02854194794978664,0.001669838295356385,0.001669838295356385,0.0033083257333033373,0.0025722852615148797,1.5863120829896006e-06,0.0026164654270422827,0.006402027451961694,500,59.761699465479715,3,3,0.002662130490948578
7,1300.7569614442696,3.0,3.0,0.01,7.747547936531873e-09,1.0,0.10508894899999177,22.0,0.09378970900034966,0.028023652769661064,0.0016816203690268594,0.0016816203690268594,0.0031536795962712545,0.0025114456379827354,1.6290474253047175e-06,0.0027421192503990542,0.004431227203951784,500,59.761699465479715,3,3,0.002662130490948578
8,1300.7569614442696,3.0,3.0,0.01,3.5298739486933073e-09,1.0,0.07110002099989288,17.0,0.09696614637207124,0.02716810135072457,0.0014431294048335985,0.0014431294048335985,0.002787143766821894,0.002360992912662761,1.4084667043364208e-06,0.0026219111287879987,0.004387402930109879,500,59.761699465479715,3,3,0.002662130490948578
9,1300.7569614442696,3.0,3.0,0.01,2.100456875098189e-08,1.0,0.0705665279999721,18.0,0.09539133183884962,0.027207797099495997,0.0026530893733252014,0.0026530893733252014,0.0046472504728813785,0.0030486883976167125,2.292676338129205e-06,0.0026627098707121453,0.012143864222222732,500,59.761699465479715,3,3,0.002662130490948578
10,1300.7569614442696,3.0,3.0,0.01,2.2255974840845738e-11,1.0,0.08533939000017199,19.0,0.08505967866235009,0.02759911846952195,0.0020556200413466286,0.0020556200413466286,0.0037578459807886405,0.0027414762376459295,1.8793105297689843e-06,0.0026959026067699165,0.009991541689617859,500,59.761699465479715,3,3,0.002662130490948578
11,1300.7569614442696,3.0,3.0,0.01,3.6043956708198266e-09,1.0,0.07241935799993371,17.0,0.08678753674972106,0.02735221740059115,0.0011572665673611482,0.0011572665673611482,0.0022129680993237394,0.002103790911342541,1.1610837236023121e-06,0.002743973841018067,0.0034594127311546423,500,59.761699465479715,3,3,0.002662130490948578
12,1300.7569614442696,3.0,3.0,0.01,6.002064401045004e-09,1.0,0.12011702599988894,24.0,0.09455347631629452,0.0289629717896942,0.004060175527001775,0.004060175527001775,0.007625209267132622,0.0039051784254071215,4.038604644625692e-06,0.00259032516397949,0.007178757148775693,500,59.761699465479715,3,3,0.002662130490948578
13,1300.7569614442696,3.0,3.0,0.01,6.030534516199282e-09,1.0,0.08526004999998804,19.0,0.08636036526009783,0.027918174649962227,0.001376497541741628,0.001376497541741628,0.0024975119269631655,0.0022349550004253623,1.3008382540783484e-06,0.0025755944141256978,0.004631076592737265,500,59.761699465479715,3,3,0.002662130490948578
14,1300.7569614442696,3.0,3.0,0.01,1.315070718987954e-09,1.0,0.10448074399982943,23.0,0.0760615220467491,0.02742554270679527,0.002985097322607544,0.002985097322607544,0.005434186640384451,0.003296721595884145,2.9311704761019117e-06,0.0025824654948806546,0.005075826541670507,500,59.761699465479715,3,3,0.002662130490948578
15,1300.7569614442696,3.0,3.0,0.01,4.804292519366982e-10,1.0,0.06265907600004539,16.0,0.08815989121608014,0.025920957701027425,0.0007989549724243261,0.0007989549724243261,0.0015061651837438876,0.0017356066280951382,7.465177818918815e-07,0.0026877796519894836,0.0041728650364116545,500,59.761699465479715,3,3,0.002662130490948578
16,1300.7569614442696,3.0,3.0,0.01,3.769875522863231e-10,1.0,0.06139668400010123,16.0,0.07986462115806137,0.02713763233315533,0.00042817504458980693,0.00042817504458980693,0.0007121224086470564,0.0011934172854848855,3.9956700697049077e-07,0.0026524840647726817,0.0030263406027219338,500,59.761699465479715,3,3,0.002662130490948578
17,1300.7569614442696,3.0,3.0,0.01,3.785993740734739e-11,1.0,0.07745570399993085,18.0,0.08504637936513337,0.027149753424487312,0.0007050507283565821,0.0007050507283565821,0.0013074353273831766,0.0016170561693294248,6.889778553645436e-07,0.002612852802997868,0.0030751597947722125,500,59.761699465479715,3,3,0.002662130490948578
18,1300.7569614442696,3.0,3.0,0.01,7.55262585805383e-09,1.0,0.10254239300002155,22.0,0.09212691885710012,0.027402148464930665,0.00364369087014893,0.00364369087014893,0.005671006989871819,0.0033677906674470784,2.8940056719733184e-06,0.002573233676077668,0.01403232320141832,500,59.761699465479715,3,3,0.002662130490948578
19,1300.7569614442696,3.0,3.0,0.01,2.002609189588611e-10,1.0,0.09256862999995974,20.0,0.09828958808647381,0.028829495446473192,0.003470523262194547,0.003470523262194547,0.006560741945674334,0.003622358884946199,3.2539934914479575e-06,0.002529793811584316,0.008697274004288425,500,59.761699465479715,3,3,0.002662130490948578
20,1300.7569614442696,3.0,3.0,0.01,9.434453218659655e-12,1.0,0.0509537640000417,16.0,0.0929401008181232,0.027025451039413756,0.0009748392196797795,0.0009748392196797795,0.001674481533958856,0.0018300172315903784,9.432344138609378e-07,0.002682122929350966,0.003560904857582238,500,59.761699465479715,3,3,0.002662130490948578
21,1300.7569614442696,3.0,3.0,0.01,4.677025655652756e-09,1.0,0.0770482099999299,19.0,0.07442884622440182,0.026194552600314933,0.001484549736005647,0.001484549736005647,0.002837331106085147,0.002382154951335092,1.4413743043546479e-06,0.0026254385771248482,0.0041028176760911006,500,59.761699465479715,3,3,0.002662130490948578
22,1300.7569614442696,3.0,3.0,0.01,4.725153601725651e-11,1.0,0.10386702899995726,23.0,0.08689619851123476,0.02950681688347703,0.002329873431563101,0.002329873431563101,0.003800154309934181,0.002756865723946011,1.8606948721267346e-06,0.0025954086824380856,0.01217132586340727,500,59.761699465479715,3,3,0.002662130490948578
23,1300.7569614442696,3.0,3.0,0.01,2.071682025928112e-08,1.0,0.09790158200007681,20.0,0.0838862134827254,0.026642316059122914,0.0028936623123172467,0.0028936623123172467,0.005206971751642097,0.0032270642236069914,2.8111953254641094e-06,0.0025374688163910825,0.007117729912236208,500,59.761699465479715,3,3,0.002662130490948578
24,1300.7569614442696,3.0,3.0,0.01,8.399978490558624e-10,1.0,0.08821480999972664,19.0,0.10294407190937105,0.028032193081782834,0.0005880402693492215,0.0005880402693492215,0.0010435942114552547,0.0014447104979581583,5.489979755850634e-07,0.0026332755058191566,0.0030616188371200025,500,59.761699465479715,3,3,0.002662130490948578
25,1300.7569614442696,3.0,3.0,0.01,1.3972936585560092e-08,1.0,0.09763683399978618,21.0,0.08021104311222782,0.028396517385482937,0.004680238181890672,0.004680238181890672,0.009010069921697651,0.004245013526880133,4.438976400534236e-06,0.0026620326003699143,0.013475447808574674,500,59.761699465479715,3,3,0.002662130490948578
26,1300.7569614442696,3.0,3.0,0.01,1.5447643164634428e-12,1.0,0.08767154300016955,19.0,0.10070034673894557,0.02772605316018036,0.0017311573476490594,0.0017311573476490594,0.003317497236577994,0.0025758483016583076,1.7010439708465492e-06,0.0027792818578393436,0.005483061453236508,500,59.761699465479715,3,3,0.002662130490948578
27,1300.7569614442696,3.0,3.0,0.01,1.6578900474684133e-09,1.0,0.08713601600015863,20.0,0.09055179893208898,0.02819622894964251,0.0021537232209993817,0.0021537232209993817,0.004095735788877621,0.0028620746981438557,2.0344273980156375e-06,0.0026037625420481294,0.007468914519894783,500,59.761699465479715,3,3,0.002662130490948578
28,1300.7569614442696,3.0,3.0,0.01,4.747213067091138e-09,1.0,0.09440548599991416,18.0,0.080896383876214,0.028823022429856855,0.0005674019250818674,0.0005674019250818674,0.0009868991205107854,0.0014049193005370704,4.6749546817870865e-07,0.002657744090691008,0.006224437910932503,500,59.761699465479715,3,3,0.002662130490948578
29,1300.7569614442696,3.0,3.0,0.01,5.823832527340755e-10,1.0,0.07252346399991438,18.0,0.08833155838586515,0.027130326284062624,0.0017582606135420065,0.0017582606135420065,0.0032914757975608016,0.0025657263289605935,1.6813629502176864e-06,0.002789108412796914,0.0050980497546472886,500,59.761699465479715,3,3,0.002662130490948578
0,5458.023366634633,3.0,3.0,0.01,3.185007813044649e-12,1.0,0.07031348600003184,16.0,0.04242016416064065,0.013163603263473548,0.0002874445538054715,0.0002874445538054715,0.0005378346947288083,0.0010371448256910009,2.7937589795139497e-07,0.002647394363653668,0.0020044144879004166,500,59.761699465479715,3,3,0.002662130490948578
1,5458.023366634633,3.0,3.0,0.01,7.001488278035595e-11,1.0,0.0855618149998918,19.0,0.055195442869867106,0.014063278556614784,0.0007894684340499225,0.0007894684340499225,0.0014665357034474268,0.001712621209402375,7.731761256377173e-07,0.002721958958613235,0.004140224974386271,500,59.761699465479715,3,3,0.002662130490948578
2,5458.023366634633,3.0,3.0,0.01,8.77939942967032e-11,1.0,0.063466631999745,17.0,0.03919682939879299,0.012865277931312837,0.0005083355506485532,0.0005083355506485532,0.0009211609755162,0.0013573216092851391,4.825460798965454e-07,0.002662375882134832,0.0033117324323200443,500,59.761699465479715,3,3,0.002662130490948578
3,5458.023366634633,3.0,3.0,0.01,3.967156603223998e-09,1.0,0.08638175000010051,19.0,0.04071122135509975,0.012629151138934364,0.0004003549022399966,0.0004003549022399966,0.0007484405793292861,0.0012234709472065824,4.0290061779996735e-07,0.0026537514496848768,0.0017668255255126417,500,59.761699465479715,3,3,0.002662130490948578
4,5458.023366634633,3.0,3.0,0.01,3.4085445577147766e-09,1.0,0.044316725000044244,12.0,0.04000111020571817,0.013171586848753044,7.839962404432299e-05,7.839962404432299e-05,0.00015257900101426814,0.0005524110806532905,7.460327646580795e-08,0.0026525510933806426,0.0015931029966327964,500,59.761699465479715,3,3,0.002662130490948578
5,5458.023366634633,3.0,3.0,0.01,2.383464980937333e-09,1.0,0.04682185000024219,14.0,0.04096785382944468,0.013613259261429882,9.61648747761501e-05,9.61648747761501e-05,0.00018681507442201817,0.000611252933607714,9.324472287194057e-08,0.0026445103995025475,0.0013338490767070867,500,59.761699465479715,3,3,0.002662130490948578
6,5458.023366634633,3.0,3.0,0.01,2.35853558905319e-09,1.0,0.10491171300009228,19.0,0.04356639339480539,0.013823936667523976,0.0005112812002607825,0.0005112812002607825,0.0009523574712604449,0.0013801141048916535,4.838529145026926e-07,0.0026817150292420284,0.00364521606977794,500,59.761699465479715,3,3,0.002662130490948578
7,5458.023366634633,3.0,3.0,0.01,1.4560948224939807e-08,1.0,0.06859396599975298,16.0,0.03977802861817925,0.01281560201002624,0.0007033015101569617,0.0007033015101569617,0.0013274104551416993,0.0016293621176041249,7.000505292708358e-07,0.0026100812270531907,0.0027408764776951583,500,59.761699465479715,3,3,0.002662130490948578
8,5458.023366634633,3.0,3.0,0.01,3.8242875533001097e-10,1.0,0.07542510600001151,19.0,0.050165328538662846,0.013815888015100518,0.0005644658947403514,0.0005644658947403514,0.0009981529325252272,0.0014129068847770735,5.229195328193066e-07,0.0026313255134140902,0.0025011122451568534,500,59.761699465479715,3,3,0.002662130490948578
9,5458.023366634633,3.0,3.0,0.01,4.884426196838376e-11,1.0,0.05847360100028709,16.0,0.040976145890420534,0.013202779067948185,0.0002775860687052045,0.0002775860687052045,0.00044924257897673107,0.0009478845699521974,2.5461785309741263e-07,0.002673710518442819,0.002665876950673233,500,59.761699465479715,3,3,0.002662130490948578
10,5458.023366634633,3.0,3.0,0.01,4.4650949604374546e-12,1.0,0.067663143000118,17.0,0.04605856746265946,0.013829689612057803,0.00020974186350031232,0.00020974186350031232,0.0003586251072072089,0.0008469062607009218,1.851140466151688e-07,0.002645379563730991,0.0018690046248060464,500,59.761699465479715,3,3,0.002662130490948578
11,5458.023366634633,3.0,3.0,0.01,3.4334841636507463e-09,1.0,0.036800625000068976,12.0,0.042010009369164325,0.013314922449762274,0.00027385122461964784,0.00027385122461964784,0.0005341992113723017,0.0010336336017876951,2.66591750615459e-07,0.0026937299182795407,0.0017432190745988157,500,59.761699465479715,3,3,0.002662130490948578
12,5458.023366634633,3.0,3.0,0.01,1.2777905400440659e-09,1.0,0.053638106000107655,14.0,0.03880765071793246,0.013850614733957994,0.00039623077236683457,0.00039623077236683457,0.0007505693772271927,0.001225209677750868,3.775771855093038e-07,0.002612676753792169,0.00290040632938876,500,59.761699465479715,3,3,0.002662130490948578
13,5458.023366634633,3.0,3.0,0.01,6.677214337003079e-11,1.0,0.07870342399974106,19.0,0.04055239353021278,0.013883702605796697,0.0004886414774318837,0.0004886414774318837,0.0007925848158489167,0.001259035198752534,3.8405357626116546e-07,0.00267350745857977,0.005274219530096186,500,59.761699465479715,3,3,0.002662130490948578
14,5458.023366634633,3.0,3.0,0.01,3.0433512154814935e-08,1.0,0.07189340600007199,17.0,0.04243922243162268,0.013225246383027621,0.00018867772587327636,0.00018867772587327636,0.00033471151296600465,0.0008181827582710413,1.7627372826749335e-07,0.002673375441391655,0.002375633537009019,500,59.761699465479715,3,3,0.002662130490948578
15,5458.023366634633,3.0,3.0,0.01,8.099871884326149e-10,1.0,0.052242826000110654,15.0,0.04414063206515495,0.013255677995896213,0.00038460099017356697,0.00038460099017356697,0.0007564185289676523,0.0012299744135287143,3.6697025038978187e-07,0.002618140290481656,0.002888936469184233,500,59.761699465479715,3,3,0.002662130490948578
16,5458.023366634633,3.0,3.0,0.01,4.197480141243659e-10,1.0,0.04408269200007453,14.0,0.049360635687770715,0.012855662564218027,4.650900223168719e-05,4.650900223168719e-05,8.789651804322872e-05,0.0004192768012738809,4.507592361832359e-08,0.002642484376213801,0.00081521155055883,500,59.761699465479715,3,3,0.002662130490948578
17,5458.023366634633,3.0,3.0,0.01,1.5667245278905284e-11,1.0,0.05219204800005173,14.0,0.047881889816518086,0.013462021551668764,0.00024596891807959764,0.00024596891807959764,0.00047196887198368016,0.0009715645855872683,2.340987125123696e-07,0.002678856781386095,0.0019570268996273923,500,59.761699465479715,3,3,0.002662130490948578
18,5458.023366634633,3.0,3.0,0.01,4.1883090329264405e-09,1.0,0.06593752300000233,17.0,0.044783661937195185,0.013922598540801322,0.000532680493506632,0.000532680493506632,0.0009952380370574804,0.0014108423278718855,5.157552415753593e-07,0.002652072183031741,0.004079471866240497,500,59.761699465479715,3,3,0.002662130490948578
19,5458.023366634633,3.0,3.0,0.01,1.1570737701305234e-08,1.0,0.07925476199989134,17.0,0.04355453236876239,0.013860276599793277,0.0005883631670258183,0.0005883631670258183,0.0010652343686581426,0.0014596125298572513,5.462946790125624e-07,0.002703226522234762,0.00404439885085538,500,59.761699465479715,3,3,0.002662130490948578
20,5458.023366634633,3.0,3.0,0.01,2.660299092127616e-09,1.0,0.08056662900003175,18.0,0.041306750706810336,0.012924007984569013,0.0003871522583267506,0.0003871522583267506,0.0006010650999984704,0.001096416982720051,3.1949721487249325e-07,0.0026495075991083373,0.004119511224432394,500,59.761699465479715,3,3,0.002662130490948578
21,5458.023366634633,3.0,3.0,0.01,1.7713506217376107e-09,1.0,0.08083158700014792,19.0,0.04951196145556369,0.013163483421834552,0.0005575026957558293,0.0005575026957558293,0.0010167363887719075,0.0014259988701060794,5.360150146123801e-07,0.0026619772601399363,0.0037080764078807056,500,59.761699465479715,3,3,0.002662130490948578
22,5458.023366634633,3.0,3.0,0.01,1.0474821010575397e-10,1.0,0.07032274900006996,17.0,0.04635644610440082,0.013155942378385797,0.0004107200195448968,0.0004107200195448968,0.0007579442799168025,0.0012312142623579394,4.0999037520563114e-07,0.0026944095189545035,0.0015168787693954394,500,59.761699465479715,3,3,0.002662130490948578
23,5458.023366634633,3.0,3.0,0.01,7.385905220758104e-10,1.0,0.07088601699979336,18.0,0.04781597646140168,0.013471875098008596,0.00041340279517498857,0.00041340279517498857,0.0007682635317423181,0.0012395672888087343,3.874395050412552e-07,0.0026953961871855753,0.0030855797644134906,500,59.761699465479715,3,3,0.002662130490948578
24,5458.023366634633,3.0,3.0,0.01,3.03042702043399e-10,1.0,0.06997971200007669,18.0,0.04181282312065138,0.014208985109725219,0.000386112383012005,0.000386112383012005,0.000732290509117691,0.0012101987515426471,3.8442541441537077e-07,0.002692045421499324,0.001912132713669464,500,59.761699465479715,3,3,0.002662130490948578
25,5458.023366634633,3.0,3.0,0.01,3.079958510454617e-10,1.0,0.037744284999917,13.0,0.04431571499395082,0.013650001746219543,0.00013508525466932042,0.00013508525466932042,0.0002582129225191526,0.0007186277513694453,1.2931839331760606e-07,0.0026464735188263867,0.001580498937082051,500,59.761699465479715,3,3,0.002662130490948578
26,5458.023366634633,3.0,3.0,0.01,1.3062797510343671e-09,1.0,0.05760701499980314,16.0,0.03938374383497045,0.013955049251775124,0.00024380559034398175,0.00024380559034398175,0.00045299523504861673,0.0009518353166894122,2.4340368342488495e-07,0.0026846148446152437,0.0015405412221541472,500,59.761699465479715,3,3,0.002662130490948578
27,5458.023366634633,3.0,3.0,0.01,9.246374776950006e-10,1.0,0.027655648000290967,11.0,0.038095359651272975,0.013306188114708462,5.5501968063254026e-05,5.5501968063254026e-05,0.00010521539766517087,0.0004587273649242453,5.1803552714040186e-08,0.00264407477295471,0.0010485421619733618,500,59.761699465479715,3,3,0.002662130490948578
28,5458.023366634633,3.0,3.0,0.01,2.0267417522035203e-08,1.0,0.06182654000031107,15.0,0.041906097542687704,0.013880146077112207,0.00012382587215142848,0.00012382587215142848,0.00023225620437320867,0.0006815514718247019,1.2236580531541319e-07,0.002663961869411536,0.0012806390170051489,500,59.761699465479715,3,3,0.002662130490948578
29,5458.023366634633,3.0,3.0,0.01,2.549935151918703e-09,1.0,0.07511180200003764,17.0,0.046995799391754134,0.013616572181035956,0.00019787272481153195,0.00019787272481153195,0.00035625809584112516,0.0008441067418770272,1.9164447598264088e-07,0.002655524787397655,0.0020758166677728087,500,59.761699465479715,3,3,0.002662130490948578
0,22902.06391642361,3.0,3.0,0.01,1.082738787516746e-09,1.0,0.052841855999986365,14.0,0.020945993563058596,0.006717130719715451,0.00011831760207314801,0.00011831760207314801,0.00021263698695078245,0.0006521303350570075,1.1703844051108216e-07,0.002633596929117167,0.0010488169945254743,500,59.761699465479715,3,3,0.002662130490948578
1,22902.06391642361,3.0,3.0,0.01,2.5651571977647336e-09,1.0,0.04654027500009761,14.0,0.02031405673828468,0.006829637854594736,9.510237191534543e-05,9.510237191534543e-05,0.00017957836975132432,0.0005992968709267959,9.02365453094581e-08,0.002683492447224544,0.0012765691199704667,500,59.761699465479715,3,3,0.002662130490948578
2,22902.06391642361,3.0,3.0,0.01,1.691033757467153e-09,1.0,0.03535384399992836,11.0,0.020308702793348066,0.006653307378954053,1.774368024598516e-05,1.774368024598516e-05,3.168857959380617e-05,0.0002517482059272962,1.6557258361717446e-08,0.002666185023393045,0.0007163834000641654,500,59.761699465479715,3,3,0.002662130490948578
3,22902.06391642361,3.0,3.0,0.01,8.160805364809676e-11,1.0,0.033414113000162615,13.0,0.022866003709982374,0.006816744558951011,8.799308307061438e-05,8.799308307061438e-05,0.00017388738277928907,0.0005897243131825058,8.793444251252855e-08,0.0026473143232721005,0.0011395173893824241,500,59.761699465479715,3,3,0.002662130490948578
4,22902.06391642361,3.0,3.0,0.01,5.236612921066808e-09,1.0,0.04406130100005612,12.0,0.023436703867005804,0.006961697256582225,3.1370313536172034e-05,3.1370313536172034e-05,5.653340886066246e-05,0.00033625409695842357,2.7237891732473585e-08,0.002660313813235284,0.0014395804411980859,500,59.761699465479715,3,3,0.002662130490948578
5,22902.06391642361,3.0,3.0,0.01,2.787124797620777e-08,1.0,0.03785421099996711,13.0,0.020101041268571818,0.0066053180835225,0.00010941427831312467,0.00010941427831312467,0.00019549052606842506,0.0006252847768312052,9.945070243324578e-08,0.0026534022142967093,0.0015211169529093533,500,59.761699465479715,3,3,0.002662130490948578
6,22902.06391642361,3.0,3.0,0.01,7.52415929561323e-09,1.0,0.04954524999993737,15.0,0.020459935324920853,0.00657455588753445,7.418346831400413e-05,7.418346831400413e-05,0.00012024298563921473,0.0004903936900883101,6.915815139479452e-08,0.0026638390050052196,0.0012798786249811345,500,59.761699465479715,3,3,0.002662130490948578
7,22902.06391642361,3.0,3.0,0.01,1.3034906487519038e-10,1.0,0.060996421000254486,15.0,0.025741583899852927,0.006892214886679418,0.00013949455069450778,0.00013949455069450778,0.00025157947003634674,0.0007093369721597017,1.2766840773613605e-07,0.0026830858537536923,0.0021046489088065346,500,59.761699465479715,3,3,0.002662130490948578
8,22902.06391642361,3.0,3.0,0.01,7.899036980063556e-11,1.0,0.054318070000135776,14.0,0.01908069039864535,0.00645238140769071,0.00014871251687509357,0.00014871251687509357,0.0002659065224124077,0.0007292551301326686,1.2561340220396668e-07,0.002660978256432709,0.0026946377630474487,500,59.761699465479715,3,3,0.002662130490948578
9,22902.06391642361,3.0,3.0,0.01,2.170086332853316e-11,1.0,0.045342580999886195,15.0,0.026534478014750285,0.00704513969117288,6.330497990347794e-05,6.330497990347794e-05,0.00011461944520167149,0.0004787889831683087,6.08704464832796e-08,0.0026422156001615774,0.0010717584854480695,500,59.761699465479715,3,3,0.002662130490948578
10,22902.06391642361,3.0,3.0,0.01,3.038802542931762e-10,1.0,0.03920066799992128,11.0,0.02821046502628377,0.006968744530422116,3.9086947708710795e-05,3.9086947708710795e-05,7.247011987260434e-05,0.0003807101781476412,3.820041554701128e-08,0.0026638134501729815,0.0008677024199369827,500,59.761699465479715,3,3,0.002662130490948578
11,22902.06391642361,3.0,3.0,0.01,1.1523668685953226e-09,1.0,0.04602837299989915,14.0,0.022599052114891216,0.006742754550258382,0.00019244489408265508,0.00019244489408265508,0.000365063247907851,0.0008544743974021117,1.885307254382928e-07,0.00268755194938055,0.001928333074783321,500,59.761699465479715,3,3,0.002662130490948578
12,22902.06391642361,3.0,3.0,0.01,1.2749733491190796e-08,1.0,0.04707427900007133,13.0,0.018695919718946352,0.006294884838593018,3.863889264721365e-05,3.863889264721365e-05,5.922010998681823e-05,0.0003441514491813691,3.215871420925963e-08,0.002671767210353217,0.0014591421694815255,500,59.761699465479715,3,3,0.002662130490948578
13,22902.06391642361,3.0,3.0,0.01,1.30449406832156e-09,1.0,0.03371725900024103,12.0,0.021989843693193123,0.00668160169929516,2.3068288101057988e-05,2.3068288101057988e-05,4.539238353105113e-05,0.00030130510626622686,2.2502193343479692e-08,0.0026512831332142586,0.0006289187136494141,500,59.761699465479715,3,3,0.002662130490948578
14,22902.06391642361,3.0,3.0,0.01,1.0743884226727118e-08,1.0,0.04257724599983703,12.0,0.021386014196978165,0.006731449084532211,5.8753514849740895e-05,5.8753514849740895e-05,9.852868849024205e-05,0.00044391145173388366,5.544292761100233e-08,0.002665563714817471,0.00121053973932834,500,59.761699465479715,3,3,0.002662130490948578
15,22902.06391642361,3.0,3.0,0.01,3.633829237514874e-09,1.0,0.05026026899986391,14.0,0.020425825724247337,0.0069124261837858955,3.497445277389488e-05,3.497445277389488e-05,6.629090104261765e-05,0.00036411784093234883,3.4559491614665585e-08,0.0026714525069868795,0.0006511313697569793,500,59.761699465479715,3,3,0.002662130490948578
16,22902.06391642361,3.0,3.0,0.01,3.29714033853179e-12,1.0,0.03703029999996943,14.0,0.022115868407077133,0.007020470137542505,5.0491080173742375e-05,5.0491080173742375e-05,8.927521751414006e-05,0.00042255228673890777,4.7082862851109096e-08,0.0026539433784606306,0.001044060692610468,500,59.761699465479715,3,3,0.002662130490948578
17,22902.06391642361,3.0,3.0,0.01,2.938370924354672e-08,1.0,0.060411389999899257,15.0,0.02350704604251086,0.0070883829783836335,0.00018419820116832852,0.00018419820116832852,0.0003594034859987998,0.0008478248474759392,1.8141375233506658e-07,0.0026308093910045348,0.0015161845225667204,500,59.761699465479715,3,3,0.002662130490948578
18,22902.06391642361,3.0,3.0,0.01,2.2000438804070654e-08,1.0,0.020175431000097888,9.0,0.018664659181587107,0.006509789292078251,1.7421674101569806e-05,1.7421674101569806e-05,3.443421771012896e-05,0.0002624279623444459,1.7368577741349585e-08,0.0026580390334691685,0.0005929633022052027,500,59.761699465479715,3,3,0.002662130490948578
19,22902.06391642361,3.0,3.0,0.01,2.6834090505190034e-12,1.0,0.04433133799989264,13.0,0.019892213285420013,0.006410616211553885,5.339911535884312e-05,5.339911535884312e-05,8.69129657700921e-05,0.0004169243714874248,4.46349397801306e-08,0.0026537972669104736,0.0013854725346322191,500,59.761699465479715,3,3,0.002662130490948578
20,22902.06391642361,3.0,3.0,0.01,3.920330726714383e-09,1.0,0.06879794400015271,16.0,0.01996758306495905,0.006318562472581655,0.00014986195151323045,0.00014986195151323045,0.0002231309208201921,0.000668028323980641,1.273768680654497e-07,0.0026757483635512836,0.002414121129762386,500,59.761699465479715,3,3,0.002662130490948578
21,22902.06391642361,3.0,3.0,0.01,6.863487556074688e-11,1.0,0.05418433999989247,15.0,0.019859485201460858,0.006553847384908938,5.107135552862019e-05,5.107135552862019e-05,8.71136205072879e-05,0.000417405367735701,4.519483989401776e-08,0.002652507872317309,0.0012709913371609404,500,59.761699465479715,3,3,0.002662130490948578
22,22902.06391642361,3.0,3.0,0.01,7.8325612662411e-10,1.0,0.060740156000065326,16.0,0.022261229208433653,0.007312272637953727,0.00022854502753943962,0.00022854502753943962,0.00044056466401790956,0.0009386848928345545,2.2592541456242678e-07,0.002683308500031272,0.002097263655370277,500,59.761699465479715,3,3,0.002662130490948578
23,22902.06391642361,3.0,3.0,0.01,2.147517719208736e-09,1.0,0.05951572000026317,14.0,0.02376993549014661,0.006658764110549261,6.971330481064797e-05,6.971330481064797e-05,0.00012010880680114955,0.0004901199991862188,5.769363793205361e-08,0.002661338981832567,0.0019876667564044655,500,59.761699465479715,3,3,0.002662130490948578
24,22902.06391642361,3.0,3.0,0.01,1.664577387039401e-08,1.0,0.050834824000048684,13.0,0.02319615644082562,0.006422954982332425,2.7200154136153287e-05,2.7200154136153287e-05,3.910551259764202e-05,0.0002796623413963418,2.2940023971535104e-08,0.0026600309592741617,0.0010865514766533167,500,59.761699465479715,3,3,0.002662130490948578
25,22902.06391642361,3.0,3.0,0.01,5.613377984658996e-09,1.0,0.05898690499975601,15.0,0.02124417378542054,0.0066181680620870315,0.00020236804061823932,0.00020236804061823932,0.0003628292213886774,0.0008518558814596251,1.8905550990290953e-07,0.0026267099655805266,0.0023548061435297754,500,59.761699465479715,3,3,0.002662130490948578
26,22902.06391642361,3.0,3.0,0.01,7.3310222337141795e-09,1.0,0.040076348999946276,12.0,0.019450570996853433,0.006637407808078713,3.854662395497144e-05,3.854662395497144e-05,7.221226940683731e-05,0.00038003228654112355,3.6692108049483536e-08,0.002662082542180636,0.0007034711072172661,500,59.761699465479715,3,3,0.002662130490948578
27,22902.06391642361,3.0,3.0,0.01,1.26286581192403e-09,1.0,0.046696370000063325,13.0,0.020194424396045907,0.006872098233221225,5.7703428183231154e-05,5.7703428183231154e-05,0.00011127631434263417,0.0004717548395992015,5.3283417100201634e-08,0.0026526867882601564,0.0011662755187678406,500,59.761699465479715,3,3,0.002662130490948578
28,22902.06391642361,3.0,3.0,0.01,1.9787327332210225e-10,1.0,0.03149819700001899,12.0,0.022409151121413062,0.006598030602756448,3.770176613215881e-05,3.770176613215881e-05,6.91128321439083e-05,0.0003717871222727014,3.739571832854625e-08,0.0026564365243057944,0.0007679222695346672,500,59.761699465479715,3,3,0.002662130490948578
29,22902.06391642361,3.0,3.0,0.01,1.8198754503373493e-08,1.0,0.04466355900012786,13.0,0.02231110844293327,0.006133136592909816,0.00010475066005710687,0.00010475066005710687,0.00018948503188797079,0.0006156054448881536,1.0011509587763252e-07,0.0026761421460208385,0.0012373490681445904,500,59.761699465479715,3,3,0.002662130490948578
0,96097.89046311047,3.0,3.0,0.01,1.1805751043425516e-08,1.0,0.03288185999986126,10.0,0.011856039575344868,0.0032333546113915987,2.0510992044364684e-05,2.0510992044364684e-05,3.902475233312122e-05,0.0002793734143869857,1.9198690483554585e-08,0.00266984012898178,0.0005469948133392279,500,59.761699465479715,3,3,0.002662130490948578
1,96097.89046311047,3.0,3.0,0.01,1.1162692992172651e-10,1.0,0.019248435000008612,10.0,0.011033679370832772,0.0032170550924731345,6.655284096268588e-06,6.655284096268588e-06,1.2441531100610944e-05,0.00015774365978137405,6.5092570568237105e-09,0.0026671090543695358,0.0002660592097295923,500,59.761699465479715,3,3,0.002662130490948578
2,96097.89046311047,3.0,3.0,0.01,2.6051281132311033e-09,1.0,0.019165119000035702,9.0,0.010145140114946605,0.003099445945346861,3.899881221514079e-06,3.899881221514079e-06,6.796273973864101e-06,0.00011658708310841387,3.747416773855223e-09,0.0026652568793651956,0.00023646297680354514,500,59.761699465479715,3,3,0.002662130490948578
3,96097.89046311047,3.0,3.0,0.01,2.628781636815347e-09,1.0,0.030750791000173194,9.0,0.010056724544628581,0.0030683382542793197,7.784595027260366e-06,7.784595027260366e-06,1.5037020642487043e-05,0.00017341868781931805,7.499893338157312e-09,0.0026661887482574576,0.00040189695823795773,500,59.761699465479715,3,3,0.002662130490948578
4,96097.89046311047,3.0,3.0,0.01,1.6969714522474533e-08,1.0,0.03294697000001179,12.0,0.009794580020743071,0.003248380203078309,2.6927523094855133e-05,2.6927523094855133e-05,5.163821985397023e-05,0.00032136651927035036,2.7063541106269878e-08,0.0026486847754770594,0.0004209057537297784,500,59.761699465479715,3,3,0.002662130490948578
5,96097.89046311047,3.0,3.0,0.01,4.8614445802286355e-11,1.0,0.03276869099977375,12.0,0.009880891741810727,0.003232214512546687,1.4013524378242437e-05,1.4013524378242437e-05,2.5099749438695972e-05,0.0002240524467114607,1.2966883776207595e-08,0.0026648507341725585,0.0004989239068442679,500,59.761699465479715,3,3,0.002662130490948578
6,96097.89046311047,3.0,3.0,0.01,5.479829923160651e-10,1.0,0.026011663999724988,10.0,0.009800290592595462,0.0032767865308795095,1.5166824823609204e-05,1.5166824823609204e-05,2.9299858898482032e-05,0.0002420737858525042,1.4799759332393033e-08,0.002656617287037368,0.0004846516084961443,500,59.761699465479715,3,3,0.002662130490948578
7,96097.89046311047,3.0,3.0,0.01,4.6325898672705534e-09,1.0,0.02086243599978843,11.0,0.009258239370526722,0.003077754754344604,7.695366093685152e-06,7.695366093685152e-06,1.417582896831702e-05,0.00016837950569066902,7.451363172702186e-09,0.0026554713807692256,0.0002868674739013901,500,59.761699465479715,3,3,0.002662130490948578
8,96097.89046311047,3.0,3.0,0.01,8.190725875323324e-10,1.0,0.03246563400011837,11.0,0.010590714610412943,0.003356945934761411,2.0877117776763043e-05,2.0877117776763043e-05,3.536282484757492e-05,0.00026594294443573765,1.7219535420504814e-08,0.0026711018649219135,0.0011473869981040894,500,59.761699465479715,3,3,0.002662130490948578
9,96097.89046311047,3.0,3.0,0.01,1.3119344943746114e-08,1.0,0.031717197000261876,12.0,0.01075673325310711,0.0031728708313622533,4.534446907200618e-05,4.534446907200618e-05,8.578466621231033e-05,0.000414209285777879,4.328156260442506e-08,0.0026782103960260803,0.000871254048641946,500,59.761699465479715,3,3,0.002662130490948578
10,96097.89046311047,3.0,3.0,0.01,1.6717204953664577e-08,1.0,0.04461130099980437,14.0,0.008697742534717445,0.0030939840677849675,6.251489662645326e-05,6.251489662645326e-05,0.00010856628803927599,0.0004659748663592833,5.614451463984449e-08,0.002671132361035341,0.0011280555289035566,500,59.761699465479715,3,3,0.002662130490948578
11,96097.89046311047,3.0,3.0,0.01,1.581443376252878e-08,1.0,0.024824534000117637,12.0,0.010688769438974122,0.003160163908773158,1.387801967211999e-05,1.387801967211999e-05,2.5885925959204762e-05,0.00022753428734678544,1.2890423707251584e-08,0.0026667127177988784,0.0005287198762855391,500,59.761699465479715,3,3,0.002662130490948578
12,96097.89046311047,3.0,3.0,0.01,1.2997336540365723e-10,1.0,0.03327809899997192,12.0,0.01067488755824364,0.0032604151388766654,1.8012175814874354e-05,1.8012175814874354e-05,3.1416829036849484e-05,0.00025066642789511916,1.6391464688972506e-08,0.002671757431324301,0.0008265582736866846,500,59.761699465479715,3,3,0.002662130490948578
13,96097.89046311047,3.0,3.0,0.01,1.0581061138381642e-08,1.0,0.03224824699987039,11.0,0.0108893688200552,0.0033587156594562725,1.382339382871578e-05,1.382339382871578e-05,2.363534055036397e-05,0.00021741821703971344,1.3221227918911676e-08,0.002666509136865495,0.0004961183385066397,500,59.761699465479715,3,3,0.002662130490948578
14,96097.89046311047,3.0,3.0,0.01,8.682088381561925e-10,1.0,0.03795033699998385,12.0,0.009037224347944628,0.003194159171280059,3.586139200706384e-05,3.586139200706384e-05,6.969273326649179e-05,0.00037334363063133084,3.602708327357652e-08,0.002674369756168948,0.0007149768876980829,500,59.761699465479715,3,3,0.002662130490948578
15,96097.89046311047,3.0,3.0,0.01,3.87000231860668e-09,1.0,0.040169508999952086,12.0,0.008799864708353589,0.0030511726320098928,2.5220144607374095e-05,2.5220144607374095e-05,4.5069066055687055e-05,0.0003002301319177909,2.4724639936527886e-08,0.0026701706983831264,0.000517541893747138,500,59.761699465479715,3,3,0.002662130490948578
16,96097.89046311047,3.0,3.0,0.01,8.280842678232148e-10,1.0,0.027974809999932404,11.0,0.01081870851780764,0.0032081181674243897,1.161739055532962e-05,1.161739055532962e-05,1.853606515722314e-05,0.00019254124315181483,1.0594670766151717e-08,0.0026671473431593264,0.0006305159617899491,500,59.761699465479715,3,3,0.002662130490948578
17,96097.89046311047,3.0,3.0,0.01,1.1538281441403342e-09,1.0,0.03117263599983744,11.0,0.013732262084741986,0.0031696106660508935,1.0363658702772227e-05,1.0363658702772227e-05,1.8090884569365318e-05,0.00019021506023112532,9.807015930631075e-09,0.002659773510416969,0.0004459939721470468,500,59.761699465479715,3,3,0.002662130490948578
18,96097.89046311047,3.0,3.0,0.01,2.231241857941768e-10,1.0,0.03174110299983113,12.0,0.012650105470688122,0.0034338148370537426,4.2574003146000905e-05,4.2574003146000905e-05,8.098397152488068e-05,0.00040245241091309335,4.137008785280624e-08,0.002665283338490183,0.0011415564885599399,500,59.761699465479715,3,3,0.002662130490948578
19,96097.89046311047,3.0,3.0,0.01,2.5078163989888935e-09,1.0,0.0265542799998002,10.0,0.009118679399538587,0.003227840963092082,1.1359924883436179e-05,1.1359924883436179e-05,1.944096151505884e-05,0.00019718499697014903,1.00252288952579e-08,0.0026685681405606383,0.0007843200514703055,500,59.761699465479715,3,3,0.002662130490948578
20,96097.89046311047,3.0,3.0,0.01,1.744160371686121e-11,1.0,0.03711064100002659,13.0,0.009190723319304706,0.0032500425003412757,2.1588604113276233e-05,2.1588604113276233e-05,4.099402750015097e-05,0.0002863355636317325,2.1446787768439018e-08,0.002664847081648259,0.0005400822132870647,500,59.761699465479715,3,3,0.002662130490948578
21,96097.89046311047,3.0,3.0,0.01,1.352837175616628e-09,1.0,0.022510338999609303,9.0,0.010722681217244734,0.003160772945257595,1.0659762438081088e-05,1.0659762438081088e-05,2.0162883235771065e-05,0.00020081276471265995,1.0185874672683043e-08,0.0026706658002036473,0.00041307847547989655,500,59.761699465479715,3,3,0.002662130490948578
22,96097.89046311047,3.0,3.0,0.01,1.0399725525189751e-10,1.0,0.03171275099998638,11.0,0.01020063998003351,0.0032697001885827245,2.544802555348724e-05,2.544802555348724e-05,4.7291309714077455e-05,0.00030754287413002255,2.4372487026373877e-08,0.0026592383712300163,0.0008136197981595827,500,59.761699465479715,3,3,0.002662130490948578
23,96097.89046311047,3.0,3.0,0.01,8.088989478238773e-10,1.0,0.047372409999979936,13.0,0.008441396953324132,0.0032224087494527867,4.155469127908873e-05,4.155469127908873e-05,7.328579115439338e-05,0.0003828466825098355,3.998889221318336e-08,0.0026741713116031334,0.0009057701111743122,500,59.761699465479715,3,3,0.002662130490948578
24,96097.89046311047,3.0,3.0,0.01,9.565701564184792e-10,1.0,0.03295111599982192,11.0,0.010211639339224199,0.003147438672859236,2.319883265045064e-05,2.319883265045064e-05,4.2354764924580546e-05,0.00029104901623122024,2.1944506727951732e-08,0.0026555294640349097,0.00047810354337564495,500,59.761699465479715,3,3,0.002662130490948578
25,96097.89046311047,3.0,3.0,0.01,8.207434731843932e-12,1.0,0.038137818999757656,13.0,0.010191758048625266,0.003171423992455693,6.187568533277954e-05,6.187568533277954e-05,0.0001162839298996124,0.0004822529002496769,6.139445436678376e-08,0.0026542788489547263,0.0008695387546840482,500,59.761699465479715,3,3,0.002662130490948578
26,96097.89046311047,3.0,3.0,0.01,3.5052805102964157e-10,1.0,0.030679544000122405,12.0,0.01165570798918325,0.003310622244099713,2.7837676270792144e-05,2.7837676270792144e-05,5.2741182937648715e-05,0.0003247804887540159,2.6823752212994193e-08,0.0026705412221515647,0.000633415346760113,500,59.761699465479715,3,3,0.002662130490948578
27,96097.89046311047,3.0,3.0,0.01,2.4487079031132453e-11,1.0,0.04344463200004611,13.0,0.010678905077438738,0.003204429869558564,2.7952739401371218e-05,2.7952739401371218e-05,4.703315579267123e-05,0.00030670231754152504,2.7022252334743668e-08,0.002657422042657245,0.0005043278808766516,500,59.761699465479715,3,3,0.002662130490948578
28,96097.89046311047,3.0,3.0,0.01,6.859470769171594e-10,1.0,0.04286086299998715,13.0,0.011635699064830862,0.003304973757999709,2.588739812381391e-05,2.588739812381391e-05,4.464502765712388e-05,0.00029881441617540436,2.4947293708356553e-08,0.0026665657755222134,0.0007163984769613388,500,59.761699465479715,3,3,0.002662130490948578
29,96097.89046311047,3.0,3.0,0.01,2.5965918304393654e-10,1.0,0.018528621000086787,10.0,0.0097375870846097,0.003189569705777148,6.6185841660626465e-06,6.6185841660626465e-06,1.300713908041741e-05,0.00016128942358640514,6.5774274097512754e-09,0.00266010899433601,0.00035355385347164546,500,59.761699465479715,3,3,0.002662130490948578
0,403230.2322253795,3.0,3.0,0.01,4.801004038768042e-11,1.0,0.025208003000216195,11.0,0.004084601145690536,0.001564194273241631,1.1369863614163478e-05,1.1369863614163478e-05,2.1904411443909e-05,0.0002093055729975148,1.083731584575875e-08,0.0026556445379673846,0.00042641896067743666,500,59.761699465479715,3,3,0.002662130490948578
1,403230.2322253795,3.0,3.0,0.01,1.662478821273794e-08,1.0,0.02458007599989287,10.0,0.005863980563006521,0.0015904472677096416,4.257354703440797e-06,4.257354703440797e-06,7.672986726908845e-06,0.0001238788660499348,4.056267531809111e-09,0.0026637088421092962,0.00023584995417711555,500,59.761699465479715,3,3,0.002662130490948578
2,403230.2322253795,3.0,3.0,0.01,1.6041798556187814e-08,1.0,0.02493871600017883,10.0,0.005199035834153376,0.001523509388022463,1.5380021068267524e-05,1.5380021068267524e-05,2.6888279463492323e-05,0.00023189773376854,1.4437342030981433e-08,0.002661515797454281,0.00048656034764689064,500,59.761699465479715,3,3,0.002662130490948578
3,403230.2322253795,3.0,3.0,0.01,7.9114959028459e-09,1.0,0.02451813399989078,10.0,0.004892417234398483,0.0015473296276635072,7.636310556335957e-06,7.636310556335957e-06,1.4222411577273704e-05,0.0001686559312759187,7.046180247585532e-09,0.0026626381614181095,0.00048640089444382267,500,59.761699465479715,3,3,0.002662130490948578
4,403230.2322253795,3.0,3.0,0.01,5.033404804066777e-10,1.0,0.026148099000010916,11.0,0.005145657932287273,0.0015976545233083162,9.510253903499688e-06,9.510253903499688e-06,1.7396890480133893e-05,0.00018653091154086977,9.109669761167663e-09,0.0026634155664926043,0.00029289674895712175,500,59.761699465479715,3,3,0.002662130490948578
5,403230.2322253795,3.0,3.0,0.01,1.8431871584567716e-08,1.0,0.03141395900001953,11.0,0.004611147638830859,0.0015023095372989706,6.5423173509771004e-06,6.5423173509771004e-06,1.2445427969509326e-05,0.00015776836165409924,6.4253304449175524e-09,0.0026600881896520342,0.00036831851234360186,500,59.761699465479715,3,3,0.002662130490948578
6,403230.2322253795,3.0,3.0,0.01,2.462543502446124e-10,1.0,0.021269129000074827,10.0,0.0046894695372105,0.0015596095635782615,2.694919203349855e-06,2.694919203349855e-06,4.627847820317115e-06,9.620652597736928e-05,2.334230210542294e-09,0.002663436271313443,0.0003588302879098778,500,59.761699465479715,3,3,0.002662130490948578
7,403230.2322253795,3.0,3.0,0.01,6.863774659748856e-09,1.0,0.020657016999848565,10.0,0.004896014326034925,0.0015037866684353815,4.300438831705833e-06,4.300438831705833e-06,7.550665228961316e-06,0.0001228874707117151,4.207304757182513e-09,0.0026640269503126067,0.0002123000230647412,500,59.761699465479715,3,3,0.002662130490948578
8,403230.2322253795,3.0,3.0,0.01,5.163070193603403e-09,1.0,0.025253441000131716,10.0,0.005544952726501684,0.0015880868484392755,1.0916204018940334e-05,1.0916204018940334e-05,1.92371241886642e-05,0.00019614853651589757,1.0192352459620294e-08,0.0026581813592084103,0.0004971297393669719,500,59.761699465479715,3,3,0.002662130490948578
9,403230.2322253795,3.0,3.0,0.01,2.4525688147036817e-08,1.0,0.02496711900016635,10.0,0.005224564566689294,0.0015215458540604127,6.79565459904552e-06,6.79565459904552e-06,1.1848316632961941e-05,0.00015393710815110137,6.092305601613906e-09,0.0026550605698681283,0.00047180737218174433,500,59.761699465479715,3,3,0.002662130490948578
10,403230.2322253795,3.0,3.0,0.01,3.439761586676582e-09,1.0,0.020098475999930088,9.0,0.004734780516592929,0.0016285867539457607,3.979365146733471e-06,3.979365146733471e-06,7.82228632971367e-06,0.00012507826613535758,3.81886081411807e-09,0.002657514190013279,0.00029814695307045985,500,59.761699465479715,3,3,0.002662130490948578
11,403230.2322253795,3.0,3.0,0.01,4.163345002083929e-09,1.0,0.018634941000073013,8.0,0.004819026984913655,0.0016010504031317243,9.585842462911387e-06,9.585842462911387e-06,1.7950932258792125e-05,0.00018947787342479927,9.018536841438345e-09,0.002669765399656557,0.0004970866935960518,500,59.761699465479715,3,3,0.002662130490948578
12,403230.2322253795,3.0,3.0,0.01,1.2060714649209103e-09,1.0,0.018986320000294654,10.0,0.003863026913554224,0.0014433734203513748,5.579490789386909e-07,5.579490789386909e-07,1.0293094000901275e-06,4.5372004586311317e-05,5.384971612768665e-10,0.002663906627524192,7.876736483118951e-05,500,59.761699465479715,3,3,0.002662130490948578
13,403230.2322253795,3.0,3.0,0.01,3.1341402806361884e-09,1.0,0.020233808999819303,10.0,0.005364808772389318,0.0015453606070825125,1.980415390789858e-06,1.980415390789858e-06,3.445868489510688e-06,8.301648618811432e-05,1.8675667104802772e-09,0.0026589324735638064,0.00019582190368666954,500,59.761699465479715,3,3,0.002662130490948578
14,403230.2322253795,3.0,3.0,0.01,1.3018119915386706e-10,1.0,0.018685988000243015,10.0,0.006296381585593536,0.0015441141078738198,5.797866378998151e-06,5.797866378998151e-06,1.1063946616657257e-05,0.0001487544729859056,5.772628968127158e-09,0.002663623315662867,0.00032736448892249154,500,59.761699465479715,3,3,0.002662130490948578
15,403230.2322253795,3.0,3.0,0.01,3.1881142170675503e-10,1.0,0.01956491099986124,11.0,0.004471024473888585,0.0015312847217089612,3.485029310468235e-06,3.485029310468235e-06,6.354966024819542e-06,0.00011273833442817525,3.3913047785131564e-09,0.0026573159754336084,0.00025233217644494695,500,59.761699465479715,3,3,0.002662130490948578
16,403230.2322253795,3.0,3.0,0.01,1.2289986806024444e-09,1.0,0.019355335000000196,9.0,0.004622002561456062,0.0015375408501807058,4.275196033631801e-06,4.275196033631801e-06,7.990727757805834e-06,0.00012641778164329442,4.159786127883928e-09,0.0026628480389613253,0.0002543978582753749,500,59.761699465479715,3,3,0.002662130490948578
17,403230.2322253795,3.0,3.0,0.01,1.0044609588533149e-10,1.0,0.03370517200005452,12.0,0.005213187209435199,0.0015670907506162696,6.237667321329354e-06,6.237667321329354e-06,1.0805714375317689e-05,0.00014700826082446992,5.900293592750906e-09,0.0026594294123852315,0.0003581500037877005,500,59.761699465479715,3,3,0.002662130490948578
18,403230.2322253795,3.0,3.0,0.01,2.0395043431875592e-09,1.0,0.019129694999946878,10.0,0.004498823592367085,0.0014733538892979746,5.815481245008414e-06,5.815481245008414e-06,1.1477385122416236e-05,0.0001515083174113965,5.732540261151371e-09,0.0026650208911330646,0.00028868405487300625,500,59.761699465479715,3,3,0.002662130490948578
19,403230.2322253795,3.0,3.0,0.01,5.595557350801528e-10,1.0,0.019436527999914688,10.0,0.004629548801731942,0.001568847914520505,3.2846044177858857e-06,3.2846044177858857e-06,6.336599820192062e-06,0.00011257530653026944,3.033604914516727e-09,0.00266517240285588,0.0002903610493916397,500,59.761699465479715,3,3,0.002662130490948578
20,403230.2322253795,3.0,3.0,0.01,4.781552931376609e-11,1.0,0.036088631999973586,11.0,0.004485378217438329,0.0015446427668079975,8.080857924142038e-06,8.080857924142038e-06,1.2170618540743212e-05,0.00015601678461462545,6.867219928127627e-09,0.002660853107215195,0.0005387767996828544,500,59.761699465479715,3,3,0.002662130490948578
21,403230.2322253795,3.0,3.0,0.01,6.710381583729941e-09,1.0,0.021493997999868952,10.0,0.005012091962366294,0.0015970921186573516,5.597804374701809e-06,5.597804374701809e-06,1.0901145974275046e-05,0.00014765599191549964,5.5092458451130315e-09,0.0026651226148000856,0.00031166450688901515,500,59.761699465479715,3,3,0.002662130490948578
22,403230.2322253795,3.0,3.0,0.01,1.5251733209709073e-10,1.0,0.029081154999857972,12.0,0.0054652551700038465,0.0015403465918260384,4.4487403556559e-06,4.4487403556559e-06,8.461248954643365e-06,0.0001300865016413568,4.482486663375088e-09,0.002667431686187376,0.00017331027993130002,500,59.761699465479715,3,3,0.002662130490948578
23,403230.2322253795,3.0,3.0,0.01,5.618439047339052e-11,1.0,0.020361151000088284,10.0,0.004219446974113139,0.001562810733805515,2.9362861369008897e-06,2.9362861369008897e-06,4.6731733518177205e-06,9.667650543764727e-05,2.7298093209975918e-09,0.0026626537694137867,0.00024262225255059207,500,59.761699465479715,3,3,0.002662130490948578
24,403230.2322253795,3.0,3.0,0.01,4.9409578650738695e-09,1.0,0.026930066999966584,10.0,0.0048425689689802764,0.00156907866681539,1.5866747162363026e-05,1.5866747162363026e-05,3.0499367934191433e-05,0.0002469792215316561,1.58069756632388e-08,0.002668807775437483,0.0004498677213489619,500,59.761699465479715,3,3,0.002662130490948578
25,403230.2322253795,3.0,3.0,0.01,1.6801245061870418e-08,1.0,0.029563552999888998,10.0,0.0053798751481966,0.001584048288199082,1.021992284222506e-05,1.021992284222506e-05,1.844592582290087e-05,0.00019207251663317618,9.244952658885872e-09,0.0026664097113630793,0.000560011369192017,500,59.761699465479715,3,3,0.002662130490948578
26,403230.2322253795,3.0,3.0,0.01,6.250666650942094e-11,1.0,0.0273744149999402,12.0,0.004709570164801669,0.001522117976958958,4.453160272532841e-06,4.453160272532841e-06,7.813580161783352e-06,0.0001250086409955996,3.966525372548094e-09,0.0026610178757781834,0.0003298164158761916,500,59.761699465479715,3,3,0.002662130490948578
27,403230.2322253795,3.0,3.0,0.01,1.020949325081233e-09,1.0,0.029852950000076817,11.0,0.004906350495077594,0.0015972519862864861,7.5849857239518315e-06,7.5849857239518315e-06,1.3354319478292211e-05,0.00016342777902359323,7.077267772865259e-09,0.0026590112935409764,0.0003669008496671539,500,59.761699465479715,3,3,0.002662130490948578
28,403230.2322253795,3.0,3.0,0.01,1.7099185845026454e-08,1.0,0.038194058000044606,12.0,0.004459575891125334,0.0015318024038515727,8.268317742476938e-06,8.268317742476938e-06,1.478871908145322e-05,0.00017198092383432077,7.862098714909561e-09,0.002660828261305574,0.00041986225872491537,500,59.761699465479715,3,3,0.002662130490948578
29,403230.2322253795,3.0,3.0,0.01,6.852829415038286e-11,1.0,0.021415969999907247,10.0,0.005718352890497491,0.0016613123047092165,5.632425427393173e-06,5.632425427393173e-06,1.0546268201567506e-05,0.00014523269743117428,5.108779872065843e-09,0.002657572807788444,0.0004946936639093415,500,59.761699465479715,3,3,0.002662130490948578
0,1691968.672745729,3.0,3.0,0.01,1.989896913912048e-09,1.0,0.02541362199985997,9.0,0.002682670768088702,0.0007888697409639182,2.296008915436687e-06,2.296008915436687e-06,4.112069181419368e-06,9.06870352522274e-05,2.088309632509076e-09,0.002659994932242511,0.00020804250581852855,500,59.761699465479715,3,3,0.002662130490948578
1,1691968.672745729,3.0,3.0,0.01,8.39522007467508e-10,1.0,0.040699217000110366,10.0,0.00289975457217162,0.0007746710372567924,1.3839508028468117e-06,1.3839508028468117e-06,2.5234030974834343e-06,7.10408769298836e-05,1.359551028651178e-09,0.0026598781794980753,9.020477564715481e-05,500,59.761699465479715,3,3,0.002662130490948578
2,1691968.672745729,3.0,3.0,0.01,1.0341748790665406e-08,1.0,0.027630872000145246,10.0,0.002209487979258684,0.0007762901490661026,9.036871233547572e-07,9.036871233547572e-07,1.6082957264588787e-06,5.671500200932517e-05,8.25663850825373e-10,0.00266144848285752,0.0001013332020347846,500,59.761699465479715,3,3,0.002662130490948578
3,1691968.672745729,3.0,3.0,0.01,1.9869437206665452e-09,1.0,0.024331131000053574,9.0,0.0024761761428025997,0.0007788082203599563,8.446047559118597e-07,8.446047559118597e-07,1.6057096022265623e-06,5.666938507212801e-05,7.850605372197351e-10,0.0026613515350892287,0.00013391063246267977,500,59.761699465479715,3,3,0.002662130490948578
4,1691968.672745729,3.0,3.0,0.01,2.9173552462680163e-11,1.0,0.02246077399991009,9.0,0.0021444659817322353,0.0007295970232153501,1.7595000372239156e-06,1.7595000372239156e-06,3.473194234847498e-06,8.33449966686363e-05,1.7591456463199271e-09,0.0026618237291690266,0.00017956546088880636,500,59.761699465479715,3,3,0.002662130490948578
5,1691968.672745729,3.0,3.0,0.01,2.516720742917755e-08,1.0,0.027445032000059655,10.0,0.002357875269009435,0.0007359932448676717,1.9783965399255976e-07,1.9783965399255976e-07,3.5995365669072855e-07,2.683108856124658e-05,1.9414297788396544e-10,0.0026610579250118775,4.098963700839563e-05,500,59.761699465479715,3,3,0.002662130490948578
6,1691968.672745729,3.0,3.0,0.01,1.9308132870321515e-10,1.0,0.03136033999999199,10.0,0.002489227930310478,0.0008090623590989775,1.6583935575908981e-06,1.6583935575908981e-06,3.053477129945558e-06,7.81470041645303e-05,1.5731083459219874e-09,0.0026639599517519277,0.00018223226481875194,500,59.761699465479715,3,3,0.002662130490948578
7,1691968.672745729,3.0,3.0,0.01,4.994956004367168e-09,1.0,0.04751942099983353,12.0,0.0024123492648511213,0.0007887782056386915,4.729955435323063e-06,4.729955435323063e-06,8.920126582791493e-06,0.00013356741056703533,4.6514621280783215e-09,0.0026601388140336897,0.00028586637389174956,500,59.761699465479715,3,3,0.002662130490948578
8,1691968.672745729,3.0,3.0,0.01,3.5529845732185095e-10,1.0,0.024730046000058792,9.0,0.0026581723445886496,0.0007611902369656436,6.316490726021584e-07,6.316490726021584e-07,1.0962592333919495e-06,4.682433626634657e-05,5.222768969595687e-10,0.0026629738892249765,0.00015715901801420352,500,59.761699465479715,3,3,0.002662130490948578
9,1691968.672745729,3.0,3.0,0.01,9.504952380723353e-11,1.0,0.01971156400009022,10.0,0.0021251721977191274,0.0007535696578535194,1.0428877885715337e-06,1.0428877885715337e-06,1.8665882381253886e-06,6.109972566428411e-05,1.0330830037464723e-09,0.0026627041234816833,0.00010791271566163728,500,59.761699465479715,3,3,0.002662130490948578
10,1691968.672745729,3.0,3.0,0.01,3.8724654594091135e-09,1.0,0.027074292999941463,11.0,0.0026876875540116085,0.0007546247830178971,3.1998640679375967e-06,3.1998640679375967e-06,5.740892102852166e-06,0.00010715308770961447,3.191366344364581e-09,0.0026600423075329536,0.00017372390630800394,500,59.761699465479715,3,3,0.002662130490948578
11,1691968.672745729,3.0,3.0,0.01,5.80018255647019e-11,1.0,0.020035671999949045,10.0,0.002347268564126148,0.00077335834628853,1.5984744550223695e-06,1.5984744550223695e-06,2.6632999311364607e-06,7.298355884905121e-05,1.5055736165233725e-09,0.002662855285888132,0.0001909312220270509,500,59.761699465479715,3,3,0.002662130490948578
12,1691968.672745729,3.0,3.0,0.01,2.7149238635004735e-08,1.0,0.021206302999871696,10.0,0.002132988645691114,0.000802164560150088,1.3265369034343166e-06,1.3265369034343166e-06,2.2669297571170334e-06,6.73339402844811e-05,1.158116496943859e-09,0.0026606808693612196,0.00017090218310081374,500,59.761699465479715,3,3,0.002662130490948578
13,1691968.672745729,3.0,3.0,0.01,8.564862818971619e-09,1.0,0.019550115000129153,9.0,0.002589975488051288,0.000784902544650622,1.6280364434351213e-06,1.6280364434351213e-06,3.2328873830829017e-06,8.041004145108871e-05,1.6073619287774817e-09,0.002665881292351155,0.0001289642361653226,500,59.761699465479715,3,3,0.002662130490948578
14,1691968.672745729,3.0,3.0,0.01,1.145799011226245e-10,1.0,0.019001043000116624,9.0,0.0030092587366306045,0.000749404627577458,3.0984390377852833e-06,3.0984390377852833e-06,5.995706741987566e-06,0.00010950531258334059,2.9068483541941995e-09,0.002658336897021632,0.0002404435949102936,500,59.761699465479715,3,3,0.002662130490948578
15,1691968.672745729,3.0,3.0,0.01,1.1183139081438753e-08,1.0,0.021808441000075618,10.0,0.002467934366742197,0.0007749440260820986,2.0043835320393555e-06,2.0043835320393555e-06,3.470929975053686e-06,8.331782492424639e-05,1.892405556734309e-09,0.0026600102520421428,0.00018676019346904735,500,59.761699465479715,3,3,0.002662130490948578
16,1691968.672745729,3.0,3.0,0.01,1.330504595387083e-09,1.0,0.02062888299997212,9.0,0.002153176227701392,0.0007911579644963127,1.2106440863135504e-06,1.2106440863135504e-06,2.3974110594391973e-06,6.92446540815852e-05,1.1905947143160339e-09,0.002659915354045769,0.00011651895016975528,500,59.761699465479715,3,3,0.002662130490948578
17,1691968.672745729,3.0,3.0,0.01,2.4837338852279345e-09,1.0,0.020584058000167715,9.0,0.0024837811339556426,0.000771998021955997,3.1282229429052677e-07,3.1282229429052677e-07,5.96226860483421e-07,3.453192321558187e-05,2.8716438974055747e-10,0.002661570365823127,8.539811249167828e-05,500,59.761699465479715,3,3,0.002662130490948578
18,1691968.672745729,3.0,3.0,0.01,2.2118413767202583e-09,1.0,0.019189846999779547,9.0,0.0023837438273718314,0.0007629758636778312,3.6202932278683875e-06,3.6202932278683875e-06,6.943927083921338e-06,0.00011784674016638167,3.3769092802763807e-09,0.002666736417193585,0.0002923749931277631,500,59.761699465479715,3,3,0.002662130490948578
19,1691968.672745729,3.0,3.0,0.01,3.032847084583068e-09,1.0,0.019782750000103988,10.0,0.0028068525255079413,0.0007636012614136718,4.953228653903352e-07,4.953228653903352e-07,8.682629238213061e-07,4.167164320785314e-05,4.3886001626955033e-10,0.002661821635580093,0.00010039386485678002,500,59.761699465479715,3,3,0.002662130490948578
20,1691968.672745729,3.0,3.0,0.01,4.514278950651374e-09,1.0,0.01924492799980726,8.0,0.002405262290970711,0.0007536665935801358,7.20218167771236e-07,7.20218167771236e-07,1.3486495843922211e-06,5.193552896413439e-05,7.03001804436779e-10,0.002662344935379581,8.241618870862245e-05,500,59.761699465479715,3,3,0.002662130490948578
21,1691968.672745729,3.0,3.0,0.01,4.702225275821093e-10,1.0,0.019769360000054803,10.0,0.0020928500258681204,0.0007330386343225759,5.924568995396839e-07,5.924568995396839e-07,1.064686959610031e-06,4.614513971395105e-05,5.940040381653498e-10,0.0026634954279322887,5.722992126056809e-05,500,59.761699465479715,3,3,0.002662130490948578
22,1691968.672745729,3.0,3.0,0.01,2.843751234493652e-09,1.0,0.02120238900010918,10.0,0.002662198628803125,0.0007686665473555731,7.268474746524589e-07,7.268474746524589e-07,1.279540641212203e-06,5.058736287280062e-05,7.098483256563931e-10,0.0026621921216480274,9.050768804064168e-05,500,59.761699465479715,3,3,0.002662130490948578
23,1691968.672745729,3.0,3.0,0.01,7.00313140811204e-10,1.0,0.018197612999983903,9.0,0.00258677346267866,0.0007617338832213988,3.19716491503641e-07,3.19716491503641e-07,5.703634130345552e-07,3.377464768238316e-05,2.9894562070412624e-10,0.0026626176512121727,9.136882140183325e-05,500,59.761699465479715,3,3,0.002662130490948578
24,1691968.672745729,3.0,3.0,0.01,1.0409483497397787e-08,1.0,0.01891462200001115,8.0,0.00280884603288567,0.0007799241525198364,1.4633499176852638e-06,1.4633499176852638e-06,2.84893751174649e-06,7.548427004014134e-05,1.4312449172930425e-09,0.002660033930288854,0.00014713997526897944,500,59.761699465479715,3,3,0.002662130490948578
25,1691968.672745729,3.0,3.0,0.01,4.3586023679154096e-11,1.0,0.019783940000024813,10.0,0.002410951494844271,0.0007417415037485415,2.723818624872365e-06,2.723818624872365e-06,5.210931869063179e-06,0.00010208752978756199,2.6711198989339153e-09,0.0026625159822878924,0.0002172798806716022,500,59.761699465479715,3,3,0.002662130490948578
26,1691968.672745729,3.0,3.0,0.01,9.356795338533175e-10,1.0,0.0258992029998808,9.0,0.0023839932342588632,0.0007804854795600961,3.5148491406289395e-07,3.5148491406289395e-07,6.850206515726909e-07,3.701406898930975e-05,3.382310768949739e-10,0.0026610804740919286,8.010575662403099e-05,500,59.761699465479715,3,3,0.002662130490948578
27,1691968.672745729,3.0,3.0,0.01,1.0030956065776309e-09,1.0,0.019936851000238676,9.0,0.002366610963831395,0.0007782257537194604,2.3451295874110656e-06,2.3451295874110656e-06,4.563512377651882e-06,9.553546333850988e-05,2.2330354331881597e-09,0.002660488476004815,0.0002853607114145385,500,59.761699465479715,3,3,0.002662130490948578
28,1691968.672745729,3.0,3.0,0.01,2.356953521243099e-09,1.0,0.019794949000242923,9.0,0.0023367266856797464,0.0007852374564408641,8.15532757769688e-07,8.15532757769688e-07,1.4092865827195465e-06,5.309023606501569e-05,7.637786610931672e-10,0.002662064401479664,9.984559459340277e-05,500,59.761699465479715,3,3,0.002662130490948578
29,1691968.672745729,3.0,3.0,0.01,2.7348079356670496e-10,1.0,0.020623515999886877,9.0,0.0023192810478877,0.0007589014156214492,1.4698644008603878e-06,1.4698644008603878e-06,2.8936106261057376e-06,7.607378820731536e-05,1.467606891599953e-09,0.002662395396709832,0.0001620893009814006,500,59.761699465479715,3,3,0.002662130490948578
0,7099561.889875481,3.0,3.0,0.01,1.4862777675261896e-10,1.0,0.019525412000120923,10.0,0.0014248479220924093,0.0003642159998522192,2.381041213084245e-07,2.381041213084245e-07,4.1946630887038177e-07,2.8964333545599898e-05,2.3391018236268663e-10,0.002662333804984084,4.028888909557564e-05,500,59.761699465479715,3,3,0.002662130490948578
1,7099561.889875481,3.0,3.0,0.01,5.48614043083262e-10,1.0,0.021837485000105517,9.0,0.0012996615782191467,0.0003977592070338554,2.6206930670014117e-07,2.6206930670014117e-07,4.753341584476018e-07,3.0832909640434576e-05,2.498426105801633e-10,0.00266288913148598,5.17100532126475e-05,500,59.761699465479715,3,3,0.002662130490948578
2,7099561.889875481,3.0,3.0,0.01,2.887071604007474e-08,1.0,0.019709760000068854,8.0,0.0012341713262683518,0.000373537183834449,2.2160133994475473e-07,2.2160133994475473e-07,3.946514300563234e-07,2.809453434589452e-05,2.0517374907245661e-10,0.002661964778922014,7.359180970070324e-05,500,59.761699465479715,3,3,0.002662130490948578
3,7099561.889875481,3.0,3.0,0.01,3.1173015280216987e-09,1.0,0.020704927999986467,9.0,0.001192226767669724,0.0003857776371504989,3.1638023756386247e-07,3.1638023756386247e-07,5.872733446947284e-07,3.427166014930495e-05,3.13038919547124e-10,0.0026631074677870526,6.14940082349074e-05,500,59.761699465479715,3,3,0.002662130490948578
4,7099561.889875481,3.0,3.0,0.01,5.889132737024738e-09,1.0,0.019094833000053768,9.0,0.001117666429680142,0.00036426346117468387,2.607971509860363e-07,2.607971509860363e-07,5.189658505812828e-07,3.221694742154454e-05,2.5096756997106754e-10,0.0026633983670897015,6.168102936515876e-05,500,59.761699465479715,3,3,0.002662130490948578
5,7099561.889875481,3.0,3.0,0.01,4.4744430383047984e-11,1.0,0.01893887800019911,10.0,0.00122901563498512,0.00036734560531460306,3.098714387306245e-07,3.098714387306245e-07,5.517294413484252e-07,3.3218351595117576e-05,2.9736704183204606e-10,0.002662201746469821,9.908889662114433e-05,500,59.761699465479715,3,3,0.002662130490948578
6,7099561.889875481,3.0,3.0,0.01,1.0660228255687798e-09,1.0,0.019332270999939283,8.0,0.0010846684379461902,0.00037731039744967685,1.669793618930271e-07,1.669793618930271e-07,3.1271030692358037e-07,2.500841086209119e-05,1.6136542652743532e-10,0.002661636675273015,5.886268055152792e-05,500,59.761699465479715,3,3,0.002662130490948578
7,7099561.889875481,3.0,3.0,0.01,4.171402556707449e-09,1.0,0.01894668000022648,6.0,0.0012114139966797888,0.0003739401466314092,2.1628852664434817e-07,2.1628852664434817e-07,4.191062326899228e-07,2.8951899167064076e-05,2.1517362875007848e-10,0.0026635191042614654,5.067847080079253e-05,500,59.761699465479715,3,3,0.002662130490948578
8,7099561.889875481,3.0,3.0,0.01,1.0201572919754653e-10,1.0,0.018546196999977838,8.0,0.001095805577681075,0.00036201244041583926,2.9916895982751157e-07,2.9916895982751157e-07,5.49446228951038e-07,3.314954687325418e-05,2.8757528667025244e-10,0.0026622065583496958,6.307625491935787e-05,500,59.761699465479715,3,3,0.002662130490948578
9,7099561.889875481,3.0,3.0,0.01,2.2776280861336318e-09,1.0,0.01848727899982805,9.0,0.001227906838261239,0.00036006031634903897,3.839807050098898e-07,3.839807050098898e-07,7.256661825836824e-07,3.8096356324028744e-05,3.8472151362169807e-10,0.002663182584589455,6.421886933835704e-05,500,59.761699465479715,3,3,0.002662130490948578
10,7099561.889875481,3.0,3.0,0.01,1.3254570774279273e-09,1.0,0.019501866999917183,9.0,0.0013134535173002782,0.00037741816919186416,8.486472324875649e-08,8.486472324875649e-08,1.4740073080465743e-07,1.7169783388537983e-05,8.421442831673086e-11,0.0026624529902378306,3.136934597849672e-05,500,59.761699465479715,3,3,0.002662130490948578
11,7099561.889875481,3.0,3.0,0.01,6.149902809227115e-11,1.0,0.0194856619998518,10.0,0.0011995693240063332,0.0003802175644224511,2.61667537415633e-07,2.61667537415633e-07,4.740908200044521e-07,3.079255819201945e-05,2.497686193258812e-10,0.002663539473369947,6.503459158092598e-05,500,59.761699465479715,3,3,0.002662130490948578
12,7099561.889875481,3.0,3.0,0.01,9.287135505076094e-10,1.0,0.019836879999729717,9.0,0.001285684307628543,0.0003822847898619976,2.493479769327678e-07,2.493479769327678e-07,3.6748172301743687e-07,2.7110209258411742e-05,2.024625427554122e-10,0.002661787317347411,0.0001221665949050276,500,59.761699465479715,3,3,0.002662130490948578
13,7099561.889875481,3.0,3.0,0.01,1.0177281239975855e-10,1.0,0.01998957099999643,9.0,0.0012000918840475716,0.00037582199898968696,3.463694611127721e-07,3.463694611127721e-07,6.768884087096742e-07,3.6793706220213106e-05,3.291159960500617e-10,0.0026609533493398146,8.851151870586692e-05,500,59.761699465479715,3,3,0.002662130490948578
14,7099561.889875481,3.0,3.0,0.01,1.1338234573443629e-08,1.0,0.019730800999923304,10.0,0.0011855535939416795,0.000388479464143137,2.2589506443182472e-07,2.2589506443182472e-07,4.2759189455979663e-07,2.9243525593190594e-05,2.078461347225471e-10,0.0026619251008491752,7.111952217076222e-05,500,59.761699465479715,3,3,0.002662130490948578
15,7099561.889875481,3.0,3.0,0.01,2.8145298092141502e-08,1.0,0.018998018000047523,9.0,0.0014101366911922764,0.000366321094538372,1.4178499441186432e-07,1.4178499441186432e-07,2.6102484617377616e-07,2.2848406779194745e-05,1.396752414613313e-10,0.0026618747538865923,4.672940017946247e-05,500,59.761699465479715,3,3,0.002662130490948578
16,7099561.889875481,3.0,3.0,0.01,3.647637747405952e-11,1.0,0.019491500999947675,10.0,0.0013480050499976581,0.0003857732630287101,3.431384811847238e-07,3.431384811847238e-07,5.714257806949891e-07,3.380608763802724e-05,3.1416367513639155e-10,0.002660971766130911,0.00010110346962728058,500,59.761699465479715,3,3,0.002662130490948578
17,7099561.889875481,3.0,3.0,0.01,5.60468849108986e-09,1.0,0.019646525000098336,9.0,0.0009468970837906987,0.00037531282952632257,4.008779797004536e-07,4.008779797004536e-07,7.651927703133511e-07,3.912014239016395e-05,3.8746923773673017e-10,0.002662341378445767,7.404095209826242e-05,500,59.761699465479715,3,3,0.002662130490948578
18,7099561.889875481,3.0,3.0,0.01,1.0052498833346135e-09,1.0,0.019128733999878023,9.0,0.0012494869133707898,0.00039791486704841134,4.870209977525519e-07,4.870209977525519e-07,8.475971963766804e-07,4.117273846555947e-05,4.6194960613640796e-10,0.002662638264639066,0.000122315296506855,500,59.761699465479715,3,3,0.002662130490948578
19,7099561.889875481,3.0,3.0,0.01,1.0202033440265268e-08,1.0,0.018533518000140248,8.0,0.00097285136861891,0.0003710385464531011,5.908782441110816e-08,5.908782441110816e-08,8.972505831925082e-08,1.3395899247101766e-05,4.8168485480055856e-11,0.0026623849128092703,5.7919867087628666e-05,500,59.761699465479715,3,3,0.002662130490948578
20,7099561.889875481,3.0,3.0,0.01,2.577684732329999e-10,1.0,0.025233159999970667,9.0,0.0010735066774538726,0.00036870177339835695,9.588779903424438e-08,9.588779903424438e-08,1.7745030490592586e-07,1.883880595504534e-05,9.237565663226514e-11,0.0026622611683726153,3.447524380167519e-05,500,59.761699465479715,3,3,0.002662130490948578
21,7099561.889875481,3.0,3.0,0.01,5.447018169846274e-09,1.0,0.019804572999873926,8.0,0.0011533111708785793,0.0003742769642378273,2.530300662328955e-07,2.530300662328955e-07,4.4727430722038994e-07,2.9909005574254384e-05,2.333743048506488e-10,0.0026630515204982344,8.634224262072433e-05,500,59.761699465479715,3,3,0.002662130490948578
22,7099561.889875481,3.0,3.0,0.01,3.384264779526802e-08,1.0,0.01937168099993869,10.0,0.0013480175337108324,0.0003881102121707672,3.014431513292948e-07,3.014431513292948e-07,5.565431219373901e-07,3.336294717009845e-05,2.9876974702046076e-10,0.0026628188494475127,3.921821936526098e-05,500,59.761699465479715,3,3,0.002662130490948578
23,7099561.889875481,3.0,3.0,0.01,1.6602059726977814e-09,1.0,0.01895426199985195,10.0,0.0010678163179338451,0.0003799583950653571,4.4061494008929003e-07,4.4061494008929003e-07,7.931389114407736e-07,3.982810343063736e-05,4.319686291104759e-10,0.0026632869501724997,6.93258397431231e-05,500,59.761699465479715,3,3,0.002662130490948578
24,7099561.889875481,3.0,3.0,0.01,3.6898499811144347e-09,1.0,0.024277380000057747,8.0,0.0012892684668491805,0.0003697347863616092,2.2130325305624865e-07,2.2130325305624865e-07,4.0119781486306477e-07,2.8326588741430366e-05,2.1643508467353658e-10,0.002661119016374047,4.386599317970206e-05,500,59.761699465479715,3,3,0.002662130490948578
25,7099561.889875481,3.0,3.0,0.01,1.5645262863017706e-11,1.0,0.018988302000252588,9.0,0.0011314822671799618,0.0003644875159247627,2.3568077267555054e-07,2.3568077267555054e-07,4.589318141087216e-07,3.029626426174427e-05,2.2405983543126373e-10,0.002663273775488227,7.272652752109806e-05,500,59.761699465479715,3,3,0.002662130490948578
26,7099561.889875481,3.0,3.0,0.01,3.2621927381626392e-09,1.0,0.019324227999959476,9.0,0.001247925613634182,0.00037559259832598154,8.187203093257267e-08,8.187203093257267e-08,1.5934544840299875e-07,1.7851915774112242e-05,7.951950835875963e-11,0.002661600921773831,3.188200944954273e-05,500,59.761699465479715,3,3,0.002662130490948578
27,7099561.889875481,3.0,3.0,0.01,4.506908179990887e-10,1.0,0.019501467000054618,9.0,0.0011862991720352767,0.0003555706998186918,3.0237129067245405e-07,3.0237129067245405e-07,5.393955906350074e-07,3.284495670982099e-05,2.828366541372616e-10,0.00266247089401927,9.08650950639475e-05,500,59.761699465479715,3,3,0.002662130490948578
28,7099561.889875481,3.0,3.0,0.01,3.1368079245197578e-09,1.0,0.01870302400016044,8.0,0.0013028255799850674,0.00039375499643532104,3.3660353437880985e-07,3.3660353437880985e-07,6.439990792283944e-07,3.5888691233545824e-05,3.092083247308511e-10,0.0026631770515290606,8.472370143750303e-05,500,59.761699465479715,3,3,0.002662130490948578
29,7099561.889875481,3.0,3.0,0.01,1.3038012669497334e-08,1.0,0.019165369000120336,8.0,0.0010210423412617686,0.00037340993090463485,9.05386059457669e-08,9.05386059457669e-08,1.6286344000539285e-07,1.8047905141893496e-05,8.819702858583111e-11,0.0026625753829257895,2.792166959484916e-05,500,59.761699465479715,3,3,0.002662130490948578
0,29790019.070729654,3.0,3.0,0.01,4.4420493949814954e-09,1.0,0.01916672200013636,8.0,0.0005806424754268846,0.00017373861692703495,5.388187673815992e-08,5.388187673815992e-08,9.698801927723765e-08,1.3927528084856814e-05,5.070436628121997e-11,0.002661986709186822,4.0106818926341756e-05,500,59.761699465479715,3,3,0.002662130490948578
1,29790019.070729654,3.0,3.0,0.01,3.949820470694476e-10,1.0,0.020463455000026443,8.0,0.000534895213959885,0.00018576864108607762,9.546783985570073e-08,9.546783985570073e-08,1.65797464970101e-07,1.820974821188371e-05,8.69255584902156e-11,0.0026625978232761426,4.347679755409117e-05,500,59.761699465479715,3,3,0.002662130490948578
2,29790019.070729654,3.0,3.0,0.01,1.0926681781597836e-10,1.0,0.019727917999716738,8.0,0.0005646207244127677,0.00018019846693742103,9.478230822423939e-08,9.478230822423939e-08,1.8149445632180583e-07,1.9052267913390566e-05,9.297416827116246e-11,0.002661518118690193,3.542606520505615e-05,500,59.761699465479715,3,3,0.002662130490948578
3,29790019.070729654,3.0,3.0,0.01,6.439735189545104e-09,1.0,0.01902718100018319,9.0,0.0005873126616785518,0.00019223070997962717,1.3817407307215035e-07,1.3817407307215035e-07,2.44178774915166e-07,2.2098813312717315e-05,1.189750433248283e-10,0.002662215982678992,7.451130091454447e-05,500,59.761699465479715,3,3,0.002662130490948578
4,29790019.070729654,3.0,3.0,0.01,5.047275930536443e-09,1.0,0.023537805999922057,10.0,0.000531894920117737,0.00018656894298362797,1.3755084182776045e-07,1.3755084182776045e-07,2.6122460574203086e-07,2.2857147929784716e-05,1.3818638599679034e-10,0.0026631536669610265,2.734736856075089e-05,500,59.761699465479715,3,3,0.002662130490948578
5,29790019.070729654,3.0,3.0,0.01,1.8376300481293129e-10,1.0,0.01905783600000177,8.0,0.0005420419486054096,0.00018662659940383154,8.823485586617608e-08,8.823485586617608e-08,1.458382670482803e-07,1.707854016292261e-05,7.899735848400517e-11,0.002661859744467654,4.473156653788581e-05,500,59.761699465479715,3,3,0.002662130490948578
6,29790019.070729654,3.0,3.0,0.01,1.2207051147683501e-08,1.0,0.01993023299996821,9.0,0.0005015954905014386,0.00018067071524332785,5.622814569505863e-08,5.622814569505863e-08,1.0272041249524454e-07,1.4333207072755527e-05,5.5866964452266275e-11,0.0026625178564338627,2.6299987263853182e-05,500,59.761699465479715,3,3,0.002662130490948578
7,29790019.070729654,3.0,3.0,0.01,9.832090697159401e-10,1.0,0.019335515999955533,9.0,0.0005727175687813002,0.0001818312817026943,8.253050509665627e-08,8.253050509665627e-08,1.4961802944883305e-07,1.7298440938352396e-05,8.297228796721974e-11,0.0026622022019259497,2.648983057387152e-05,500,59.761699465479715,3,3,0.002662130490948578
8,29790019.070729654,3.0,3.0,0.01,3.5876444037796773e-09,1.0,0.019741207999913968,8.0,0.0005670864717881585,0.00018350214074607478,5.297829375194851e-08,5.297829375194851e-08,1.0456707395627447e-07,1.4461471153120935e-05,5.102548630941564e-11,0.0026616361592478347,2.5084946704146522e-05,500,59.761699465479715,3,3,0.002662130490948578
9,29790019.070729654,3.0,3.0,0.01,4.04358102557012e-10,1.0,0.018553326999835917,8.0,0.0005811199317631299,0.00019317181564113472,1.0058738553198054e-07,1.0058738553198054e-07,1.7290785342580238e-07,1.859612074739258e-05,9.358505444660201e-11,0.002662799210107181,4.091279044667689e-05,500,59.761699465479715,3,3,0.002662130490948578
10,29790019.070729654,3.0,3.0,0.01,7.934009005339249e-11,1.0,0.02002128799995262,9.0,0.0005703228872926402,0.0001769647143143351,3.9208316593430936e-08,3.9208316593430936e-08,6.510500062671294e-08,1.141095969905362e-05,3.463130431236853e-11,0.0026622951353396157,3.1991896448723365e-05,500,59.761699465479715,3,3,0.002662130490948578
11,29790019.070729654,3.0,3.0,0.01,4.8641457528475485e-09,1.0,0.020632940000041344,7.0,0.0006008980230715055,0.00018964063719901144,9.943346412910614e-08,9.943346412910614e-08,1.738673789952533e-07,1.8647647518936717e-05,9.25801214424481e-11,0.0026622400272961005,5.1147704544790994e-05,500,59.761699465479715,3,3,0.002662130490948578
12,29790019.070729654,3.0,3.0,0.01,2.780786712008876e-10,1.0,0.019343488000004072,9.0,0.0005142829224864531,0.000175291238574848,6.012578523950651e-08,6.012578523950651e-08,1.0342018139561894e-07,1.4381945723414404e-05,5.910808297244386e-11,0.002662384048137256,2.4850041886958895e-05,500,59.761699465479715,3,3,0.002662130490948578
13,29790019.070729654,3.0,3.0,0.01,1.1021399570765311e-08,1.0,0.018814480999935768,9.0,0.000558525190118897,0.00018306861672053395,1.8602122509037144e-08,1.8602122509037144e-08,3.17198708683536e-08,7.96490688813794e-06,1.7466444643300787e-11,0.002662044080247311,2.0791714806416997e-05,500,59.761699465479715,3,3,0.002662130490948578
14,29790019.070729654,3.0,3.0,0.01,5.739320574349449e-09,1.0,0.01888813300001857,9.0,0.0005951849855960756,0.0001811830514919199,4.4752368921763264e-08,4.4752368921763264e-08,8.747196603045207e-08,1.3226637216651257e-05,4.330949436263785e-11,0.002661643148760943,2.6766481110640623e-05,500,59.761699465479715,3,3,0.002662130490948578
15,29790019.070729654,3.0,3.0,0.01,2.5489479416052063e-09,1.0,0.024499194000327407,9.0,0.0006226870990813094,0.00018839905076436058,7.634594112460036e-08,7.634594112460036e-08,1.453291485345841e-07,1.7048703677088417e-05,7.122186255967125e-11,0.0026624771682074947,4.3005284874981744e-05,500,59.761699465479715,3,3,0.002662130490948578
16,29790019.070729654,3.0,3.0,0.01,2.232874329877177e-09,1.0,0.019959084999982224,9.0,0.0007201353471363303,0.00018442135657026394,5.697097549273167e-08,5.697097549273167e-08,1.0005792901392402e-07,1.4146231230537979e-05,5.350479309584788e-11,0.0026621794660990766,4.0416996548294874e-05,500,59.761699465479715,3,3,0.002662130490948578
17,29790019.070729654,3.0,3.0,0.01,1.0005391404277475e-08,1.0,0.02092679199995473,9.0,0.0006224770758458398,0.00017868020784335623,3.0787305149715394e-08,3.0787305149715394e-08,5.133264951386335e-08,1.0132388614128787e-05,2.581090618483712e-11,0.0026619002201695107,3.51623066235192e-05,500,59.761699465479715,3,3,0.002662130490948578
18,29790019.070729654,3.0,3.0,0.01,1.661513682194027e-08,1.0,0.019025479999982053,9.0,0.0006515234877878529,0.0001840840542235036,5.8922296375385486e-08,5.8922296375385486e-08,1.1017966708524178e-07,1.4844505184427116e-05,5.853609273201279e-11,0.0026615092005270362,2.3723967998382812e-05,500,59.761699465479715,3,3,0.002662130490948578
19,29790019.070729654,3.0,3.0,0.01,9.927041633162048e-09,1.0,0.02073184900018532,8.0,0.0005701244410839523,0.0001839134719965253,4.8461970436619595e-08,4.8461970436619595e-08,9.423180300199269e-08,1.372820476260408e-05,4.661421174040615e-11,0.002661707966179333,3.892556763766409e-05,500,59.761699465479715,3,3,0.002662130490948578
20,29790019.070729654,3.0,3.0,0.01,4.197724168264472e-09,1.0,0.022954156000196235,9.0,0.0005636479268156247,0.00017998177201392334,6.610594027733896e-08,6.610594027733896e-08,1.1482961256988492e-07,1.5154511709051198e-05,6.129869140417692e-11,0.0026615503566434174,4.586678479748084e-05,500,59.761699465479715,3,3,0.002662130490948578
21,29790019.070729654,3.0,3.0,0.01,1.19687593169715e-10,1.0,0.01980858999991142,9.0,0.0006333020599307293,0.0001778870284351251,5.040305950387847e-08,5.040305950387847e-08,9.632206953662332e-08,1.38796303651519e-05,4.6125015931943636e-11,0.002662279366040554,4.717936143873114e-05,500,59.761699465479715,3,3,0.002662130490948578
22,29790019.070729654,3.0,3.0,0.01,1.378803693441455e-08,1.0,0.022146490000068297,10.0,0.0006106318350694862,0.00018676074156902906,6.866616786282975e-08,6.866616786282975e-08,1.2244127124333005e-07,1.5648723350058308e-05,6.370114990133783e-11,0.0026623395300546067,3.622525603111784e-05,500,59.761699465479715,3,3,0.002662130490948578
23,29790019.070729654,3.0,3.0,0.01,1.1902625551840629e-09,1.0,0.019403308000164543,9.0,0.0005606457900346751,0.0001709646759225792,5.6180851970566437e-08,5.6180851970566437e-08,1.0690983596757252e-07,1.4622574052988928e-05,5.6100983428720885e-11,0.002662319423423207,3.136386366549476e-05,500,59.761699465479715,3,3,0.002662130490948578
24,29790019.070729654,3.0,3.0,0.01,3.46004114248899e-10,1.0,0.020713570999987496,6.0,0.0006263717490202492,0.00017205019835075843,9.10424660105491e-08,9.10424660105491e-08,1.7266302664933583e-07,1.8582950607981274e-05,9.063237799918824e-11,0.0026612956668155734,3.1109195293061395e-05,500,59.761699465479715,3,3,0.002662130490948578
25,29790019.070729654,3.0,3.0,0.01,1.3021977718352673e-08,1.0,0.019747155999993993,6.0,0.0007131076147086635,0.00017860206492595313,4.182402335572988e-08,4.182402335572988e-08,8.340919948641078e-08,1.2915819717417148e-05,4.146279788553479e-11,0.002661972678148378,2.9274415755769453e-05,500,59.761699465479715,3,3,0.002662130490948578
26,29790019.070729654,3.0,3.0,0.01,2.0800028366352308e-10,1.0,0.018638707000036447,8.0,0.0007694220887967118,0.00018889581063153592,8.890515346138272e-08,8.890515346138272e-08,1.628155299916464e-07,1.8045250344156847e-05,8.190721734766402e-11,0.002662133085151906,5.934510920159797e-05,500,59.761699465479715,3,3,0.002662130490948578
27,29790019.070729654,3.0,3.0,0.01,3.9600323020749784e-10,1.0,0.01917464400003155,6.0,0.0006623005153691963,0.00017428262820444844,9.311293069913518e-08,9.311293069913518e-08,1.8066955836361454e-07,1.9008922029595183e-05,8.936544462144495e-11,0.002662654205831202,4.1572693209900155e-05,500,59.761699465479715,3,3,0.002662130490948578
28,29790019.070729654,3.0,3.0,0.01,1.958528450529684e-09,1.0,0.021050227999921844,8.0,0.0006337998344287943,0.00018647068665461172,3.15983470500214e-08,3.15983470500214e-08,6.146666491180694e-08,1.1087530375318656e-05,3.150030987988104e-11,0.002662654683837698,1.706764938553828e-05,500,59.761699465479715,3,3,0.002662130490948578
29,29790019.070729654,3.0,3.0,0.01,1.643212010904449e-09,1.0,0.0202527370001917,9.0,0.0006027399296534286,0.00018418050836640804,3.29052909364691e-08,3.29052909364691e-08,6.348966966989614e-08,1.1268510963733951e-05,3.158398123182998e-11,0.002662346364756098,2.3840465753305212e-05,500,59.761699465479715,3,3,0.002662130490948578
0,125000000.0,3.0,3.0,0.01,6.705869193268654e-10,1.0,0.020099697999967248,8.0,0.00028578391448441653,8.491983027779383e-05,2.4313976609846577e-08,2.4313976609846577e-08,4.433702003480329e-08,9.416689443196402e-06,2.108745623677192e-11,0.002662356297493005,2.8599535134191522e-05,500,59.761699465479715,3,3,0.002662130490948578
1,125000000.0,3.0,3.0,0.01,1.4060703934504204e-08,1.0,0.020439360000182205,8.0,0.0002921277886080986,8.973217957106075e-05,3.3588776204851456e-08,3.3588776204851456e-08,5.921171316509975e-08,1.0882252815028674e-05,3.0857899927646266e-11,0.00266250689711917,3.048072934870097e-05,500,59.761699465479715,3,3,0.002662130490948578
2,125000000.0,3.0,3.0,0.01,1.2687021655466424e-08,1.0,0.01979462699978285,7.0,0.0003052402423616707,8.930906257317336e-05,7.2882357926573604e-09,7.2882357926573604e-09,1.439831173560988e-08,5.366248547283266e-06,7.110578816413474e-12,0.002662092713464529,1.1843499921545502e-05,500,59.761699465479715,3,3,0.002662130490948578
3,125000000.0,3.0,3.0,0.01,1.0219092461127843e-08,1.0,0.019595056999833105,7.0,0.0003040915603482741,9.223027059402579e-05,1.561625140311662e-08,1.561625140311662e-08,3.004373913876533e-08,7.751611334266617e-06,1.4915367782455887e-11,0.0026622600848866893,1.6584564507731388e-05,500,59.761699465479715,3,3,0.002662130490948578
4,125000000.0,3.0,3.0,0.01,1.6333478125574175e-08,1.0,0.021525333999761642,8.0,0.0003016409517772045,8.573153433097234e-05,2.3046368369250558e-08,2.3046368369250558e-08,4.006869200882356e-08,8.951948615672855e-06,2.208964193271186e-11,0.0026621878873358193,1.7216432681089405e-05,500,59.761699465479715,3,3,0.002662130490948578
5,125000000.0,3.0,3.0,0.01,2.5396651448517105e-09,1.0,0.01863639300017894,9.0,0.00027531218889098596,8.692219613155408e-05,9.502628017798997e-09,9.502628017798997e-09,1.8322834880673534e-08,6.053566697521972e-06,9.082872696855437e-12,0.0026619739442862076,1.516665365929592e-05,500,59.761699465479715,3,3,0.002662130490948578
6,125000000.0,3.0,3.0,0.01,5.169008554517518e-09,1.0,0.02000915099984013,9.0,0.000269782203802027,8.984675604499044e-05,1.815305950003676e-08,1.815305950003676e-08,3.259112205046806e-08,8.07355213650944e-06,1.7573746749789783e-11,0.002661798817179307,1.7216215797648278e-05,500,59.761699465479715,3,3,0.002662130490948578
7,125000000.0,3.0,3.0,0.01,5.096855826280944e-09,1.0,0.019605212000215033,8.0,0.0002841301117246786,8.794373384193762e-05,5.026322469348088e-09,5.026322469348088e-09,9.802548977733519e-09,4.42776444218378e-06,4.898965828778827e-12,0.0026619471774059597,1.015335045739313e-05,500,59.761699465479715,3,3,0.002662130490948578
8,125000000.0,3.0,3.0,0.01,3.141297444386737e-09,1.0,0.019077907999871968,8.0,0.00033398972491027745,9.752574223738956e-05,3.49580204783706e-08,3.49580204783706e-08,6.455700703474612e-08,1.136283477260372e-05,3.47943555060794e-11,0.0026625913862890213,1.7061150322134675e-05,500,59.761699465479715,3,3,0.002662130490948578
9,125000000.0,3.0,3.0,0.01,4.3774841529398145e-09,1.0,0.02063392099989869,7.0,0.00029243933501166275,8.622537632975345e-05,1.2122427506255917e-08,1.2122427506255917e-08,2.3594755572067572e-08,6.86946221651558e-06,1.2144129509252205e-11,0.0026621251080272508,1.5330071780779594e-05,500,59.761699465479715,3,3,0.002662130490948578
10,125000000.0,3.0,3.0,0.01,1.6942212521797728e-08,1.0,0.019982389999995576,8.0,0.00033772076207472246,8.804664123207806e-05,1.6684452930348925e-08,1.6684452930348925e-08,2.8703548363773577e-08,7.576747107271508e-06,1.4768809258694554e-11,0.0026618679619350473,2.5192804392292415e-05,500,59.761699465479715,3,3,0.002662130490948578
11,125000000.0,3.0,3.0,0.01,8.24231816132226e-09,1.0,0.018416690999856655,6.0,0.0002784850103325631,8.975838328965748e-05,2.2865151549922302e-08,2.2865151549922302e-08,4.0176828270002453e-08,8.964020110419482e-06,2.1506346476388313e-11,0.0026621946589514976,2.368617475970392e-05,500,59.761699465479715,3,3,0.002662130490948578
12,125000000.0,3.0,3.0,0.01,1.8380941213536062e-09,1.0,0.020575373999918156,9.0,0.00029954312782398684,8.757399086675869e-05,9.235691322828643e-09,9.235691322828643e-09,1.603972226619993e-08,5.663871867583152e-06,9.032825933693192e-12,0.0026621230948861603,1.3216335839840702e-05,500,59.761699465479715,3,3,0.002662130490948578
13,125000000.0,3.0,3.0,0.01,2.164958234907033e-08,1.0,0.020545056999935696,7.0,0.0002800098625944658,9.08056120530608e-05,1.5069190340000205e-08,1.5069190340000205e-08,2.9582951134962632e-08,7.691937484790505e-06,1.5043028660355583e-11,0.002661966248998641,1.5239160726058438e-05,500,59.761699465479715,3,3,0.002662130490948578
14,125000000.0,3.0,3.0,0.01,1.9773009229950844e-08,1.0,0.019486023000126806,6.0,0.0003290198368481878,8.943692817352089e-05,1.2409373084665276e-08,1.2409373084665276e-08,2.2909522618846365e-08,6.768976675812433e-06,1.239520673528648e-11,0.002661926766912448,1.1995501413025415e-05,500,59.761699465479715,3,3,0.002662130490948578
15,125000000.0,3.0,3.0,0.01,3.644527568624767e-09,1.0,0.01972625500002323,9.0,0.0002641493688873009,8.57972221301194e-05,1.6319518181262538e-08,1.6319518181262538e-08,3.127169213555234e-08,7.90843753665063e-06,1.5352232609071574e-11,0.0026618949347984424,1.9243011556839e-05,500,59.761699465479715,3,3,0.002662130490948578
16,125000000.0,3.0,3.0,0.01,4.252806995452829e-09,1.0,0.021306324000079258,8.0,0.0003273905537193311,9.160584886436118e-05,2.1147343431948684e-08,2.1147343431948684e-08,3.7242667164874104e-08,8.630488649534753e-06,1.86500301401729e-11,0.0026623923206532053,2.333263971619241e-05,500,59.761699465479715,3,3,0.002662130490948578
17,125000000.0,3.0,3.0,0.01,2.5934436820307383e-09,1.0,0.018878075999964494,7.0,0.00038975042049571584,9.216559478505e-05,2.4925157049437985e-08,2.4925157049437985e-08,3.610572991977151e-08,8.497732629327839e-06,2.0091953120789283e-11,0.002662077621274201,4.042673109349275e-05,500,59.761699465479715,3,3,0.002662130490948578
18,125000000.0,3.0,3.0,0.01,1.4575252338389078e-08,1.0,0.01909816900001715,7.0,0.0002857562941991354,8.624122590015174e-05,3.639047463366296e-08,3.639047463366296e-08,6.785917860682074e-08,1.1649822196653539e-05,3.516148294302079e-11,0.002661880320058075,2.6038807053941387e-05,500,59.761699465479715,3,3,0.002662130490948578
19,125000000.0,3.0,3.0,0.01,1.9526749106546504e-09,1.0,0.022120942000128707,9.0,0.000277402031318541,8.866356027862974e-05,7.849394023651257e-09,7.849394023651257e-09,1.488919993575621e-08,5.456958848251691e-06,7.81197351435174e-12,0.0026619419106905335,8.124420433060835e-06,500,59.761699465479715,3,3,0.002662130490948578
20,125000000.0,3.0,3.0,0.01,1.1799989874106132e-09,1.0,0.0241399540002476,8.0,0.0002734513868256627,8.602450707849522e-05,2.0859033611486666e-08,2.0859033611486666e-08,3.991460783201275e-08,8.934719674619092e-06,2.0893465748758457e-11,0.002661868125150236,1.8019990231850857e-05,500,59.761699465479715,3,3,0.002662130490948578
21,125000000.0,3.0,3.0,0.01,6.583269485105347e-10,1.0,0.020535532999929274,8.0,0.0003197719625100959,8.714615243995497e-05,2.9328930395422503e-09,2.9328930395422503e-09,4.989952740378094e-09,3.1590988399789245e-06,2.5411645831640136e-12,0.00266221461994203,9.627226926853146e-06,500,59.761699465479715,3,3,0.002662130490948578
22,125000000.0,3.0,3.0,0.01,4.17556078602388e-09,1.0,0.021813258999827667,6.0,0.0002663281705075349,9.436406524789131e-05,1.1733163773897104e-08,1.1733163773897104e-08,2.281311730583014e-08,6.754719432490167e-06,1.1042277626029061e-11,0.002662303725587985,1.5177161800556169e-05,500,59.761699465479715,3,3,0.002662130490948578
23,125000000.0,3.0,3.0,0.01,3.55689255826519e-10,1.0,0.02143735200024821,8.0,0.00026301672632700335,9.019450572193767e-05,1.0606754585751332e-08,1.0606754585751332e-08,1.752128769842247e-08,5.91967696727152e-06,8.932305997129161e-12,0.0026619641628254746,2.01761913980974e-05,500,59.761699465479715,3,3,0.002662130490948578
24,125000000.0,3.0,3.0,0.01,1.5062520120068257e-09,1.0,0.020252547999916715,10.0,0.0002564140677648874,8.859434940762587e-05,3.1339595807367004e-08,3.1339595807367004e-08,5.128956978737408e-08,1.0128136036544343e-05,3.0237831496958834e-11,0.0026621348200662467,2.0410767979225884e-05,500,59.761699465479715,3,3,0.002662130490948578
25,125000000.0,3.0,3.0,0.01,1.965432261386013e-10,1.0,0.019300033000263284,8.0,0.00029264484815993974,9.36160366057526e-05,9.559471436659805e-09,9.559471436659805e-09,1.6839784489425134e-08,5.803410116375567e-06,8.700589994899964e-12,0.002661926485657058,1.1842975581759411e-05,500,59.761699465479715,3,3,0.002662130490948578
26,125000000.0,3.0,3.0,0.01,5.681083381503527e-09,1.0,0.01832650599999397,8.0,0.00026271174519498786,8.648054391716611e-05,1.2199734555906616e-08,1.2199734555906616e-08,2.0652780819600147e-08,6.426940301512088e-06,1.0247371535358696e-11,0.0026620324621797484,2.118665175850264e-05,500,59.761699465479715,3,3,0.002662130490948578
27,125000000.0,3.0,3.0,0.01,3.7388603324473024e-10,1.0,0.019302176999872245,8.0,0.0003671424600899531,9.230778354154593e-05,2.4227801986853592e-08,2.4227801986853592e-08,4.411932380966873e-08,9.393542868339797e-06,2.3114144776196198e-11,0.002662247610396725,2.847048279532311e-05,500,59.761699465479715,3,3,0.002662130490948578
28,125000000.0,3.0,3.0,0.01,1.0654819249111824e-09,1.0,0.02188691999981529,9.0,0.0002731161327411691,8.93576076913414e-05,3.923196345567703e-08,3.923196345567703e-08,7.157558698543718e-08,1.1964579974695073e-05,3.7689566808997886e-11,0.0026624539629199243,2.0013722645048025e-05,500,59.761699465479715,3,3,0.002662130490948578
29,125000000.0,3.0,3.0,0.01,1.5105170447782257e-09,1.0,0.019883320999952048,9.0,0.00030954672147109896,8.892221265937305e-05,2.7491523724165745e-08,2.7491523724165745e-08,4.84756474069544e-08,9.846384860135663e-06,2.5139193477793467e-11,0.0026623370406229684,1.6934072537380732e-05,500,59.761699465479715,3,3,0.002662130490948578
